:020000040800F2
:100000000000022045AB00089D4E00089F4E0008EE
:10001000A14E0008A34E0008A54E000800000000F5
:1000200000000000000000000000000051A20008D5
:10003000A74E000800000000F1A20008879B0008FE
:1000400095AB000895AB000895AB000895AB000890
:1000500095AB000895AB000895AB000895AB000880
:1000600095AB000895AB000895AB000895AB000870
:10007000A94E000895AB0008B94E000895AB0008E2
:1000800095AB000895AB000895AB000895AB000850
:1000900095AB000895AB000895AB000895AB000840
:1000A00095AB000895AB000895AB000895AB000830
:1000B000C94E000895AB000895AB000895AB000849
:1000C00095AB000895AB000895AB000895AB000810
:1000D00095AB000895AB000895AB0008D94E000819
:1000E00095AB000895AB000895AB000895AB0008F0
:1000F00095AB0008F14E000895AB000895AB0008E1
:1001000095AB000895AB000895AB000895AB0008CF
:1001100095AB000895AB0008014F000895AB0008AF
:1001200095AB000895AB000895AB000895AB0008AF
:1001300095AB000895AB000895AB000895AB00089F
:1001400095AB000895AB000895AB000895AB00088F
:1001500095AB000895AB000895AB000895AB00087F
:1001600095AB000895AB000895AB000895AB00086F
:1001700095AB000895AB000895AB000800000000A7
:0801800095AB000895AB0008E7
:1001C0000348044B834202D0034B03B118477047E6
:1001D000A8020020A8020020000000000548064BED
:1001E0001B1AD90F01EBA301491002D0034B03B135
:1001F00018477047A8020020A80200200000000055
:1002000010B5064C237843B9FFF7DAFF044B13B15E
:100210000448AFF300800123237010BDA802002022
:100220000000000098AB000808B5044B1BB104495E
:100230000448AFF30080BDE80840CFE700000000AD
:10024000AC02002098AB000870B50F4B0F4DAB42CD
:10025000A3EB050607D0B610002455F8043B013483
:100260009847A642F9D80AF097FC094D094B5E1B46
:10027000AB424FEAA60606D0002455F8043B0134F1
:100280009847A642F9D870BD8CB200088CB200081D
:100290008CB2000890B20008830730B547D0541ED6
:1002A000002A3ED0CAB2034601E0013C39D303F82C
:1002B000012B9D07F9D1032C2CD9CDB205EB0525D7
:1002C0000F2C05EB054535D9A4F1100222F00F0CD7
:1002D00003F1100EE6444FEA121C1A46C2E900551B
:1002E000C2E9025510327245F8D10CF1010214F046
:1002F0000C0F03EB021204F00F0C13D0ACF104034B
:1003000023F003030433134442F8045B9342FBD10C
:100310000CF003042CB1C9B21C4403F8011BA34226
:10032000FBD130BD64461346002CF4D1F9E70346F7
:100330001446C0E71A46A446E0E700BF014B186820
:10034000704700BF000000202DE9F04755EC104B2E
:1003500084B0002D0D9E894692463DDB0027652E18
:100360001F7035D03DDC452E32D0462E5AD10321A8
:1003700003AB019302AB009345EC104B0C9B4A4638
:1003800000F0D0FB074626F02003462B07EB0908B8
:1003900005D13B78302B39D00C9B1B689844204604
:1003A00029460022002304F0DBFA002838D1039B01
:1003B000984506D930215A1C03921970039B434576
:1003C000F9D30E9ADB1B3846136004B0BDE8F08702
:1003D00009F101090221CBE705F100422D2715465D
:1003E000BDE7662EC3D003AB019302AB009345EC8F
:1003F000104B0C9B4A46022100F094FB672E0746E7
:10040000C1D11AF0010F1ED1039BDAE700220023AD
:100410002046294604F0A4FAC0B10C9B1B689844FE
:100420004346CEE703AB019302AB009345EC104B80
:100430000C9B4A46022100F075FB472E0746A2D1CD
:100440001AF0010FE0D007EB0908A8E70C9AC9F1F0
:1004500001031360A2E700BF70B50029BABF49428B
:100460002D232B23092982B0027043702BDD0DF15F
:100470000704194DA446A5FB0123DB0803EB830207
:10048000A1EB42028E463032BEF1630F66460CF895
:10049000012C19460CF1FF3CEDDCB31E3031A342B8
:1004A0000CF8011C00F102050AD2421C13F8011BD2
:1004B00002F8011FA342F9D10DF109039B1B1D4452
:1004C000281A02B070BD30231944051D8370C17015
:1004D000281A02B070BD00BFCDCCCCCC2DE9F04FB6
:1004E0008DB00C46DDF8588016461F46054602F0D2
:1004F00079FC03680693184602F022FF00230A9352
:10050000D8F800300790073323F0070303F10802FF
:10051000D4F800A094F818B0C8F8002093ED007B40
:100520008DED047B9DED047B53EC172B904623F05F
:10053000004984ED127B9F4B4FF0FF324046494605
:1005400004F040FA40B99B4B404649464FF0FF3219
:1005500004F01AFA002871D0DDE9040102460B46C6
:1005600004F030FA002840F0298261684B1C4AF4FC
:1005700080620BF0DF0832D0B8F1470F00F0228123
:100580000023226003930AAB029309AB00939DED15
:10059000040BCDF804B00DF123032846FFF7D4FE79
:1005A0008146BBF1650F099937D9BBF1660F00F0A1
:1005B00028810A9B8B4240F32F810029D4BFC1F1CF
:1005C0000202012213442361A1654FF0000A9DF845
:1005D0002330002B4AD02D2384F8433046E00621F7
:1005E00000232260CDF804B0616003930AAB02934C
:1005F00009AB00939DED040B0DF123032846FFF793
:10060000A3FEB8F1470F8146CBD10999C81C80F2EF
:10061000F180ABF1020B5FFA8BFB01395A4604F112
:1006200050000991FFF718FF0A9A1318012A824611
:10063000236140F3378101332361C8E7DDE9040119
:100640000022002304F096F910B12D2384F84330E2
:100650002AF00402584B2260584ABBF1470F8CBF66
:1006600091469946032323614FF0000A00973346D1
:100670000BAA2146284601F057FA013023D02368FF
:1006800058052BD423694A4631462846B8470130DD
:1006900019D02268E0680B9B920719D5984217DDA4
:1006A0004FF0000804F1190904E0E0680B9BC21A3E
:1006B00042450DDD01234A4631462846B847013000
:1006C00008F10108F1D14FF0FF300DB0BDE8F08F17
:1006D0009842B8BF18460DB0BDE8F08FBBF1650F6A
:1006E00033D9D4E912010022002304F039F900289B
:1006F00000F09A80324A012331462846B84701303B
:10070000E1D0DDE9093A534502DB2268D107C1D5C2
:10071000DDE9062331462846B8470130D3D0BAF187
:10072000010FB6DD0AF1FF3A4FF0000904F11A0893
:1007300001E0D145ADD00123424631462846B847B5
:10074000013009F10109F4D1BDE7DDF82880B8F1E5
:10075000010F40F3988001234A4631462846B847A6
:100760000130B0D0DDE9062331462846B8470130D4
:10077000A9D0D4E912010022002308F1FF3B04F0C4
:10078000EFF8002800F09380B8F1010F40F3868065
:100790004FF0000904F11A0801E0D9457ED0012389
:1007A000424631462846B847013009F10109F4D1E3
:1007B00089E700BFFFFFEF7F70AE000874AE00084E
:1007C00080AE000809B90121616000232260039313
:1007D0000AAB029309AB00939DED040BCDF804B076
:1007E0000DF123032846FFF7AFFD09998146C81C88
:1007F000FFF60FAF636899423FF70BAF4FF0670BFF
:10080000D7E60029636856DD2161002B00F0858062
:1008100001330B442361D7E623682161DB077FF5B1
:10082000D3AE4B1C2361CFE6099B002B4ADD0A9B0C
:10083000D4F858B004935B45A8BF5B46002B98469C
:1008400008DD4A4631462846B84701303FF43BAF01
:10085000D4F858B028EAE87293456BDD4FF0000AEF
:1008600004F11A08934604E0A36DA3EB0B02524572
:100870005FDD0123424631462846B84701300AF180
:10088000010AF1D11FE7D9073FF565AF4A460123B9
:1008900031462846B84701303FF415AF534604F1BE
:1008A0005002F1E62268D2077FF591AEC3E65B46BF
:1008B00009F10102ECE7002B34D12268D20731D4D0
:1008C000012380E6494A012331462846B8470130D2
:1008D0003FF4F9AEDDE9093A5AEA030324D0DDE931
:1008E000062331462846B84701303FF4ECAE099B59
:1008F000002B78DA4FF0000B04F11A0803E0099B93
:100900005B425B456FDD0123424631462846B847CE
:1009100001300BF1010BF2D1D5E62268D0077FF54B
:1009200053AE75E702334EE62268D3077FF5B2AEC9
:10093000D5E79B46099B049A9A4202DC2268D007BD
:1009400008D5DDE9062331462846B84701303FF493
:10095000BAAE099B049AA2EB0B0AD31A9A45A8BF18
:100960009A46BAF1000F0BDD09EB0B0253463146F4
:100970002846B84701303FF4A6AE099B049AD31A23
:100980002AEAEA7A53457FF784AEDDF810B04FF0DB
:10099000000904F11A0807E0099BABEB0303A3EB82
:1009A0000A034B457FF775AE012342463146284680
:1009B000B847013009F10109EED184E6059B0C4AE4
:1009C000002BBCBF2D2384F843302AF0040323609E
:1009D000084BBBF1470F8CBF914699460323236117
:1009E0004FF0000A42E653464A464DE680AE000804
:1009F0007CAE000878AE00082DE9F04F03690C6961
:100A0000A34283B0C0F28A80013C01F1140500F1D9
:100A1000140855F8243058F8242001339A428E46A1
:100A200081464FEA840105EB840708EB840AB2FB98
:100A3000F3F63AD3CDE900150022AC464046134602
:100A40005CF8041B05681FFA81FB06FB0B22090CEE
:100A50004FEA124B06FB01BB92B2A9B2891A1944A4
:100A60001FFA8BF3C3EB214303EB154389B241EA31
:100A70000341674540F8041B4FEA1B424FEA2343FA
:100A8000DED2DDE9001558F8013073B9AAF1040A85
:100A9000D04504D307E0D04504F1FF3403D25AF81F
:100AA0000439002BF7D0C9F810407146484601F0D0
:100AB0001DFF00282EDB4146002255F8040BD1F81B
:100AC00000C01FFA80FE1FFA8CF3A3EB0E03134441
:100AD000020CC2EB234202EB1C429BB243EA0243EC
:100AE000AF4241F8043B4FEA2242E6D258F82420B4
:100AF00008EB84036AB9043B434504D807E09845F2
:100B000004F1FF3403D253F80429002AF7D0C9F8BE
:100B100010400136304603B0BDE8F08F002003B02E
:100B2000BDE8F08F2DE9F04FC5699DB08DED060B46
:100B3000269C049057EC106B02910B920993002DA8
:100B400000F0B183296851B16A684A60012393407B
:100B50008B6001F0FDFB049BDB6900221A60B7F19A
:100B60000009B4BF012300232360774BBCBF29F0E9
:100B70000049CDF81C9033EA090300F0AC809DEDEC
:100B8000067B002251EC170B00238DED007B03F058
:100B9000E7FE804668B1099A01231360279B13B1D1
:100BA000279A6A4B13606A4B059305981DB0BDE800
:100BB000F08F9DED000B04981AAA1BA902F004F80F
:100BC0005FEA1955824640F09C80DDE91A8545446C
:100BD00005F23243202B40F39B83C3F1400309FA13
:100BE00003F905F2124326FA03F349EA030003F07E
:100BF000D5FB0123013DA1F1F8711293554B002261
:100C000003F08EFA4AA3D3E9002303F041FC4AA380
:100C1000D3E9002303F086FA064628460F4603F080
:100C2000CDFB47A3D3E9002303F032FC02460B4679
:100C30003046394603F076FA06460F4603F0D8FEF2
:100C400000220446089000233046394603F092FE05
:100C5000002840F03683089CA8EB0508162C08F104
:100C6000FF3B00F214833C4B03EBC403D3E90023A6
:100C7000DDE9000103F07EFE002873D0631E0893B7
:100C8000BBF1000F4FF000031193C0F20683002365
:100C90000C93089B002B6BDA089B0C9A0D93D21ACD
:100CA0000C925A4200230893029B1092092B67D89A
:100CB000052BC4BF043B0293029BA3F10203CCBFEC
:100CC00000250125032B00F24986DFE813F07C04A0
:100CD000790470045204099AC9F3130942F20F739C
:100CE00059EA060913601CD1279B002B00F02D86C2
:100CF0001A4B05930833279A059813601DB0BDE879
:100D0000F08FDDE90012C2F31303084643F07F5170
:100D1000CDF84880A5F2FF35DDF8688041F4401138
:100D20006CE7279B002B40F000840D4B05933CE7BC
:100D300061436F63A787D23FB3C8608B288AC63FE1
:100D4000FB799F501344D33F0000F07F81AE000831
:100D500080AE00080000F83FC0AB000884AE000879
:100D600090AE0008B8F1000F40F3AF8411900C90E2
:100D7000089B0D939B4400231093029B092B97D94A
:100D800000234FF0FF32CDE90A23012502930E958F
:100D9000049BDB69002159600A9B1393049801F0BE
:100DA00097FA0590002800F0E285049B059ADB691C
:100DB0001A600A9B0E2B00F20D81002D00F00A81B3
:100DC0000D99002940F35184AE4B01F00F0203EB63
:100DD000C203C805D3E900894FEA211540F1158403
:100DE000A94BDDE90001D3E9082303F07BFCCDE941
:100DF000140105F00F0503277DB1A34EE90708D5BF
:100E000040464946D6E9002303F042FB01378046BD
:100E100089466D1006F10806F0D142464B46DDE9E1
:100E2000140103F05FFC80468946119B43B1974B48
:100E300000224046494603F09DFD002840F01785FA
:100E4000384603F0BBFA42464B4603F021FB904B79
:100E5000002203F067F9A1F15073CDE91401159355
:100E60000A9B002B00F09D800D9B19930A9B189301
:100E70004946404603F0BCFD189A824B03EBC2037F
:100E800013ED027B05468DED167B03F097FA0B46BA
:100E900002464946404603F043F9059F0E9B303514
:100EA0007E1CECB2804689463546002B00F07284E9
:100EB000DDE916237749002003F014FCDDE9142353
:100EC00003F02EF93C7042464B4604460D4603F0B3
:100ED0006FFD002840F0BF84CDF858B0CDF850A089
:100EE000AB460027189DA2462AE00137AF4280F2A8
:100EF0000685694B50465946002203F0C9FA664BF5
:100F0000002282468B464046494603F0C1FA894694
:100F1000804603F06DFD044603F050FA02460B468E
:100F20004046494603F0FCF8303406F8014B52467F
:100F30005B468046894603F01DFD002840F0DC84B6
:100F400042464B465149002003F0EAF852465B46C0
:100F500003F010FD0028C8D0199BDDF850A0059AB9
:100F6000374603F1010802E0974200F0A6843E46AE
:100F700017F8013D392BF7D00133DBB23B70454602
:100F800074E1384603F01AFA42464B4603F080FA01
:100F90003F4B002203F0C6F8A1F15073CDE91401D4
:100FA00015933E4B00224046494603F0B9F8DDE96F
:100FB000144522462B4606460F4603F0F9FC00284E
:100FC00040F08A8430463946224605F1004303F05A
:100FD000D1FC28BB1B9B002BC0F292800D9A0E2ADD
:100FE00000F38E80274B0D9A03EBC20393ED007B39
:100FF0000B9B002B8DED027B19DA0A9B002B16DC74
:101000000ED1264B0022DDE9020103F041FA02462F
:101010000B46DDE9000103F0B7FC002800F05C841A
:101020000023059E00931F460B9BDD4344E2059B76
:101030005D1CDDE90278DDE900013A46434603F034
:1010400051FB03F0D5FC064603F0B8F93A46434697
:1010500003F01EFA02460B46DDE9000103F060F8DA
:10106000059A06F1300313700A9B012B2F4600F0FE
:1010700037830125CDF800A0A846DDE902AB9946EB
:101080002CE000BFC0AB0008B0AC00080000F03F8F
:1010900000001C400000E03F00002440000014401D
:1010A00052465B462046294603F01CFB03F0A0FC99
:1010B000064603F083F952465B4603F0E9F908F16E
:1010C00001080B4602462946204603F029F806F19E
:1010D0003003C84507F8013B00F000838F4B002226
:1010E00003F0D6F90022002304460D4603F038FC35
:1010F0000028D5D00D9DDDF800A001353E46B5E0B5
:101100000E9A002A40F0F1800023109E0C9D0E9351
:101110001F4665B1BBF1000F09DD5D450C9A2B46FA
:10112000A8BF5B46D21A0C92ED1AABEB030B109BD7
:1011300053B10E9B13B1002E40F00B835146109A11
:10114000049801F0EFFA82460498012101F01EFA9A
:10115000089B0090002B40F0D381029B012B40F3B1
:10116000E9810120584410F01F0000F0B780C0F161
:101170002003042B40F3F8810C9BC0F11C000344B6
:101180000C93054483440C9B002B05DD51460498C9
:101190001A4601F037FB8246BBF1000F05DD0099CE
:1011A00004985A4601F02EFB0090119B002B40F052
:1011B0008C810A9B002B40F364810E9B002B40F036
:1011C000BC800D9D0135DDF81480009CDDF828B051
:1011D000DDF81090012607E0514600230A22484618
:1011E00001F0DAF80136824621465046FFF704FC4A
:1011F000B34500F1300008F8010BEDDC0A9B002B31
:10120000C8BF1E46059BD8BF0126814603EB060BCF
:10121000002451460122049801F0F4FA0099824614
:1012200001F064FB002840F30382059A02E0934535
:1012300000F016825E460BF1FF3B16F8013C392B9D
:10124000F5D001338BF80030DDF81080009940466E
:1012500001F07EF857B12CB1BC4203D02146404684
:1012600001F076F80498394601F072F80498514676
:1012700001F06EF800233370099B1D60279B002B43
:101280003FF493AC05981E601DB0BDE8F08F0123BC
:10129000BBF1000F1193BFF6FAACC8F101030C9338
:1012A0004FF0000BF5E4102000F02EFC049B0246EA
:1012B000D861002800F04D83C0E90055C0E902550F
:1012C0004DE4204603F07AF832463B4603F048FBF3
:1012D00000287FF4C0AC631E0893BCE41C230C9A66
:1012E0001A440C921D449B444DE7029A012A40F394
:1012F000AA810A9B109A5E1EB242C0F26781002B3F
:10130000A2EB060680F2EC820C9B0A9A9D1A6AE117
:10131000C3F1200306FA03F069E400BF0000244093
:101320003946002304980A2201F036F8139B002B5B
:10133000074640F3FE820D960A93002D05DD3946DF
:1013400004982A4601F05EFA0746089B002B40F0FD
:10135000E481B846059E0A9C731E1C44069B03F05C
:101360000103CDE90B43049C00995046FFF744FB71
:1013700039468346504601F0B9FA0099054642467F
:10138000204601F0D5FAC3680BF130090146ABBB2A
:101390000A90504601F0AAFA0A990890204600F0F7
:1013A000D7FF089A002A54D1029B1BB90C9B002B33
:1013B00000F0AB82002D3FDB0B9BB346B3420BF832
:1013C000019B00F0C181514600230A22204600F013
:1013D000E3FF4745824639464FF000034FF00A02CB
:1013E000204630D000F0D8FF4146074600230A22AD
:1013F000204600F0D1FF5E468046B5E7049800F035
:10140000A7FF002D06DB069B03F00102029B1D4394
:101410002A4329D151460122049801F0F3F9009999
:10142000824601F063FA002840F3F680B9F1390FE3
:1014300000F048820BF131090D9D06F8019B3C46F6
:101440000135474600E700F0A7FF5E4607468046A5
:101450008AE7002DC0F29D82029B1D430C9B1D4319
:1014600000F09782002AA7DDB9F1390F00F02A8237
:101470000D9D09F101033C4606F8013B0135474645
:10148000E2E6029B022B7FF798AE0A9B002B40F00E
:10149000238100990498052200F07EFF0146009008
:1014A000504601F023FA002840F31681059E0D9D59
:1014B000312306F8013B01350099049800F048FFFC
:1014C0000135002F7FF4CEAED0E60099504601F0F2
:1014D0000DFA0028BFF66DAE5146002304980D9C0E
:1014E0000A2200F059FF0E9B661E8246002B7FF4F5
:1014F00017AF139B002B40F30F820D9D0A9362E6FA
:1015000001461A46049801F00DF9029B0090012B48
:101510006FDD00230893009A136902EB83031869B7
:1015200000F0E2FFC0F120001CE6964B0593033368
:10153000FFF7E1BB069B002B7FF413AEDDE906123B
:10154000C2F31303002B7FF40CAE8F4B13402BB16F
:101550000C9B01330C930BF1010B0123089A0893A8
:10156000002A3FF4FEADD6E73FF40DAEC0F13C03D8
:10157000B5E601230E930B9B0D9A1344139301338D
:10158000012B1F460A93B8BF0127049B172FDE6962
:1015900040F2FB81012204235B0003F11400B842F6
:1015A000114602F10102F7D97160FFF7F7BB012381
:1015B0000E930B9B002B36DD1F4613930A93E4E733
:1015C00000230E93D7E700230E93F2E7109B089AAF
:1015D0001096F31A1A4408920A9B0C9A15461A445C
:1015E0009B440C9200260498012100F0CFFF07468F
:1015F0008FE5069B002B8CD1DDE90601C1F31303B7
:101600000A46002BA1D0089085E79DED007B0227BC
:101610008DED147BFFF7F0BB7FF40EAF19F0010FD7
:101620007FF404AF08E70123CDE90A33FFF7B0BB2D
:1016300003D119F0010F7FF4F8AD5E461BF8013DB0
:10164000302BFAD000E6129A002A00F0078103F24C
:1016500033430C9A109E15461A449B440C92C2E7E1
:10166000059A312301351370EEE500F0FB800D9AE9
:10167000464B554205F00F0203EBC203D3E90023AA
:10168000DDE9000102F004FF2D11CDE9140100F0A5
:1016900057813F4E0023022780468946EA0709D535
:1016A000D6E900234046494602F0F2FE0137804663
:1016B000894601236D1006F10806EFD1002B7FF457
:1016C000B4ABDDE91489FFF7B0BBC8F10103834671
:1016D0000C931190FFF74CBB059EA5E4DDF800A02C
:1016E00002460B4602F01EFD0D9D02460B46CDE95B
:1016F00000230135DDE90223A84603F059F940B97A
:10170000DDE90223DDE9000103F02AF918B1F3074E
:1017100001D5059A2BE43E46A8E57968049800F0C7
:10172000D7FD0546002800F029813B6902339A0065
:1017300007F10C010C3000F04DF904982946012204
:1017400001F060F8804605E60D9D3C4601354746B0
:101750005FE5049C39463246204600F0E3FF5246DE
:1017600001460746204600F027FF514680462046A6
:1017700000F0EEFD109B9B1BC24610933FF4E4ACBF
:10178000DCE400BF90AE00080000F07FC0AB0008B2
:10179000B0AC0008DDE91623DDE9140102F078FEA3
:1017A000059B1C70189B012BCDE90E0100F0BF803A
:1017B000189F059B12961F447E4B002240464946C7
:1017C00002F066FE0D46044603F012F9814602F06F
:1017D000F5FD09F1300902460B462046294602F084
:1017E0009FFC06F8019BB74280468946E4D1129DD2
:1017F000714B0022DDE90E0102F094FC02460B461B
:101800004046494603F0D4F800286FD1DDE90E23A5
:101810006949002002F084FC02460B4640464946D6
:1018200003F0A8F888B91B9B002BFFF66DAC0D9B4D
:101830000E2B3FF769AC614B0D9A03EBC20393ED9E
:10184000007B8DED027BFFF7F4BB3E46013F16F8AF
:10185000013C302BF9D0199D013507E51A9BC3F1E6
:101860003603F6E6DDE900890227FFF7DEBA0A9BB8
:10187000002B3FF486AB139C002C7FF7ABAB0D9B8A
:10188000013B00224046494619934A4B02F000FEB4
:1018900080468946781C02F091FD42464B4602F094
:1018A000F7FD474B002202F03DFCA1F15073CDE95A
:1018B000140118941593FFF7DBBA08F101083123DE
:1018C000FFF75CBB0D9D059AB34639233C460BF8E8
:1018D000013B01354746ADE4002300931F46E5E593
:1018E0000C9A15461A449B440C927CE6199B059A67
:1018F00003F10108FFF73BBBDDF850A0ABE7DDF8D3
:1019000058B0DDF850A0FFF765BBB9F1390FD9D059
:10191000002D3FF78FAD8FE5029B022B03DC139B5D
:101920000D9D0A934FE4139B0A930D96ADE5374640
:101930005EE7029B022BF6DC139B0D960A93FCE4F8
:10194000DDE914890227FFF770BA1E4B0593FFF7F4
:101950002CB91D4B1D48EF2100F094FC0498C3697D
:1019600000255D60294600F0B3FC0590A8B9184B2E
:101970001648002240F2AF1100F084FC144B1348CB
:101980002A4640F2EF2100F07DFC00217160FFF754
:1019900005BA002A3FF73EAD4EE5049B059ADB6988
:1019A0000B951A604FF0FF33012213930E920A93A6
:1019B000FFF710BB000024400000E03FC0AB000870
:1019C00000001C4084AE000894AE0008ACAE0008D5
:1019D000D8AE0008844641EA000313F003036DD13A
:1019E000403A41D351F8043B40F8043B51F8043BE2
:1019F00040F8043B51F8043B40F8043B51F8043BE9
:101A000040F8043B51F8043B40F8043B51F8043BD8
:101A100040F8043B51F8043B40F8043B51F8043BC8
:101A200040F8043B51F8043B40F8043B51F8043BB8
:101A300040F8043B51F8043B40F8043B51F8043BA8
:101A400040F8043B51F8043B40F8043B51F8043B98
:101A500040F8043B51F8043B40F8043B51F8043B88
:101A600040F8043B403ABDD2303211D351F8043B28
:101A700040F8043B51F8043B40F8043B51F8043B68
:101A800040F8043B51F8043B40F8043B103AEDD2D7
:101A90000C3205D351F8043B40F8043B043AF9D228
:101AA000043208D0D2071CBF11F8013B00F8013BFB
:101AB00001D30B8803806046704700BF082A13D308
:101AC0008B078DD010F003038AD0C3F10403D21A20
:101AD000DB071CBF11F8013B00F8013B80D331F854
:101AE000023B20F8023B7BE7043AD9D3013A11F8D4
:101AF000013B00F8013BF9D20B7803704B7843703F
:101B00008B78837060467047024B0146186801F07D
:101B10008FBD00BF00000020024B0146186801F095
:101B200007BE00BF000000202DE9F84F92461F4677
:101B30000A698B68DDF828909A42B8BF1A46CAF83D
:101B4000002091F843300C46064613B10132CAF822
:101B50000020226891065FD5DAF800300233CAF817
:101B60000030226812F0060F11461DD1E16899423B
:101B7000D8BF114618DD4FF0000804F1190B05E03D
:101B8000E568DAF80030ED1A45450CDD01235A46C8
:101B900039463046C847013008F10108F0D14FF00E
:101BA000FF30BDE8F88F216894F84330003B18BF40
:101BB00001238A060AD5E1185A1C302081F8430017
:101BC000224494F8451082F84310023304F1430292
:101BD00039463046C8470130E1D02368DAF8005072
:101BE000216903F00603042BD4E902201BD08A42AA
:101BF00020DD4FF00008521A90441A34002501E00D
:101C0000454517DA0123224639463046C847013098
:101C100005F10105F4D1C2E712F0060F0DD0003B2B
:101C200018BF0123D2E7401B8A4220EAE078E2DCB9
:101C30000028E2DC0020BDE8F88FE168DAF8003027
:101C40009942D8BF114696DCAEE700BF2DE9F047B8
:101C5000174684B00A7E0C9D0C460646984601F154
:101C6000430C002A35D0A2F15803D9B2202969D8F3
:101C7000202B67D8DFE813F0E600660066006600F8
:101C80006600660066006600660066006600AC00DE
:101C90007000660066006600660070006600660000
:101CA0006600660021008300C60066006600B6007C
:101CB0006600830066006600EC002B68226861699C
:101CC000181D286010061B6802D4520600F1E0803F
:101CD00019600023E1462361CDF800803B4603AA4A
:101CE00021463046FFF720FF013020D023694A46C5
:101CF00039463046C047013019D02368E068DDF826
:101D00000C909B0718D5484516DD002504F1190AEB
:101D100004E0E068A0EB0903AB420DDD012352466D
:101D200039463046C047013005F10105F1D14FF089
:101D3000FF3004B0BDE8F0874845B8BF484604B05E
:101D4000BDE8F08784F84220012004F14209002315
:101D5000206184F84330BFE72A682368111D180604
:101D6000296002D4590600F19580106801460028C8
:101D70006268C0F2938054484FF00A0E15E0206864
:101D80002B6810F0800F53F8041B02D1400648BFA7
:101D900089B26F2A4C482B6014BF4FF00A0E4FF0E7
:101DA000080E0023626884F84330002AA26051DBE9
:101DB000236823F00403236000294BD1002A7BD140
:101DC000E146BEF1080F56D0ACEB0903236183E76F
:101DD0002B681A6804332B6004F1420984F842200E
:101DE0000120B4E72B686268191D2960D3F80090C0
:101DF0000021484601F0B4FD002863D0A0EB0900A3
:101E00006060A4E7236843F02003236078222F4812
:101E100084F845202A6813F0800F52F8041B03D180
:101E200013F0400F18BF89B22A60DA0744BF43F0AD
:101E30002003236019B9236823F0200323604FF0A7
:101E4000100EAEE7582384F845301F482368E1E7B9
:101E50002368DBE77546E146B1FBF5F305FB131A92
:101E60000A46AA4210F80A1009F8011D1946F3D2D1
:101E7000BEF1080FA8D12368DD07A5D562682369E4
:101E80009A42A1DC302309F8013C09F1FF399BE7B4
:101E900019801EE7B2F90010084668E72D20002AD5
:101EA000A26084F8430002DB23F0040323600A25C8
:101EB00005484942AE46CEE7037884F8423004F143
:101EC00042097EE7606842E7ECAE000800AF000818
:101ED0009368013B002B936011DA10B49469A3421C
:101EE00009DB0A2907D01368581C106019700846CE
:101EF0005DF8044B70475DF8044B00F073B913684C
:101F0000581C106019700846704700BF9BB1F8B5A7
:101F1000134406460F46541E5D1E01E0AC4208D035
:101F200014F8011F3A463046FFF7D2FF431CF5D1A3
:101F3000F8BD0020F8BD0020704700BF936810B5C1
:101F400014461BB918460023636010BD00F052FF11
:101F50000023A3600023636010BD00BF2DE9F04F94
:101F6000A1B08B4691461C46049018B1036A002B21
:101F700000F01C81BBF80C30180740F19580DBF8AD
:101F80001030002B00F090800023CA460D9343F2DE
:101F90002003ADF839309AF80030864E07940127B7
:101FA000002B79D0D14604E019F8013F002B00F056
:101FB0008580252BF8D1B9EB0A0840F0828099F88A
:101FC0000030002B68D000234FF0FF32CDE9092309
:101FD00009F1010908930B938DF863301E9305E016
:101FE000089A07FA03F31A430892A1464C460522C1
:101FF00014F8011B304601F0B3FCA246831B0028F5
:10200000EED1089BD90644BF20228DF8632099F8B1
:1020100000101A0744BF2B228DF863202A2966D1AD
:10202000079A1168043200290792C0F29A800B9136
:1020300099F801102E2970D05F4C0322204601F040
:102040008FFC38B1089B001B4022824013430AF1E9
:10205000010A08931AF8011B58488DF83810062217
:1020600001F07EFC002800F08280554B002B69D0E7
:1020700007AA0092534B04985A4608A9FEF72EFA75
:102080000390039B013307D00D9B039A13440D93D8
:102090009AF80030002B85D1BBF80C305B060AD4CF
:1020A0000D9821B0BDE8F08F0498594601F0A8FCC6
:1020B00000283FF469AF4FF0FF30F2E7B9EB0A08B0
:1020C000EAD00AF1FF35CDF81490A946049D01E04D
:1020D000A0453ED94C465A4619F8011F2846FFF73D
:1020E000F7FE02340130A4EB0A04F1D1D4E7A1F1E8
:1020F0003002092A88BFCA469CD80B9B00E00134F5
:10210000217803EB830302EB4303A1F13002092A98
:10211000F5D92E290B93A2468ED19AF801102A29BF
:102120002FD1079B9AF802101A6809920433002AEB
:102130000AF102000793B8BF4FF0FF338246B8BFE1
:10214000099379E7079B073323F0070308330793C5
:102150009AE70D99DDF81490414499F800300D91FB
:102160002FE7494243F002030B91089360E707AA67
:102170000092144B04985A4608A9FFF767FD039094
:102180007FE7A1F130020023092A09930AF1010A2D
:102190003FF652AF1AF8011F03EB830302EB430330
:1021A000A1F13002092AF5D9099345E701F08CF82D
:1021B000E0E600BF14AF00081CAF000820AF000825
:1021C000DD0400080D1F000810B4054C84461346BA
:1021D00020685DF8044B0A466146FFF7BFBE00BFAA
:1021E00000000020F8B50D461446064610B1036AFB
:1021F000002B37D0A389A269A2601A0719D52369D9
:10220000BBB122686169D31AEDB299422F4620DD35
:102210000133A1680139A160511C21601570626908
:102220009A420DD0A389DB0701D50A2D08D0384684
:10223000F8BD2146304601F0E3FB38B92369E0E7F9
:102240002146304601F07AF90028F0D04FF0FF37F0
:10225000EDE72146304601F071F90028F6D12268F9
:102260000123D6E701F030F8C4E700BF10B4044CF6
:1022700003460A4620685DF8044B1946FFF7B2BFD3
:102280000000002000B50B4C25681446EE681A4685
:1022900085B003460D464CB107490095CDE90114C0
:1022A0003046064901F01CFC01F036F804490C46A2
:1022B000F3E700BF0000002028AF000838AF000897
:1022C00034AF000808B513460022FFF7DBFF00BF5C
:1022D00070B5C66905460C465EB1F368A3B153F804
:1022E0002400E8B1026843F824200023C0E9033346
:1022F00070BD1020FFF708FC0646E861E8B1002336
:10230000C0E90033C0E9023321220421284601F04C
:1023100057F9EB69F060DB68002BE0D1002070BD5D
:10232000012101FA04F6721D9200284601F048F9D5
:102330000028F3D0C0E90146D7E7034B03483246F3
:102340006B21FFF79FFF00BF94AE000868AF000845
:1023500070B5C66905460C464EB13CB1EB69626882
:10236000DB6853F82210216043F8224070BD102032
:10237000FFF7CAFB0246E86120B1C0E90066C0E988
:102380000266EAE7024B03488F21FFF77BFF00BF9D
:1023900094AE000868AF00082DE9F0410D690746CA
:1023A0000E461C4601F1140E0020DEF800108BB220
:1023B00002FB03434FEA134C090C02FB01CC013032
:1023C0009BB203EB0C4385424EF8043B4FEA1C449E
:1023D000EBDC3CB1B368AB4207DD06EB85030135AE
:1023E0005C6135613046BDE8F08171683846013185
:1023F000FFF76EFF804690B13269023206F10C01A0
:1024000092000C30FFF7E6FA314638464646FFF7B1
:102410009FFF06EB850301355C613561E2E7034B05
:1024200003484246BA21FFF72DFF00BFD8AE00088F
:1024300068AF00082DE9F8431746284A1E460833BE
:102440000C46092E82FB03124FEAE3730546C3EBE9
:1024500062033ADD4FF0010C00214FEA4C0C63455A
:1024600001F10101F9DC2846FFF732FF014670B3A4
:10247000089B4361092F4FF00103036112DC0A340A
:102480000927BE420BDDF61B264414F8013B0A2245
:10249000303B2846FFF780FFB4420146F5D108469D
:1024A000BDE8F88304F1090804EB0709444614F871
:1024B000013B0A22303B2846FFF76EFF4C450146A0
:1024C000F5D1A7F108044444DBE70021CBE70A4635
:1024D000034B0448D321FFF7D5FE00BF398EE33804
:1024E000D8AE000868AF0008B0F5803F034636BF9D
:1024F000030400201020B3F1807F3CBF1B02083092
:10250000B3F1805F3CBF1B010430B3F1804F03D3B4
:10251000002B06DB013070479B0003D45B0003D423
:10252000202070470230704703307047036813F073
:102530000702014607D0DA071FD4980721D55B08A8
:102540000B600120704798B2A0B11046DAB20AB908
:1025500008301B0A1A0704BF1B0904309A0704BF7E
:102560009B080230DA0703D45B0800F1010006D0B3
:102570000B6070471B0C1020E8E7002070472020FC
:1025800070479B080B600220704700BF10B50C46D7
:102590000121FFF79DFE024618B10123C0E9043472
:1025A00010BD034B034840F24511FFF76BFE00BF1F
:1025B000D8AE000868AF00082DE9F04FD1F81080C0
:1025C0001569A84585B00E46924605DB2A46534656
:1025D00045468A4690461E46DAF80830DAF8041076
:1025E00005EB0804A342B8BF0131FFF771FE844632
:1025F000002800F08B8000F1140707EB840E77456C
:1026000005D23B46002243F8042B9E45FBD81436E6
:1026100006EB88080AF11409464509EB850566D2E0
:10262000A5EB0A03153B23F003030AF1150A043353
:1026300055452CBF9B464FF0040BCDF808E00394A2
:10264000AE46E24605E0090C2AD1B04507F1040781
:102650004AD956F8041B8DB2002DF4D0CC463C4626
:10266000002301965CF8040B216886B28AB2000C44
:1026700005FB0622090C1A4405FB001101EB12416F
:1026800092B242EA0142E64544F8042B4FEA114374
:10269000E8D8019E47F80B3056F8041C090CD4D03A
:1026A0003B68002248461D463C469446028801FB92
:1026B00002C202EB15429BB243EA024344F8043BD8
:1026C00050F8043B25684FEA134CABB201FB0C33C6
:1026D00003EB124370454FEA134CE7D3B04547F87C
:1026E0000B3007F10407B4D8DDE902E4D446002C2E
:1026F00002DC05E0013C03D05EF8043D002BF9D07C
:102700006046CCF8104005B0BDE8F08F034B04489C
:1027100062464FF4B171FFF7B5FD00BFD8AE0008B7
:1027200068AF00082DE9F04312F0030383B01446AC
:1027300007462DD10E46A4101CD0FA698AB39568BD
:10274000002D39D0E3074FF0000906D4641011D0F2
:10275000286898B10546E307F8D531462A46384639
:10276000FFF72AFF314680463846FFF7F1FD641037
:102770004646EDD1304603B0BDE8F0832A462946EF
:102780003846FFF719FF2860C0F800900546E2E7D9
:10279000013B184A52F823200023FFF7FDFD0646AF
:1027A000C9E71020FFF7B0F90246F861E0B1002355
:1027B000C0E90033C0E90233012138460192FFF736
:1027C00087FD019A054640B1012340F27121C0E91D
:1027D0000431002390600360B4E7074B07482A46A2
:1027E00040F24511FFF74EFD054B044840F2B3118E
:1027F000FFF748FDB0AB0008D8AE000868AF00088E
:1028000094AE00082DE9F0470D4691462B694968C2
:1028100003EB6218AB6808F101049C4207464FEADB
:10282000621A04DD5B009C4201F10101FADC3846CA
:10283000FFF74EFD064600284DD0BAF1000F00F11B
:1028400014000EDD0AF105024FEA820C034606EB86
:102850008202002143F8041B9342FBD1ACF1140324
:102860001844296905F1140319F01F0903EB8101CC
:1028700029D0C9F1200E84464FF0000A1A6802FAE6
:1028800009F242EA0A024CF8042B53F8042B99424D
:1028900022FA0EFAF2D84B1B153B23F00303043344
:1028A00005F11502914238BF042340F803A0BAF1A4
:1028B000000F00D14446384634612946FFF748FDF1
:1028C0003046BDE8F087043853F8042B40F8042F55
:1028D0009942F9D8EEE7034B034832464FF4EF71C3
:1028E000FFF7D0FCD8AE000868AF00080B6984463B
:1028F0000069C01A16D10CF1140C14310CEB8302D0
:1029000010B401EB830301E0944508D252F8044D62
:1029100053F8041D8C42F7D005D24FF0FF305DF81C
:10292000044B7047704701205DF8044B704700BFAF
:102930002DE9F04F15460A692B69D21A002A83B097
:10294000884640F0878001F1140605F1140101EB7F
:10295000830106EB830301E09E427ED253F8044DCF
:1029600051F8042D9442F7D075D32B4600244546E8
:1029700098466968FFF7ACFC8146002800F0898022
:102980002E69C460D8F8100005F1140B08F1140E7C
:1029900009F1140A05F110020EEB80000BEB860121
:1029A00057464FF0000CCDF804B05EF8044B52F8D7
:1029B000045F1FFA84FBABB2A3EB0B03240C63444C
:1029C000C4EB154404EB23449BB243EA0443704533
:1029D00047F8043B4FEA244CE7D8A0EB080208F183
:1029E00015084045A2F1150234BF002001209208CD
:1029F0000028DDF804B002F101044FEA840408BFA6
:102A000004240BEB0405A942544433D92746284635
:102A100050F8043B1CFA83FE1A0C634402EB2E426E
:102A20009BB243EA0243814247F8043B4FEA224CFF
:102A3000EED80139491B21F003010C4423B954F8A5
:102A4000043D013E002BFAD04846C9F8106003B09F
:102A5000BDE8F08F89DA01248BE70021FFF738FC0D
:102A6000814678B101220023C0E90423484603B01F
:102A7000BDE8F08F00284FEA820208BF00220AEB6F
:102A80000204DBE7064B07484A4640F23721FFF7CE
:102A9000F9FB034B03484A4640F24521FFF7F2FB9E
:102AA000D8AE000868AF000882B08DED000B164B61
:102AB000019A1340A3F15073002B06DD0022194642
:102AC000104641EC100B02B070475B42B3F1A07F9F
:102AD0004FEA235209DA4FF400231341002219462A
:102AE000104641EC100B02B07047A2F114031E2BEC
:102AF000DABF4FF00042DA400122002319461046A7
:102B000041EC100B02B070470000F07FF8B504698B
:102B100000F1140606EB8404271F54F8045C2846D1
:102B2000FFF7E2FCC0F120030A280B6033DDBE4250
:102B3000A0F10B0119D254F8080C21B3C1F1200700
:102B40008D4020FA07F215438840A4F1080145F0B2
:102B50007F538E4243F4401319D254F80C1CF940B1
:102B60000843024643EC102BF8BD0B280AD005FAA7
:102B700001F141F07F53002043F44013024643EC3F
:102B8000102BF8BD002045F07F5343F4401302465C
:102B900043EC102BF8BDC0F10B0C25FA0CF1BE4232
:102BA00041F07F5338BF54F8081C00F1150034BFC2
:102BB00021FA0CF1002105FA00F0084343F4401318
:102BC000024643EC102BF8BD2DE9F0430E4683B0CE
:102BD000012159EC108B1546FFF77AFB04460028BB
:102BE00046D0C9F30A57C9F313030FB143F4801356
:102BF0000193B8F1000313D101A8FFF797FC019BE3
:102C000063610122203022610FB3A7F233470744EA
:102C1000C0F1350037602860204603B0BDE8F0837E
:102C200068460093FFF782FC019BF8B10099C0F160
:102C3000200203FA02F2C3400A430193002B6261AF
:102C40000CBF01220222A3612261002FDDD104EB1F
:102C50008203A0F2324030601869FFF745FCC0EBF8
:102C600042102860204603B0BDE8F083009AE5E7F3
:102C7000034B0448224640F20F31FFF703FB00BF2D
:102C8000D8AE000868AF00082DE9F04383B088464D
:102C900069468146FFF73AFF01A9404655EC104BC3
:102CA000FFF734FFD8F81030D9F81020D21ADDE938
:102CB00000315B1A03EB4213002B59EC108B0DDD36
:102CC00005EB03573D4642464B462046294601F058
:102CD00009FD41EC100B03B0BDE8F083C3EB0333F7
:102CE00009EB03518946EEE7172870B506460CDD5F
:102CF0000A490B4D0020002422462B4601F0C8FB58
:102D0000013EF9D141EC100B70BD064B03EBC00343
:102D1000D3E9040141EC100B70BD00BF0000F03F8F
:102D200000002440B0AB00080139491101F1010C49
:102D3000116902F1140303EB81018B4200EB8C0C4F
:102D400016D210B5A0F1040E53F8044B4EF8044F00
:102D50009942F9D88B1A153B23F003030433184426
:102D6000844504D9002340F8043B8445FBD810BDBA
:102D7000844505D9002340F8043B8445FBD87047BF
:102D8000704700BF03694A11934200F1140009DA49
:102D900000EB830302E053F8042DAAB98342FAD86A
:102DA0000020704700EB8203F8DD11F01F01F5D021
:102DB00010B450F8224024FA01F28A40944209D01B
:102DC00001205DF8044B70470120704753F8042D33
:102DD000002AF5D18342F9D800205DF8044B7047F2
:102DE000F0307047004870474C01002000487047A1
:102DF0004C0100209368002B00F0F8802DE9F04F83
:102E0000B1F90CC01CF0080F83B0904681460C4607
:102E100031D00B697BB31CF00207D8F8006038D0C2
:102E20000027D4F828B0216ADFF8C4A23D465545F2
:102E30002B463A4628BF53464846C5B1D8470028D6
:102E400040F3CA80D8F808301B1A07442D1AC8F876
:102E50000830002B00F0B68055452B46D4F828B03A
:102E6000216A28BF53463A464846002DE6D1D6E9A6
:102E700000750836DBE72146484600F0C1FD002812
:102E800040F0AF80B4F90CC0D8F800601CF0020725
:102E9000C6D11CF0010A63D12368A16857461846C1
:102EA0008B46002F58D01CF4007F00F0B580B9424B
:102EB0000A4600F2E1801CF4906F2FD0216962690C
:102EC0005D1A02EB420202EBD2726B1C52103B44C1
:102ED000934292BF93469B461A461CF4806F00F0C3
:102EE000EA801146484600F0A3FB002800F0F98074
:102EF0002A4621690090FEF76DFDA289009B22F40D
:102F0000906242F08002A2815819ABEB0505C4F82B
:102F100014B02361A5602060BB463A46514600923A
:102F200000F064FCA1682368009AA1EB0B011A442D
:102F30003D46A16022600027D8F808305B1BAA44F8
:102F4000C8F80830002B3DD02368A168B4F90CC044
:102F500018468B46002FA6D1D6E900A708369EE773
:102F60003846BB463D460097002D41D0002846D04C
:102F7000009A2068A168D4E90473AA4228BF2A46AF
:102F8000B84204D901EB030A524500F3858093420D
:102F900075DC216AA76A5A464846B847B0F1000A6C
:102FA0001ADD009BB3EB0A0300930FD00120D8F881
:102FB0000830A3EB0A03D344A5EB0A05C8F8083090
:102FC000002BD1D1002003B0BDE8F08F2146484648
:102FD00000F0B4FA0028EAD0B4F90C3043F0400312
:102FE000A3814FF0FF3003B0BDE8F08F00207047A1
:102FF000756833460836002DFAD0D3F800B02A465B
:103000000A21584600F0ACFC002867D00130A0EB44
:103010000B0300931A46ACE722699A4214D3626903
:10302000BA4211D86FF00043BB4228BF3B46A56AA5
:1030300093FBF2F3216A02FB03F348465246A8478A
:10304000051EC9DD7F1B77E7B94228BF39460D460B
:1030500018460A46514600F0C9FBA1682368491B7F
:103060002B44A16023600029ECD12146484600F0A2
:1030700065FA0028E6D0AFE7BB463A464EE7594628
:10308000019200F0B3FB019AA3689B1AA360236826
:1030900013442360924684E75946524600F0A6FB4B
:1030A0002368534423602146484600F047FA00282D
:1030B0003FF477AF90E7484600F026FD034600282E
:1030C0007FF422AF2169484600F032FBB4F90C309E
:1030D0000C22C9F8002023F080037FE76A1C0092CD
:1030E00047E70C22B4F90C30C9F8002076E700BF9E
:1030F00000FCFF7F00207047024A0349034800F0AC
:10310000F5BB00BF500000203D3500080400002042
:103110000C4B4168994210B5044601D000F00EFAFC
:10312000A168094B994202D0204600F007FAE168F5
:10313000064B994204D02046BDE8104000F0FEB98D
:1031400010BD00BFC40200202C0300209403002007
:10315000002070472DE9F8432A4C2B49DFF8BC903A
:10316000DFF8BC80294FC4F8381100250423082259
:10317000294604F15C00264EE360C4E90055C4E929
:103180000455A5606566A561FDF786F8214B636768
:103190000822294604F1C400C4E90849C4E90A87A1
:1031A000C4E91A55C4E91E552567C4F8CC50C4F8C3
:1031B00080502663FDF770F8174BC4F8DC302946C1
:1031C00004F16803082204F59670C4F88830C4E955
:1031D0002398C4E92576C4E93455C4E93855C4F8C0
:1031E000D850C4F83451C4F8E850FDF755F804F14C
:1031F000D003C4E93D98C4E93F76C4F8F030BDE897
:10320000F88300BFC4020020F9300008393D0008EF
:103210005D3D00080900010012000200D13C0008D9
:10322000F93C0008F8B5254BD3F838310646002B99
:103230003CD0234FD7E90134013B04D51DE05A1C93
:1032400004F1680419D0B4F90C50013B002DF6D1FB
:103250001C4BE360C4E90155C4E90455656625606B
:10326000A5610822294604F15C00FDF715F8C4E9C0
:103270000D55C4E912552046F8BD3D680DB12F46E5
:10328000D8E74FF4D671304600F0D2F9044680B149
:103290000423C0E900530C302946A0604FF4D072DB
:1032A0002546FCF7F9FF3C602F46C3E7FFF752FFC6
:1032B000BFE70C2338603360DDE700BFC4020020A5
:1032C000500000200100FFFF036A03B17047044B68
:1032D000044AD3F838310262002BF7D13AE700BF35
:1032E000C402002011310008704700BF704700BFC2
:1032F000024A0349002000F0F9BA00BF5000002044
:10330000F5300008024A0349002000F0EFBA00BF80
:10331000500000205131000808B5062000F0DEFD05
:10332000012007F0B9FA00BF000000000000000013
:10333000000000000000000000000000000000008D
:1033400030B490F800F020F007016FF0000C10F09E
:10335000070491F820F040F048804FF000046FF02F
:103360000700D1E9002391F840F000F1080082FA4B
:103370004CF2A4FA8CF283FA4CF3A2FA8CF34BBB16
:10338000D1E9022382FA4CF200F10800A4FA8CF28F
:1033900083FA4CF3A2FA8CF3E3B9D1E9042382FA5D
:1033A0004CF200F10800A4FA8CF283FA4CF3A2FA72
:1033B0008CF37BB9D1E9062301F1200182FA4CF2AA
:1033C00000F10800A4FA8CF283FA4CF3A2FA8CF311
:1033D000002BC6D0002A04BF04301A4612BAB2FA33
:1033E00082F200EBD20030BC7047D1E9002304F038
:1033F0000305C4F100004FEAC50514F0040F91F86D
:1034000040F00CFA05F562EA05021CBF63EA050309
:1034100062464FF00004AAE7B1F90C302DE9F04103
:103420001E070C4680463DD44A68002A56DDE56AF0
:10343000002D34D00022D8F80060C8F8002013F422
:103440008052216A57D101234046A847451C0246B5
:1034500066D0B4F90C30E56A216A580705D563686F
:10346000D21A636B0BB1236CD21A00234046A847D3
:10347000431C42D00023636023692360A389DF04D7
:1034800000D56065616BC8F8006041B104F1440388
:10349000994202D0404600F04BF9002363630020BC
:1034A000BDE8F0810E69002EF9D09B070D6808BFBA
:1034B0004B690E6018BF0023AD1B8B600BE02B46E1
:1034C0003246216AA76A4046B847B0F1000CA5EB26
:1034D0000C05664406DD002DF1DCE0E70A6C002AED
:1034E000A5DCDCE7B4F90C3043F04003A3814FF0D6
:1034F000FF30BDE8F081626DAFE7D8F80010B4F995
:103500000C301D29F0D80C4ACA40D507ECD52269E9
:10351000226000226260DA04B4D50029B1D0B1E79C
:10352000D8F80030002B94D01D2B01D0162BD9D108
:10353000C8F80060B3E700BF010040200B69B3B1D9
:1035400010B5044682B008B1036A5BB1B1F90C3022
:1035500013B9002002B010BD204602B0BDE81040F3
:10356000FFF75ABF0191FFF7AFFE0199EEE7002088
:10357000704700BFB8B138B50D4A036915680446F5
:103580002BB10DB12B6A53B1B4F90C300BB900203B
:1035900038BD21462846BDE83840FFF73DBF2846E4
:1035A000FFF792FEF0E7034A0349044800F09EB992
:1035B00000000020500000203D35000804000020DD
:1035C00070B5A1FB025454B9294600F031F8064603
:1035D00018B12A462146FCF75FFE304670BD0C222A
:1035E00002600026F9E700BF70B5104E336805464B
:1035F0000C46B3B12146284600F058FB431C0CD0C2
:10360000C41C24F00304A04205D0211A284600F06F
:103610004DFB013001D0204670BD4FF0FF342046F5
:1036200070BD194600F042FB3060E3E70004002063
:103630002DE9F843CD1C25F0030508350C2D38BFC6
:103640000C25002D064618DBA94216D8DFF8DC80D1
:1036500000F08CFAD8F80420A2B1144603E06368A5
:1036600022467BB11C4623685B1BF8D40B2B1FD86A
:103670009442636854D053600CE00C233360002004
:10368000BDE8F88329463046FFF7AEFF431C0446E9
:1036900019D00560304600F06BFA04F10B00231DD1
:1036A00020F00700C21A1CBF1B1AA350BDE8F88304
:1036B00061199442256014BF5160C8F80410635129
:1036C00063684B60E6E7D8F804701FB33C467F6838
:1036D000002FFBD123683946304604EB030900F084
:1036E000E5FA814516D12368ED1A29463046FFF7E1
:1036F0007BFF01300ED02368D8F804202B442360D0
:10370000536883B1A34203D01A465B689C42FBD145
:103710000023B0E70C233360304600F029FAAEE70F
:10372000C8F80430B6E7C8F80470B3E70004002016
:10373000002950D038B551F8043C0C1F002BB8BFFD
:10374000E418054600F012FA274A13682BB1A34289
:103750000CD92168601883422CD06360284614601D
:10376000BDE8384000F004BAA3420FD81A465B689F
:10377000002BF9D111685018844217D02CD3636004
:1037800054602846BDE8384000F0F2B9116850187E
:10379000A04214D020D8216860188342EFD1186865
:1037A0005B680844C4E900035460EAE723680B44FB
:1037B0001360E6E718685B6808442060CDE720687E
:1037C0000144501883421160DBD1D3E90004014465
:1037D000C2E90014D5E770470C232B602846BDE8EA
:1037E000384000F0C5B900BF0404002088420ED95B
:1037F0008B1883420BD900EB020C002A6ED0624674
:1038000013F801CD02F801CD9942F9D170470F2A82
:103810000FD8034602F1FF3C002A5FD00CF1010CE7
:10382000013B8C4411F8012B03F8012F6145F9D1BC
:10383000704740EA01039B0751D1A2F1100370B514
:1038400001F1200C23F00F0501F1100E00F110041E
:10385000AC441B095EF8105C44F8105C5EF80C5C2C
:1038600044F80C5C5EF8085C44F8085C5EF8045CA4
:1038700044F8045C0EF1100EE64504F11004E9D1A1
:10388000013312F00C0F01EB031102F00F0400EBF7
:10389000031328D0043C24F003064FEA940C1E4482
:1038A0001C1F8E465EF8045B44F8045FB442F9D1F5
:1038B0000CF1010402F0030203EB840301EB840129
:1038C00002F1FF3C4AB10CF1010C013B8C4411F8B0
:1038D000012B03F8012F6145F9D170BD704702F14A
:1038E000FF3C03469AE72246EAE700BF2DE9F8438A
:1038F0000746884616464FF00009D6E90154013DB7
:1039000010D4A389012B08D9B4F90E300133214614
:10391000384602D0C04749EA0009013D6B1C04F15A
:103920006804EED13668002EE7D14846BDE8F8833A
:1039300010B4034CD4F8E040A4465DF8044B604753
:103940005C00002049B1FF2A02D80A7001207047AC
:103950008A2303604FF0FF3070470846704700BF6E
:1039600001F0FF01102A2BDB10F0070F08D010F830
:10397000013B013A8B422DD010F0070F42B3F6D134
:10398000F0B441EA012141EA014122F007047FF04D
:1039900000070023F0E80256083C85EA010586EAA4
:1039A000010685FA47F5A3FA87F586FA47F6A5FAE0
:1039B00087F68EB9EED1F0BC01F0FF0102F00702EC
:1039C00032B110F8013B013A83EA010313B1F8D197
:1039D0000020704701387047002D06BF3546033878
:1039E000073815F0010F07D1013015F4807F02BFB1
:1039F000013015F4C03F0130F0BC0138704700BF02
:103A000038B52F4B1B6805460C4613B11A6A002ABD
:103A10004BD0B4F90C3018071CD5226922B313F02F
:103A2000010107D0616900204942A060A1613AB15B
:103A3000002038BD980758BF6169A160002AF7D1FE
:103A4000190658BF1046F4D543F04003A3814FF048
:103A5000FF3038BDD9062CD55A0712D4226943F05D
:103A60000803A381002ADAD103F42071B1F5007FA5
:103A7000D5D02146284600F07DF8B4F90C302269F3
:103A8000CDE7616B51B104F14402914204D0284664
:103A9000FFF74EFEB4F90C30002262632269002168
:103AA000C4E9002123F02403D9E71846FFF70CFCF2
:103AB000AFE7092243F040032A60A381C7E700BFB4
:103AC000000000200CB400B583B004AB53F8042B05
:103AD0000193FEF743FA03B05DF804EB02B07047C0
:103AE0000EB410B583B005AB064C53F8042B01930C
:103AF00001462068FEF732FA03B0BDE8104003B07B
:103B0000704700BF000000202DE9F041144641B38A
:103B10000AB306460D4600F025F98442074602D84E
:103B2000B4EB500F13D821463046FFF781FD804695
:103B300050B1BC422246294628BF3A46FDF74AFF0B
:103B400029463046FFF7F4FD4046BDE8F081A8461F
:103B50004046BDE8F081A046FFF7EAFD4046BDE8DB
:103B6000F081BDE8F0411146FFF762BD704700BF2C
:103B7000704700BF70B5B1F90C300C46990796B08C
:103B800007D504F147030122C4E90432236016B0CB
:103B900070BDB4F90E100029054629DB6A4600F015
:103BA00061FA002822DB4FF480612846019EFFF76E
:103BB0003FFD88B3A389206043F0800306F470467C
:103BC000A381B6F5005F4FF48063C4E90403DED13E
:103BD000B4F90E10284600F057F80028D7D0A38972
:103BE00023F0030343F00103A381D0E7B4F90C30C1
:103BF00013F0800F14BF40264FF4806631462846EC
:103C0000FFF716FD40B1A389206043F08003C4E9AB
:103C10000406A38116B070BDB4F90C309A05B6D471
:103C200023F0030304F1470243F002030121C4E936
:103C30000421A3812260AAE770B50C46B1F90E10E9
:103C4000002996B015461E460FDB6A4600F00AFAB8
:103C500000280ADB019B03F47043A3F50053B3FA79
:103C600083F34FF480625B0908E0A28912F0800FB1
:103C70004FF0000314BF40224FF4806200203360F5
:103C80002A6016B070BD00BF38B5074D002204464B
:103C900008462A6006F01EFE431C00D038BD2B6883
:103CA000002BFBD0236038BD0804002038B5074D39
:103CB0000022044608462A6006F052FC431C00D04D
:103CC00038BD2B68002BFBD0236038BD08040020D2
:103CD00010B50C46B1F90E1000F0AEF9002803DB68
:103CE000636D0344636510BDA38923F48053A381EE
:103CF00010BD00BF002070472DE9F0410C46B1F91E
:103D00000C101F46CB05054616460BD421F48051F6
:103D1000A1813B46B4F90E1032462846BDE8F04179
:103D200000F0CCB9B4F90E100223002200F0B0F973
:103D3000B4F90C10EAE700BF10B50C46B1F90E104B
:103D400000F0A6F9B4F90C30421C0EBF23F48053E6
:103D500043F480536065A38110BD00BFB1F90E101C
:103D600000F058B951F8043C181F002BBCBF0B5889
:103D7000C018704710B4034CD4F8E440A4465DF872
:103D8000044B60475C00002082B049B15AB16BB16E
:103D900013780B601278101E18BF012002B0704714
:103DA00001A9002AF3D1104602B070476FF001005C
:103DB000F4E700BF38B5C46B0CB1002038BD8021DA
:103DC0000546FFF735FC0246E86330B1031F7C323D
:103DD00043F8044F9342FBD1EFE74FF0FF3038BD7B
:103DE00030B51F2983B0054608D8C36B0C4653B1C4
:103DF00053F8240043F8242003B030BD1623036099
:103E00004FF0FF30F8E780210192FFF711FC019A93
:103E1000E86303460028F3D0011F00F17C05002071
:103E200041F8040FA942FBD1E2E700BF1F2938B5D2
:103E300005461ED8C26B0C466AB152F8213053B108
:103E4000012B06D0591C10D0002142F82410204626
:103E50009847002038BD284600F05CF9224601460C
:103E60002846BDE8384000F03FB916230360012022
:103E700038BD162303604FF0FF3038BD1F292AD804
:103E800038B5C36B0C460546A3B153F8242003EBA9
:103E900084034AB1511C0BD0012A07D000252046CB
:103EA0001D609047284638BD012038BD032038BD2D
:103EB000022038BD8021FFF7BBFB0346E86338B121
:103EC000021F00217C3042F8041F8242FBD1DCE754
:103ED0004FF0FF3038BD4FF0FF30704738B5134B0F
:103EE0001F281D681DD8EA6B044662B152F82030C5
:103EF0004BB1012B05D0591C0FD0002142F82010E6
:103F00009847002038BD284600F004F922460146B3
:103F10002846BDE8384000F0E7B816232B600120A2
:103F200038BD16232B604FF0FF3038BD0000002055
:103F3000114B1F2870B51E6808D8F36B04460D4658
:103F40004BB153F8240043F8245070BD162333605E
:103F50004FF0FF3070BD80213046FFF769FB03460C
:103F6000F0630028F4D0021F00217C3042F8041FC7
:103F70008242FBD1E5E700BF0000002038B50B4BC3
:103F80001D68EC6B0CB1002038BD80212846FFF77E
:103F90004FFBE86338B1031F00F17C0243F8044F84
:103FA0009342FBD1EFE74FF0FF3038BD0000002017
:103FB00038B5174B1F281D6826D80446E86BA0B1FA
:103FC00050F8243000EB84004BB15A1C0BD0012B6D
:103FD00007D00025056020469847284638BD0120B7
:103FE00038BD032038BD022038BD80212846FFF7A8
:103FF0001FFBE86340B1031F00F17C01002243F87E
:10400000042F8B42FBD1DBE74FF0FF3038BD00BF00
:104010000000002038B5074D0022044608462A60FB
:1040200006F050FC431C00D038BD2B68002BFBD0A1
:10403000236038BD0804002038B50C46084D84467E
:10404000114620461A4600232B60644606F02AFCDF
:10405000431C00D038BD2B68002BFBD0236038BD3B
:104060000804002070B50C46084D03460026204683
:1040700011461C462E6006F028FC431C00D070BD83
:104080002B68002BFBD0236070BD00BF080400200C
:1040900038B50C46084D8446114620461A46002382
:1040A0002B60644606F018FC431C00D038BD2B681A
:1040B000002BFBD0236038BD0804002038B50C4627
:1040C000084D8446114620461A4600232B6064465C
:1040D00000F02EFE431C00D038BD2B68002BFBD017
:1040E000236038BD0804002070B50C46084D034617
:1040F0000026204611461C462E6006F0C5FB431CD8
:1041000000D070BD2B68002BFBD0236070BD00BFBA
:104110000804002006F0B6BB81F0004102E000BFB9
:1041200083F0004330B54FEA41044FEA430594EA77
:10413000050F08BF90EA020F1FBF54EA000C55EAB2
:10414000020C7FEA645C7FEA655C00F0E2804FEA83
:104150005454D4EB5555B8BF6D420CDD2C4480EA65
:10416000020281EA030382EA000083EA010180EA95
:10417000020281EA0303362D88BF30BD11F0004FE3
:104180004FEA01314FF4801C4CEA113102D0404219
:1041900061EB410113F0004F4FEA03334CEA133354
:1041A00002D0524263EB430394EA050F00F0A7806C
:1041B000A4F10104D5F1200E0DDB02FA0EFC22FA67
:1041C00005F2801841F1000103FA0EF2801843FA5B
:1041D00005F359410EE0A5F120050EF1200E012A4C
:1041E00003FA0EFC28BF4CF0020C43FA05F3C0188A
:1041F00051EBE37101F0004507D54FF0000EDCF103
:10420000000C7EEB00006EEB0101B1F5801F1BD3AB
:10421000B1F5001F0CD349085FEA30004FEA3C0CAF
:1042200004F101044FEA445212F5800F80F09A80A5
:10423000BCF1004F08BF5FEA500C50F1000041EBA9
:10424000045141EA050130BD5FEA4C0C404141EBAD
:104250000101013C28BFB1F5801FE9D291F0000FA8
:1042600004BF01460020B1FA81F308BF2033A3F157
:104270000B03B3F120020CDA0C3208DD02F1140C4E
:10428000C2F10C0201FA0CF021FA02F10CE002F189
:104290001402D8BFC2F1200C01FA02F120FA0CFC82
:1042A000DCBF41EA0C019040E41AA2BF01EB0451CB
:1042B000294330BD6FEA04041F3C1CDA0C340EDCC9
:1042C00004F11404C4F1200220FA04F001FA02F30C
:1042D00040EA030021FA04F345EA030130BDC4F1CA
:1042E0000C04C4F1200220FA02F001FA04F340EABF
:1042F0000300294630BD21FA04F0294630BD94F070
:10430000000F83F4801306BF81F480110134013D56
:104310004EE77FEA645C18BF7FEA655C29D094EAC7
:10432000050F08BF90EA020F05D054EA000C04BF45
:104330001946104630BD91EA030F1EBF0021002030
:1043400030BD5FEA545C05D14000494128BF41F0CF
:10435000004130BD14F580043CBF01F5801130BD33
:1043600001F0004545F0FE4141F470014FF00000BE
:1043700030BD7FEA645C1ABF194610467FEA655C6F
:104380001CBF0B46024650EA013406BF52EA033511
:1043900091EA030F41F4002130BD00BF90F0000FFF
:1043A00004BF0021704730B54FF4806404F132043B
:1043B0004FF000054FF0000150E700BF90F0000FF4
:1043C00004BF0021704730B54FF4806404F132041B
:1043D00010F0004548BF40424FF000013EE700BFEB
:1043E00042004FEAE2014FEA31014FEA02701FBF7B
:1043F00012F07F4393F07F4F81F06051704732F0AD
:104400007F4208BF704793F07F4F04BF41F4002103
:10441000704730B54FF4607401F0004521F0004161
:104420001CE700BF50EA010208BF704730B54FF0EB
:1044300000050AE050EA010208BF704730B511F0EC
:10444000004502D5404261EB41014FF4806404F124
:1044500032045FEA915C3FF4D8AE4FF003025FEAAA
:10446000DC0C18BF03325FEADC0C18BF033202EB2E
:10447000DC02C2F1200300FA03FC20FA02F001FA88
:1044800003FE40EA0E0021FA02F11444BDE600BF2B
:1044900070B54FF0FF0C4CF4E06C1CEA11541DBFDA
:1044A0001CEA135594EA0C0F95EA0C0F00F0DEF8A5
:1044B0002C4481EA030621EA4C5123EA4C5350EA8A
:1044C000013518BF52EA033541F4801143F48013DB
:1044D00038D0A0FB02CE4FF00005E1FB02E506F06C
:1044E0000042E0FB03E54FF00006E1FB03569CF0C1
:1044F000000F18BF4EF0010EA4F1FF04B6F5007FC7
:1045000064F5407404D25FEA4E0E6D4146EB060638
:1045100042EAC62141EA55514FEAC52040EA5E50C1
:104520004FEACE2EB4F1FD0C88BFBCF5E06F1ED86B
:10453000BEF1004F08BF5FEA500E50F1000041EBA2
:10454000045170BD06F0004646EA010140EA02004F
:1045500081EA0301B4EB5C04C2BFD4EB0C0541EA71
:10456000045170BD41F480114FF0000E013C00F386
:10457000AB8014F1360FDEBF002001F0004170BDAA
:10458000C4F10004203C35DA0C341BDC04F11404C3
:10459000C4F1200500FA05F320FA04F001FA05F24F
:1045A00040EA020001F0004221F0004110EBD3701C
:1045B00021FA04F642EB06015EEA430E08BF20EA48
:1045C000D37070BDC4F10C04C4F1200500FA04F3EB
:1045D00020FA05F001FA04F240EA020001F000417D
:1045E00010EBD37041F100015EEA430E08BF20EAF0
:1045F000D37070BDC4F1200500FA05F24EEA020E38
:1046000020FA04F301FA05F243EA020321FA04F066
:1046100001F0004121FA04F220EA020000EBD3701D
:104620005EEA430E08BF20EAD37070BD94F0000F1D
:104630000FD101F00046400041EB010111F4801F51
:1046400008BF013CF7D041EA060195F0000F18BF02
:10465000704703F00046520043EB030313F4801F3E
:1046600008BF013DF7D043EA0603704794EA0C0FF8
:104670000CEA135518BF95EA0C0F0CD050EA41060E
:1046800018BF52EA4306D1D181EA030101F000418B
:104690004FF0000070BD50EA410606BF10461946B3
:1046A00052EA430619D094EA0C0F02D150EA0136BF
:1046B00013D195EA0C0F05D152EA03361CBF104600
:1046C00019460AD181EA030101F0004141F0FE419F
:1046D00041F470014FF0000070BD41F0FE4141F423
:1046E000780170BD70B54FF0FF0C4CF4E06C1CEA23
:1046F00011541DBF1CEA135594EA0C0F95EA0C0FD8
:1047000000F0A7F8A4EB050481EA030E52EA033592
:104710004FEA013100F088804FEA03334FF08055B3
:1047200045EA131343EA12634FEA022245EA1115E0
:1047300045EA10654FEA00260EF000419D4208BF91
:10474000964244F1FD0404F5407402D25B084FEA3E
:104750003202B61A65EB03055B084FEA32024FF4EA
:1047600080104FF4002CB6EB020E75EB030E22BF47
:10477000B61A754640EA0C005B084FEA3202B6EB07
:10478000020E75EB030E22BFB61A754640EA5C00B6
:104790005B084FEA3202B6EB020E75EB030E22BF46
:1047A000B61A754640EA9C005B084FEA3202B6EB47
:1047B000020E75EB030E22BFB61A754640EADC0006
:1047C00055EA060E18D04FEA051545EA16754FEA68
:1047D00006164FEAC30343EA52734FEAC2025FEA86
:1047E0001C1CC0D111F4801F0BD141EA00014FF015
:1047F00000004FF0004CB6E711F4801F04BF0143E6
:104800000020B4F1FD0C88BFBCF5E06F3FF6AFAE01
:10481000B5EB030C04BFB6EB020C5FEA500C50F191
:10482000000041EB045170BD0EF0004E4EEA113114
:1048300014EB5C04C2BFD4EB0C0541EA045170BD1B
:1048400041F480114FF0000E013C90E645EA060E5F
:104850008DE60CEA135594EA0C0F08BF95EA0C0F8D
:104860003FF43BAF94EA0C0F0AD150EA01347FF4D5
:1048700034AF95EA0C0F7FF425AF104619462CE7AC
:1048800095EA0C0F06D152EA03353FF4FDAE10460F
:10489000194622E750EA410618BF52EA43067FF460
:1048A000C5AE50EA41047FF40DAF52EA43057FF4F0
:1048B000EBAE12E74FF0FF3C06E000BF4FF0010CFB
:1048C00002E000BF4FF0010C4DF804CD4FEA410C5F
:1048D0007FEA6C5C4FEA430C18BF7FEA6C5C1BD02C
:1048E00001B050EA410C0CBF52EA430C91EA030FAD
:1048F00002BF90EA020F0020704710F1000F91EA0A
:10490000030F58BF994208BF90422CBFD8176FEAD7
:10491000E37040F0010070474FEA410C7FEA6C5CA5
:1049200002D150EA013C07D14FEA430C7FEA6C5CAC
:10493000D6D152EA033CD3D05DF8040B704700BFD8
:104940008446104662468C461946634600E000BF26
:1049500001B5FFF7B7FF002848BF10F1000F01BDF8
:104960004DF808EDFFF7F4FF0CBF012000205DF8C3
:1049700008FB00BF4DF808EDFFF7EAFF34BF012048
:1049800000205DF808FB00BF4DF808EDFFF7E0FFE1
:1049900094BF012000205DF808FB00BF4DF808ED32
:1049A000FFF7CEFF94BF012000205DF808FB00BF99
:1049B0004DF808EDFFF7C4FF34BF012000205DF87B
:1049C00008FB00BF4FEA410C7FEA6C5C02D150EA61
:1049D000013C0AD14FEA430C7FEA6C5C02D152EAF7
:1049E000033C02D14FF0000070474FF001007047C8
:1049F0004FEA410212F5001215D211D56FF4787307
:104A0000B3EB625212D94FEAC12343F0004343EAA9
:104A1000505311F0004F23FA02F018BF4042704784
:104A20004FF00000704750EA013005D111F000400E
:104A300008BF6FF0004070474FF00000704700BFA4
:104A400053B94AB9002908BF00281CBF4FF0FF31F5
:104A50004FF0FF3000F06AB9ADF1080C6DE904CEFB
:104A600000F006F8DDF804E0DDE9022304B0704749
:104A70002DE9F047089D0E4604460F46002B4AD10B
:104A800094468C45B2FA82F260D942B1C2F1200359
:104A9000974020FA03F30CFA02FC1F4394404FEABC
:104AA0001C4E1FFA8CF6B7FBFEF1230C0EFB1177A0
:104AB00043EA074301FB06F098420AD91CEB0303C3
:104AC00001F1FF3780F01581984240F212810239DE
:104AD00063441B1AA4B2B3FBFEF00EFB103344EA8E
:104AE000034400FB06F6A6420AD91CEB040400F1BD
:104AF000FF3380F00081A64240F2FD80644402381A
:104B000040EA0140A41B00211DB1D4400023C5E9A7
:104B10000043BDE8F0878B4205D90DB1C5E900011E
:104B200000210846F5E7B3FA83F1002946D1B342E4
:104B300002D3824200F2F580841A66EB0302012060
:104B40001746002DE5D0C5E90047E2E7002A40F00E
:104B50009380A1EB0C034FEA1C471FFA8CFE012146
:104B6000B3FBF7F607FB1630230C43EA00430EFBBA
:104B700006F0984208D91CEB030306F1FF3802D275
:104B8000984200F2D08046461B1AA4B2B3FBF7F05D
:104B900007FB103344EA03440EFB00FEA64508D988
:104BA0001CEB040400F1FF3302D2A64500F2B680EC
:104BB0001846A4EB0E0440EA0640A5E7C1F1200721
:104BC0008B4022FA07FC4CEA030C06FA01FE20FA9D
:104BD00007F426FA07F344EA0E0400FA01F84FEA54
:104BE0001C404FEA1449B3FBF0FE1FFA8CF600FBA1
:104BF0001E3349EA03430EFB06F9994502FA01F216
:104C00000BD91CEB03030EF1FF3A80F08580994528
:104C100040F28280AEF1020E6344A3EB0909A4B214
:104C2000B9FBF0F300FB139944EA094403FB06F6D1
:104C3000A64208D91CEB040403F1FF3068D2A64257
:104C400066D9023B644443EA0E40A41BA0FB02E683
:104C5000B4427346B14652D34FD05DB1B8EB0302B4
:104C600064EB090404FA07F722FA01F31F43CC406E
:104C7000C5E9007400214CE7C2F1200120FA01F3DC
:104C80000CFA02FC26FA01F1964033434FEA1C4726
:104C90001FFA8CFEB1FBF7F007FB1016190C41EA66
:104CA000064100FB0EF68E4204FA02F408D91CEB12
:104CB000010100F1FF382DD28E422BD90238614418
:104CC000891B9BB2B1FBF7F607FB161143EA0143C0
:104CD00006FB0EF1994208D91CEB030306F1FF38DD
:104CE00014D2994212D9023E63445B1A46EA00414B
:104CF00036E73946EDE6184602E7F045ADD2BEEBA1
:104D0000020366EB0C060138B146A6E74646ECE71F
:104D1000034698E74046D3E7D6467EE76444023828
:104D200047E708460DE7023E63442DE7704700BFA2
:104D300010B514464FF0FF3392B2024801F065FE01
:104D4000204610BD5807002008B50268034B9A4260
:104D500000D008BD01F01CF8FBE700BF00200040B8
:104D600072B6FEE700B595B03022002108A8FBF727
:104D700093FA0023039304930593069307930193F7
:104D80001F4A116C41F080511164126C02F0805284
:104D90000192019A02931B4A116841F4804111600B
:104DA000126802F480420292029A022208920121C1
:104DB0000B9110210C910E920F9308231093A823AE
:104DC000119312920423139308A800F0C3F898B922
:104DD0000F23039302230493002305934FF4A0535E
:104DE00006934FF480530793052103A800F002FBBC
:104DF00020B915B05DF804FBFFF7B2FFFFF7B0FF75
:104E0000003802400070004008B500F0A7FFFFF72F
:104E1000A9FF02F0EBF905F081FB02F021FA02F0A4
:104E200081FD02F0B9FD02F0F1FD02F0E1FA02F0BD
:104E3000C3FC02F039FD02F045FA02F075FA02F007
:104E4000A5FA05F04BFD114C204602F0C1FE2046AC
:104E500002F0FCFE0E4C204602F0BAFE204602F0A4
:104E6000F5FE0C4C204602F0B3FE204602F0EEFEAA
:104E7000094C204602F0ACFE204602F0E7FE04F0AA
:104E80008FFE02F0FBFE04F09DFEFEE770020020A4
:104E90003C02002008020020D4010020FEE7FEE7CB
:104EA000FEE7FEE7FEE7704708B5024800F000FEA7
:104EB00008BD00BFF806002008B5024800F0F8FD64
:104EC00008BD00BF9806002008B5024801F05CF854
:104ED00008BD00BF0806002010B5044C204602F0B3
:104EE0003DFE204601F066FF10BD00BF58070020C0
:104EF00008B5024801F048F808BD00BFBC09002011
:104F000008B5024801F040F808BD00BFE8040020E1
:104F100000B583B0002200920D4B596C41F48041E2
:104F20005964596C01F48041009100990192196C07
:104F300041F0805119641B6C03F080530193019B75
:104F40000F216FF0010000F0F5FE03B05DF804FBE7
:104F500000380240002800F0E08170B582B00446BD
:104F6000036813F0010F3BD09F4B9B6803F00C03C9
:104F7000042B2CD09C4B9B6803F00C03082B21D0F6
:104F80006368B3F5803F4FD0B3F5A02F52D0964B56
:104F90001A6822F480321A601A6822F480221A6099
:104FA0006368002B50D000F0FFFE05468E4B1B6857
:104FB00013F4003F14D100F0F7FE401B6428F5D92C
:104FC0000320B1E1884B5B6813F4800FD8D0864B87
:104FD0001B6813F4003F03D06368002B00F09F812F
:104FE000236813F0020F54D07F4B9B6813F00C0F13
:104FF0003ED07D4B9B6803F00C03082B33D0E36855
:10500000002B68D0794B01221A6000F0CDFE0546D6
:10501000754B1B6813F0020F54D100F0C5FE401B06
:105020000228F5D903207FE16F4A136843F48033E7
:105030001360B5E76C4B1A6842F480221A601A6854
:1050400042F480321A60ABE700F0AEFE0546664BD4
:105050001B6813F4003FC3D000F0A6FE401B642879
:10506000F5D9032060E1604B5B6813F4800FC6D173
:105070005D4B1B6813F0020F03D0E368012B40F077
:105080005081594A136823F0F803216943EAC103A8
:105090001360236813F0080F42D063696BB3534B5E
:1050A0000122C3F8802E00F07FFE05464E4B5B6F59
:1050B00013F0020F34D100F077FE401B0228F5D91F
:1050C000032031E1484A136823F0F803216943EAD9
:1050D000C1031360DDE7454B00221A6000F064FE57
:1050E0000546414B1B6813F0020FD2D000F05CFE66
:1050F000401B0228F5D9032016E13C4B0022C3F8DF
:10510000802E00F051FE0546374B5B6F13F0020F07
:1051100006D000F049FE401B0228F5D9032003E128
:10512000236813F0040F77D02F4B1B6C13F0805FB4
:1051300033D1002301932C4B1A6C42F080521A6435
:105140001B6C03F080530193019B0125284B1B68C6
:1051500013F4807F23D0A368012B34D0052B38D0E3
:10516000214B1A6F22F001021A671A6F22F0040213
:105170001A67A368002B3DD000F016FE06461A4BB6
:105180001B6F13F0020F46D100F00EFE801B41F2A0
:1051900088339842F3D90320C6E00025D6E7144AA5
:1051A000136843F48073136000F0FEFD0646104B55
:1051B0001B6813F4807FCED100F0F6FD801B02281F
:1051C000F5D90320B0E0084A136F43F001031367D9
:1051D000CFE7054B1A6F42F004021A671A6F42F0CC
:1051E00001021A67C5E700BF0038024000004742CD
:1051F0000070004000F0D8FD0646524B1B6F13F0C4
:10520000020F08D000F0D0FD801B41F28833984295
:10521000F3D9032088E0EDB9A369002B00F0838067
:10522000484A926802F00C02082A51D0022B17D08B
:10523000454B00221A6600F0B7FD0446414B1B683F
:1052400013F0007F42D000F0AFFD001B0228F5D91B
:10525000032069E03B4A136C23F080531364DBE7BF
:10526000394B00221A6600F09FFD0546354B1B683E
:1052700013F0007F06D000F097FD401B0228F5D9FF
:10528000032051E0E369226A1343626A43EA82130E
:10529000A26A5208013A43EA0243E26A43EA02631D
:1052A000284A5360284B01221A6600F07DFD04460F
:1052B000244B1B6813F0007F06D100F075FD001B26
:1052C0000228F5D903202FE000202DE000202BE05C
:1052D000012B2BD01B4B5B6803F48001E2699142E8
:1052E00026D103F03F02216A8A4223D1616A47F640
:1052F000C0721A40B2EB811F1ED103F44031A26A82
:105300005208013AB1EB024F18D103F07063E26A20
:10531000B3EB026F14D1002006E00120704701209A
:1053200002E0012000E0002002B070BD0120FBE798
:105330000120F9E70120F7E70120F5E70120F3E775
:105340000120F1E7003802400000474208B5264B33
:105350009B6803F00C03042B41D0082B41D1224B56
:105360005A6802F03F025B6813F4800F12D01E4BA4
:105370005968C1F388111D480023A1FB0001FFF704
:105380005FFB194B5B68C3F3014301335B00B0FB68
:10539000F3F008BD144B5868C0F388104FEA401C66
:1053A000BCEB000C6EEB0E0E4FEA8E1343EA9C63CF
:1053B0004FEA8C11B1EB0C0163EB0E03DB0043EA07
:1053C0005173C90011EB000C43F100039902002353
:1053D0004FEA8C2041EA9C51FFF732FBD1E70348AA
:1053E000D7E70348D5E700BF0038024040787D0189
:1053F0000024F400002800F09B8070B50D460446A0
:105400004F4B1B6803F007038B4208D2CBB24C4AC8
:105410001370136803F007038B4240F08B802368FE
:1054200013F0020F17D013F0040F04D0454A93680D
:1054300043F4E0539360236813F0080F04D0414A0B
:10544000936843F4604393603E4A936823F0F0030B
:10545000A1680B439360236813F0010F32D0636897
:10546000012B21D09A1E012A25D9364A126812F042
:10547000020F61D033498A6822F0030213438B6024
:1054800000F092FC06462F4B9B6803F00C03626809
:10549000B3EB820F16D000F087FC801B41F28833FB
:1054A0009842F0D9032042E0264A126812F4003FE5
:1054B000E0D101203BE0234A126812F0007FD9D1ED
:1054C000012034E01E4B1B6803F00703AB4207D9F1
:1054D000EAB21B4B1A701B6803F00703AB422DD1D5
:1054E000236813F0040F06D0164A936823F4E053A0
:1054F000E1680B439360236813F0080F07D0114A4B
:10550000936823F46043216943EAC1039360FFF782
:105510001DFF0C4B9B68C3F303130B4AD35CD840AD
:105520000A4B18600A4B186802F002FC002070BD9C
:10553000012070470120FAE70120F8E70120F6E793
:10554000003C024000380240ECAD0008D0010020D1
:10555000CC010020014B1868704700BFD00100202B
:1055600008B5FFF7F7FF044B9B68C3F38223034A98
:10557000D35CD84008BD00BF00380240E4AD00084D
:1055800008B5FFF7E7FF044B9B68C3F34233034AB8
:10559000D35CD84008BD00BF00380240E4AD00082D
:1055A0000F2303600B4B9A6802F0030242609A6873
:1055B00002F0F00282609A6802F4E052C2609B68D6
:1055C000DB0803F4E0530361034B1B6803F007039C
:1055D0000B60704700380240003C024000230F2B54
:1055E00000F2E98070B582B065E085684FEA430E4D
:1055F000032404FA0EF425EA0405CC6804FA0EF438
:105600002C438460446824EA02044A68C2F300120E
:105610009A40224342605CE0DC08083450F82420C1
:1056200003F00705AD004FF00F0E0EFA05FE22EA5B
:105630000E0E0A69AA4042EA0E0240F824205CE0FD
:10564000072200E0002202FA0EF22A4302345A4DE9
:1056500045F82420594A94686FEA0C0224EA0C05A4
:105660004E6816F4801F01D04CEA0405534CA56027
:10567000E46802EA04054E6816F4001F01D04CEA03
:1056800004054E4CE560646802EA04054E6816F4B1
:10569000003F01D04CEA0405484C65602468224074
:1056A0004D6815F4803F01D04CEA0402434C22605F
:1056B00001330F2B7DD801229A400C6804EA020CBA
:1056C00032EA0404F4D14C6804F00304013C012CD8
:1056D0008BD94A6802F00302032A09D0C4685D002E
:1056E0000322AA4024EA02048A68AA402243C26034
:1056F0004A6802F00302022A8ED004684FEA430E81
:10570000032202FA0EF224EA02044A6802F00302BB
:1057100002FA0EF2224302604A6812F4403FC7D0F8
:1057200000220192264A546C44F480445464526C22
:1057300002F480420192019A9C08A51C1E4A52F86C
:10574000255003F0030E4FEA8E0E0F2202FA0EF2DE
:1057500025EA02051B4A90423FF474AF02F58062CD
:1057600090421AD002F58062904218D002F5806211
:10577000904216D002F58062904214D002F5806209
:10578000904212D002F58062904210D002F5806201
:1057900090423FF455AF082255E7012253E7022219
:1057A00051E703224FE704224DE705224BE706228B
:1057B00049E702B070BD704700380140003C01402D
:1057C000003802400000024030B405682C6824F420
:1057D00080242C60046863608368402B05D00368D4
:1057E00099600368DA6030BC704703689A600368A8
:1057F000D960F8E710B40368D9B210390A4AA2FB9D
:1058000001421209094CA25CC2655F2907D96FF3F6
:10581000090304338365806D5DF8044B70476FF3B3
:1058200009038365F7E700BFABAAAAAADCAD0008AD
:10583000836A826992B9012B0AD0022B02D00BB184
:1058400000207047C36A13F0807F28D10020704782
:10585000C36AB3F1C07F24D000207047B2F5005F67
:1058600009D0022B25D9032B25D1C36A13F0807FE1
:1058700023D100207047032B03D8DFE803F0140482
:10588000140A00207047C36A13F0807F0DD10020F6
:105890007047C36AB3F1C07F09D000207047012070
:1058A0007047012070470120704701207047012098
:1058B00070470120704700207047012070470000AA
:1058C00070B5044600F070FA002C5BD00546022348
:1058D00084F83530002384F834302268136823F0CC
:1058E0000103136023681A6812F0010F0AD000F058
:1058F0005BFA431B052BF5D920236365032084F84D
:10590000350070BD1A68204911406268A0680243E2
:10591000E06802432069024360690243A0690243D0
:10592000E0690243206A02430A43616A04291ED0E7
:105930001A602668756925F00705636A1D43042B04
:1059400007D1A36A1D43E36A1BB12046FFF770FF2E
:1059500090B975612046FFF74DFFE26D3F239340FC
:10596000836000206065012384F83530C9E7E16A6F
:10597000206B01430A43DBE740236365012084F881
:105980003500BEE70120BCE73F8010F038B5044683
:10599000856D90F8340001282BD0012084F8340064
:1059A00094F83500C0B2012804D0002384F83430C4
:1059B000022038BD022084F83500002060652046B2
:1059C000FFF702FFE26D3F239340AB60226813684C
:1059D00043F016031360236C23B12268136843F06D
:1059E000080313602268136843F00103136000206A
:1059F000DFE70220DDE770B50446866D00F0D4F9DC
:105A000094F83530DBB2022B06D080236365002387
:105A100084F83430012070BD05462268136823F0F5
:105A2000160313602268536923F080035361236CCB
:105A3000E3B12268136823F0080313602268136837
:105A400023F00103136023681B6813F0010F11D0CA
:105A500000F0AAF9431B052BF5D920236365032029
:105A600084F83500002384F83430D4E7A36C002B8D
:105A7000DFD1E3E7E26D3F239340B360012384F875
:105A80003530002084F83400C5E790F83530DBB2BB
:105A9000022B03D08023436501207047052380F843
:105AA00035300268136823F001031360002070474B
:105AB000F0B583B0044600230193724B1D68724B0E
:105AC000A3FB0535AD0A876D3E68C26D0823934080
:105AD000334210D003681A6812F0040F0BD01A6812
:105AE00022F004021A60C26D08239340BB60436D2C
:105AF00043F001034365E26D01239340334209D033
:105B00002268526912F0800F04D0BB60636D43F0CD
:105B100002036365E26D04239340334209D0226897
:105B2000126812F0020F04D0BB60636D43F00403EF
:105B30006365E26D10239340334224D022681268DB
:105B400012F0080F1FD0BB6023681A6812F4802F70
:105B50000DD01B6813F4002F04D1236C9BB1204699
:105B6000984710E0A36C73B1204698470BE01A6881
:105B700012F4807F03D11A6822F008021A60236CA5
:105B80000BB120469847E26D20239340334255D015
:105B90002268126812F0100F50D0BB6094F83530B4
:105BA000DBB2052B0ED023681A6812F4802F33D095
:105BB0001B6813F4002F2AD1636C002B3ED02046C3
:105BC00098473BE02268136823F0160313602268AD
:105BD000536923F080035361236CA3B122681368D7
:105BE00023F008031360E26D3F239340BB60012361
:105BF00084F83530002384F83430236D002B3FD0F7
:105C0000204698473CE0A36C002BE7D1EBE7E36B21
:105C1000A3B12046984711E01A6812F4807F09D199
:105C20001A6822F010021A60012384F8353000232C
:105C300084F83430E36B0BB120469847636DFBB1B9
:105C4000636D13F0010F17D0052384F835302268F7
:105C5000136823F001031360019B01330193AB42EE
:105C600004D823681B6813F0010FF5D1012384F8D1
:105C70003530002384F83430E36C0BB1204698476C
:105C800003B0F0BDD0010020B5814E1B002807DB1A
:105C900000F01F02400901239340024A42F82030DD
:105CA000704700BF00E100E0002808DB0901C9B22D
:105CB00000F1604000F5614080F80013704700F08B
:105CC0000F000901C9B2014B1954704714ED00E0EF
:105CD00000B500F00700C0F1070CBCF1040F28BFAD
:105CE0004FF0040C031D062B0FD9C31E4FF0FF3ECF
:105CF0000EFA0CF021EA000199400EFA03FE22EAA6
:105D00000E0241EA02005DF804FB0023EEE700000A
:105D1000074AD36823F4E0631B041B0C000200F461
:105D2000E060034343F0BF6343F40033D360704744
:105D300000ED00E010B50446054BD868C0F3022022
:105D4000FFF7C6FF01462046FFF7AEFF10BD00BFBC
:105D500000ED00E008B5FFF799FF08BD08B50B4B53
:105D60001A6842F400721A601A6842F480621A607B
:105D70001A6842F480721A600320FFF7C9FF0F20EF
:105D800001F0D6FFFFF7C4F8002008BD003C024038
:105D9000034A1168034B1B780B441360704700BF24
:105DA0000C040020C8010020014B1868704700BF98
:105DB0000C040020034AD2F8883043F47003C2F880
:105DC0008830704700ED00E030B4036A026A22F0C8
:105DD000010202624268846924F0730C0C6844EA90
:105DE0000C0423F0020C8B6843EA0C03114DA8420B
:105DF00003D005F58065A84205D123F00803CD68DE
:105E00002B4323F004030B4DA84203D005F5806516
:105E1000A84207D122F440724D6945EA020C8A6912
:105E200042EA0C02426084614A684263036230BC09
:105E3000704700BF0000014030B4036A026A22F4D8
:105E4000807202624268C46924F0730C0C6844EAF0
:105E50000C0523F400738C6843EA0423114CA04220
:105E600003D004F58064A04206D123F40063CC681B
:105E700043EA042323F480630A4CA04203D004F5D0
:105E80008064A04207D122F440524C6942EA0412D5
:105E90008C6942EA04124260C5614A68C2630362C7
:105EA00030BC70470000014030B4036A026A22F43B
:105EB000805202624468C26922F4E6420D6842EAF6
:105EC000052223F400538D6843EA0533094DA842A7
:105ED00003D005F58065A84204D124F480444D69BF
:105EE00044EA85144460C2614A680264036230BCBB
:105EF000704700BF0000014090F83D30DBB2012B3D
:105F000037D1022380F83D300268D36843F00103A3
:105F1000D3600368194A934220D0B3F1804F1DD05B
:105F2000A2F57C42934219D002F58062934215D0CB
:105F300002F58062934211D002F5784293420DD06F
:105F400002F57052934209D0A2F59432934205D0E3
:105F50001A6842F001021A60002070479A6802F045
:105F60000702062A07D01A6842F001021A600020D0
:105F70007047012070470020704700BF00000140BB
:105F8000704770477047704770B504460368DE6815
:105F90001D6915F0020F10D016F0020F0DD06FF032
:105FA00002021A610123037703689B6913F0030F50
:105FB0005ED0FFF7E6FF0023237715F0040F12D021
:105FC00016F0040F0FD023686FF004021A61022349
:105FD000237723689B6913F4407F4FD02046FFF757
:105FE000D0FF0023237715F0080F12D016F0080F0A
:105FF0000FD023686FF008021A6104232377236807
:10600000DB6913F0030F40D02046FFF7BAFF0023EF
:10601000237715F0100F12D016F0100F0FD0236851
:106020006FF010021A61082323772368DB6913F4E9
:10603000407F31D02046FFF7A4FF0023237715F0DF
:10604000010F02D016F0010F2DD115F0800F02D0F4
:1060500016F0800F2FD115F0400F02D016F0400F30
:1060600031D115F0200F02D016F0200F33D170BDC2
:10607000FFF786FF2046FFF785FF9CE72046FFF7E6
:106080007FFF2046FFF77EFFABE72046FFF778FF54
:106090002046FFF777FFBAE72046FFF771FF20465B
:1060A000FFF770FFC9E723686FF001021A6120460D
:1060B000FEF74AFEC9E723686FF080021A612046A6
:1060C00000F038FBC7E723686FF040021A612046F2
:1060D000FFF759FFC5E723686FF020021A612046D9
:1060E00000F027FBC3E700000368324A904212D059
:1060F000B0F1804F0FD0A2F57C4290420BD002F558
:106100008062904207D002F58062904203D002F58F
:106110007842904203D123F070034A681343254A22
:1061200090422AD0B0F1804F27D0A2F57C42904215
:1061300023D002F5806290421FD002F58062904227
:106140001BD002F57842904217D002F5705290426F
:1061500013D002F5806290420FD002F58062904227
:106160000BD0A2F59832904207D002F5806290429F
:1061700003D002F58062904203D123F44073CA68D1
:10618000134323F080034A6913438A68C2620A6892
:106190008262084A904203D002F58062904201D1A7
:1061A0000A690263026842F004020260012242614D
:1061B000036070470000014040B310B5044690F8FA
:1061C0003D30F3B1022384F83D30214651F8040BF1
:1061D000FFF78AFF012384F8463084F83E3084F8C4
:1061E0003F3084F8403084F8413084F8423084F8FD
:1061F000433084F8443084F8453084F83D30002042
:1062000010BD80F83C3001F00BFADBE7012070474D
:1062100040B310B5044690F83D30F3B1022384F842
:106220003D30214651F8040BFFF75EFF012384F84F
:10623000463084F83E3084F83F3084F8403084F8AB
:10624000413084F8423084F8433084F8443084F894
:10625000453084F83D30002010BD80F83C3001F01E
:10626000EFF8DBE701207047002853D0F8B50D4662
:10627000044690F83D30002B47D0022384F83D308F
:106280002268936823F4804323F007039360214638
:1062900051F8040BFFF728FF21688B688A690E6AA2
:1062A0002868184322F4407222F00302AB68AF69F9
:1062B00043EA0723134323F47C4323F0FC03EA68F7
:1062C000EF6942EA07221A432B6A1B032F6943EA4C
:1062D0000713134326F0AA066A686D6942EA05129D
:1062E0003243886021688B6123681A62012384F835
:1062F000463084F83E3084F83F3084F8423084F8E9
:10630000433084F83D300020F8BD80F83C3001F087
:10631000C1F8B2E70120704730B4036A026A22F084
:10632000100202624468826922F4E6420D6842EA81
:10633000052223F020038D6843EA0513114DA8427E
:1063400003D005F58065A84206D123F08003CD680F
:1063500043EA051323F040030A4DA84203D005F594
:106360008065A84207D124F440644D6944EA85045D
:106370008D6944EA8504446082614A6882630362ED
:1063800030BC70470000014038B590F83C30012B1C
:1063900066D004460D46012380F83C300C2A5AD8BA
:1063A000DFE802F0075959591B59595930595959C1
:1063B00044000068FFF708FD2268936943F0080372
:1063C00093612268936923F00403936122689369BF
:1063D00029690B43936100203EE00068FFF79CFFB2
:1063E0002268936943F4006393612268936923F4FC
:1063F0008063936122689369296943EA0123936169
:10640000002029E00068FFF717FD2268D36943F0F8
:106410000803D3612268D36923F00403D36122689F
:10642000D36929690B43D361002015E00068FFF7A9
:106430003BFD2268D36943F40063D3612268D369CA
:1064400023F48063D3612268D369296943EA012375
:10645000D361002000E00120002384F83C3038BDE7
:106460000220FCE701F01F014FF0010C0CFA01FCC7
:10647000036A23EA0C030362036A8A40134303623C
:106480007047000010B504460846002942D194F830
:106490003E30DBB2013B18BF0123002B6ED1002838
:1064A00051D1022384F83E30012201462068FFF7D3
:1064B000D9FF2368334A934203D002F580629342A6
:1064C00003D15A6C42F400425A6423682D4A934225
:1064D00049D0B3F1804F46D0A2F57C42934242D0DE
:1064E00002F5806293423ED002F5806293423AD038
:1064F00002F57842934236D002F57052934232D080
:10650000A2F5943293422ED01A6842F001021A602A
:10651000002032E0042908D008290DD094F8413039
:10652000DBB2013B18BF0123B7E794F83F30DBB281
:10653000013B18BF0123B0E794F84030DBB2013BC8
:1065400018BF0123A9E7042805D0082807D0022393
:1065500084F84130A8E7022384F83F30A4E70223FF
:1065600084F84030A0E79A6802F00702062A07D0B4
:106570001A6842F001021A60002010BD0120FCE7F9
:106580000020FAE70000014038B5044690F83E00CC
:10659000C0B294F83F3094F84220D2B294F843C08D
:1065A0000D46B1B9012849D1012A48D1022384F806
:1065B0003E3084F842307DB3042D39D001220021D1
:1065C0002068FFF74FFF012204212068FFF74AFFF0
:1065D00027E0DBB25FFA8CFC042912D0012833D10A
:1065E000012B2CD1012A31D1BCF1010F30D1022372
:1065F00084F83E3084F83F3084F8423084F84330E9
:10660000D9E7012B1CD1BCF1010F1BD1022384F867
:106610003F3084F84330CEE7012200212068FFF7A5
:1066200021FF2268136843F001031360002006E095
:10663000012204212068FFF715FFF2E7012038BD91
:106640000120FCE71846FAE70120F8E71846F6E7CC
:106650001046F4E790F83C20012A3DD010B40346E0
:10666000012280F83C20022280F83D200268506818
:10667000946820F0700C086840EA0C0050601A68BA
:10668000164882421AD0B2F1804F17D0A0F57C4054
:10669000824213D000F5806082420FD000F5806006
:1066A00082420BD000F57840824207D000F570504E
:1066B000824203D0A0F59430824204D124F08004B9
:1066C000496821439160012283F83D20002083F82E
:1066D0003C005DF8044B7047022070470000014009
:1066E000024690F83C30012B21D0012380F83C3049
:1066F000CB6823F440738868034323F480634868BD
:10670000034323F400630868034323F480530869B8
:10671000034323F400534869034323F48043C969C6
:106720000B4311684B64002082F83C007047022044
:10673000704770477047026802F10C0353E8003F4E
:1067400023F0C0030C3242E800310029F3D12023AA
:1067500080F841307047026802F10C0353E8003FB3
:1067600023F490730C3242E800310029F3D102681F
:1067700002F1140353E8003F23F00103143242E80E
:1067800000310029F3D1036B012B05D0202380F8C1
:106790004230002303637047026802F10C0353E8A0
:1067A000003F23F010030C3242E800310029F3D1FE
:1067B000ECE790F84130DBB2212B01D0022070478A
:1067C0008368B3F5805F17D0036A5A1C02621A7897
:1067D00003685A60C38C9BB2013B9BB2C3844BB924
:1067E0000268D36823F08003D3600268D36843F063
:1067F0004003D360002070470369002BE4D1036A93
:106800001B880268C3F308035360036A0233036200
:10681000E0E7000010B504460268136923F4405312
:10682000C1680B431361836802691A4343691A43C1
:10683000C3691A430168CB6823F4164323F00C03A1
:106840001343CB600268536923F4407381690B439F
:1068500053610368314A934206D002F58062934245
:1068600002D0FEF77DFE01E0FEF78AFEE369B3F594
:10687000004F29D00021031849411B1841F10001A4
:10688000C90041EA5371DB00181863684FEA8302BC
:106890004FEA937341F10001FEF7D2F8204AA2FBC0
:1068A00000314909642303FB11031B013233A2FBAE
:1068B00003235B0903F0F00202EB011203F00F0364
:1068C000216813448B6010BD0023021843EB0301C1
:1068D000121841F10001C90041EA5271D2001018AA
:1068E00041F10001626892185B41FEF7A9F80C4A79
:1068F000A2FB00314909642303FB1103DB0032339F
:10690000A2FB03235B095A0002F4F87202EB0112A6
:1069100003F00703216813448B60D4E700100140A3
:106920001F85EB512DE9F04383B005460E4617460F
:106930009946DDF828802B681C6836EA04040CBFF1
:1069400001240024BC4228D1B8F1FF3FF3D0FFF767
:106950002BFAA0EB0900404523D8B8F1000F22D054
:106960002B68DA6812F0040FE5D0802EE3D0402EB9
:10697000E1D01A6812F0080FDDD0002401941A68E3
:1069800001925B680193019B2846FFF7E4FE082310
:106990006B6485F84040012000E0002003B0BDE8B2
:1069A000F0830320FAE70320F8E760B310B504464C
:1069B00090F8413013B3242384F841302268D3681F
:1069C00023F40053D3602046FFF724FF22681369A5
:1069D00023F4904313612268536923F02A0353611F
:1069E0002268D36843F40053D360002060642023FE
:1069F00084F8413084F84230606310BD80F8403044
:106A000001F01EF8D7E7012070472DE9F04182B070
:106A10001E4690F84130DBB2202B56D104460D467D
:106A20009046002955D00AB901204FE00023436465
:106A3000212380F84130FFF7B7F90746A4F82480F6
:106A4000A4F82680A368B3F5805F02D04FF0000859
:106A500014E023692BB34FF000080FE0202384F8E3
:106A60004130032032E038F8023B2268C3F30803C8
:106A70005360E28C92B2013A92B2E284E38C9BB210
:106A800093B100963B46002280212046FFF74AFF43
:106A90000028E3D1002DE6D015F8012B23685A60B9
:106AA000E7E7A8460025E9E700963B46002240219B
:106AB0002046FFF737FF18B9202384F8413005E05E
:106AC000202384F84130032000E0022002B0BDE81A
:106AD000F0810120FAE7000038B5134690F8412014
:106AE000D2B2202A36D10446002935D00BB9012074
:106AF00031E001628384C38400224264212084F84F
:106B00004100A06B154DC563A06B154D0564A06BCE
:106B1000144DC564A06B026522680432A06BFEF7B9
:106B200035FF30B110236364202384F84130012005
:106B300011E023686FF040021A60226802F114032A
:106B400053E8003F43F08003143242E8003100294B
:106B5000F3D100E0022038BD0120FCE7ED6B000816
:106B6000556C0008656C000810B5044603685A6946
:106B700090F84130DBB2212B0AD023685A6902F029
:106B8000400294F84230DBB2222B19D0002010BD15
:106B900002F08002002AF0D0226802F1140353E8C8
:106BA000003F23F08003143242E800310029F3D182
:106BB000A06B08B1FEF71FFF2046FFF7BCFDDCE726
:106BC000002AE3D0226802F1140353E8003F23F0C7
:106BD0004003143242E800310029F3D1E06B08B1E0
:106BE000FEF709FF2046FFF7B6FDCFE708B50346DD
:106BF000806B1B681B6813F4807F1AD10023C38449
:106C0000026802F1140353E8003F23F080031432BA
:106C100042E800310029F3D1026802F10C0353E885
:106C2000003F43F040030C3242E800310029F3D129
:106C300008BD03F015FDFBE708B50168CA6822F03E
:106C40004002CA60202280F8412003F009FD0020A4
:106C500008BD704708B5806BFFF7FBFF08BD7047A4
:106C60007047704710B5846B23685A6994F84130B7
:106C7000DBB2212B10D023685A6902F0400294F84D
:106C80004230DBB2222B11D0636C43F010036364FB
:106C90002046FFF7E6FF10BD02F08002002AEAD08E
:106CA0000023E3842046FFF746FDE4E7002AEBD00B
:106CB0000023E3852046FFF74EFDE5E708B5806B2E
:106CC0000023C385FFF7CDFF08BD704790F8423021
:106CD000DBB2222B69D18368B3F5805F4FD0826A23
:106CE000B3F5805F04D0002B56D10369002B53D13C
:106CF00003685B681370836A01338362C38D9BB240
:106D0000013B9BB2C385002B51D100B583B0026813
:106D1000D36823F02003D3600268D36823F4807320
:106D2000D3600268536923F001035361202380F884
:106D3000423000234363036B012B33D100230363F1
:106D4000026802F10C0353E8003F23F010030C32F9
:106D500042E800310029F3D103681A6812F0100FDD
:106D600006D0002201921A6801925B680193019B90
:106D7000818DFFF7AAFF002003B05DF804FB0269D4
:106D8000002AACD1826A03685B68C3F308031380EE
:106D9000836A02338362B1E703685B6803F07F03B1
:106DA0001370A8E7FFF75BFFE5E7022070470020BC
:106DB0007047000010B582B0044602681368D068BE
:106DC000516913F00F0F09D113F0200F0CD010F000
:106DD000200F09D02046FFF779FF16E011F00101DE
:106DE00015D110F4907F12D1216B012979D013F0C5
:106DF000800F03D010F0800F40F0218113F0400F7E
:106E000003D010F0400F40F01E8102B010BD13F00F
:106E1000010F06D010F4807F03D0626C42F00102B3
:106E2000626413F0040F04D019B1626C42F00202E4
:106E3000626413F0020F04D019B1626C42F00402D4
:106E4000626413F0080F07D010F0200F00D119B1C1
:106E5000626C42F008026264626C002AD5D013F0C2
:106E6000200F02D010F0200F29D123685B6903F0B6
:106E70004003626C12F0080F00D163B32046FFF7A5
:106E80006AFC23685B6913F0400F20D0226802F18E
:106E9000140353E8003F23F04003143242E800316A
:106EA0000029F3D1E36B73B1694A1A65E06BFEF711
:106EB000ECFD0028A9D0E06B036D9847A5E72046BC
:106EC000FFF704FFD1E72046FFF7CBFE9DE7204602
:106ED000FFF7C7FE99E72046FFF7C3FE0023636470
:106EE00093E713F0100F82D010F0100F3FF47FAF34
:106EF000002301931368019353680193019B536925
:106F000013F0400F5FD0E26B13685B689BB2002BFD
:106F10004AD0A18D994247D9E385D369B3F5807FE3
:106F200037D0226802F10C0353E8003F23F480734A
:106F30000C3242E800310029F3D1226802F1140337
:106F400053E8003F23F00103143242E800310029E6
:106F5000F3D1226802F1140353E8003F23F0400309
:106F6000143242E800310029F3D1202384F8423062
:106F700000232363226802F10C0353E8003F23F04F
:106F800010030C3242E800310029F3D1E06BFEF728
:106F900032FD02236363A18DE38D9BB2C91A89B2CE
:106FA0002046FFF792FE30E7A18D99427FF42DAF86
:106FB000D369B3F5807F7FF428AF02236363204653
:106FC000FFF783FE21E7A18DE38D9BB2C91A89B239
:106FD000E38D9BB2002B3FF418AF00293FF415AFAF
:106FE000226802F10C0353E8003F23F490730C3243
:106FF00042E800300028F3D1226802F1140353E87C
:10700000003F23F00103143242E800300028F3D19E
:10701000202384F8423000232363226802F10C030A
:1070200053E8003F23F010030C3242E80030002800
:10703000F3D1022363632046FFF747FEE5E62046CF
:10704000FFF7B7FBE1E62046FFF7F6FDDDE600BF00
:10705000BD6C000808B5806B01234363036B012BF3
:1070600002D0FFF7FDFD08BD818D4908FFF72DFE19
:10707000F9E708B50346806B1B681B6813F4807F33
:107080002BD10023C385026802F10C0353E8003FB3
:1070900023F480730C3242E800310029F3D10268F6
:1070A00002F1140353E8003F23F00103143242E8D5
:1070B00000310029F3D1026802F1140353E8003FC4
:1070C00023F04003143242E800310029F3D1202399
:1070D00080F84230036B012B07D000234363036B1E
:1070E000012B0FD0FFF7BBFD08BD026802F10C03B6
:1070F00053E8003F23F010030C3242E8003100292E
:10710000F3D1EAE7818DFFF7E0FDEDE730B583B01D
:10711000044613468162828500224264222084F85C
:107120004200E06B244DC563E06B244D0564E06BC9
:10713000234DC564E06B026520680A46011DE06BC3
:10714000FEF724FC00282FD10023019323681A683E
:1071500001925B680193019B23695BB1226802F194
:107160000C0353E8003F43F480730C3242E80031D3
:107170000029F3D1226802F1140353E8003F43F0E1
:107180000103143242E800310029F3D1226802F1F0
:10719000140353E8003F43F04003143242E8003147
:1071A0000029F3D103B030BD10236364202384F899
:1071B00042300120F6E700BF7370000855700008E8
:1071C000656C000808B590F84230DBB2202B08D17E
:1071D00049B10AB9012008BD00230363FFF796FFF8
:1071E000F9E70220F7E70120F5E7000086B000226A
:1071F00001921A4B196B41F010011963196B01F0E0
:107200001001019101990292196B41F080011963FB
:10721000196B01F08001029102990392196B41F000
:1072200001011963196B01F00101039103990492A3
:10723000196B41F002011963196B01F0020104910D
:10724000049905921A6B42F008021A631B6B03F053
:1072500008030593059B06B0704700BF0038024045
:1072600000B58DB02422002103A8F9F715F80023FA
:107270000193029312484FF08042026043608360A2
:107280004FF6FF72C26003618361032303930123FE
:107290000593099303A9FEF7E7FF50B90023019373
:1072A000029301A90648FFF7D5F928B90DB05DF89A
:1072B00004FBFDF755FDF1E7FDF752FDF6E700BFD2
:1072C0000806002000B58DB02422002103A8F8F79D
:1072D000E3FF0023019302931148124A02604360C6
:1072E00083604FF6FF72C2600361836101230393E1
:1072F0000593099303A9FEF7B7FF50B90023019343
:10730000029301A90648FFF7A5F928B90DB05DF869
:1073100004FBFDF725FDF1E7FDF722FDF6E700BFD1
:10732000C00500200004004000B58DB024220021DB
:1073300003A8F8F7B1FF0023019302931148124A02
:107340000260436083604FF6FF72C2600361836135
:10735000012303930593099303A9FEF785FF50B911
:1073600000230193029301A90648FFF773F928B996
:107370000DB05DF804FBFDF7F3FCF1E7FDF7F0FC61
:10738000F6E700BF780500200008004000B58DB08A
:107390002422002103A8F8F77FFF00230193029322
:1073A0001148124A0260436083604FF0FF32C260AE
:1073B00003618361012303930593099303A9FEF7F6
:1073C00053FF50B900230193029301A90648FFF728
:1073D00041F928B90DB05DF804FBFDF7C1FCF1E7F8
:1073E000FDF7BEFCF6E700BF30050020000C0040B2
:1073F00000B583B00023009301930F480F4A026049
:1074000044F29F12426083606322C2608361FEF790
:10741000D3FE50B900230093019369460648FFF755
:1074200019F928B903B05DF804FBFDF799FCF1E701
:10743000FDF796FCF6E700BFE804002000100040CE
:1074400082B00368104A934204D0104A93420ED08F
:1074500002B07047002300930D4B5A6C42F00102BA
:107460005A645B6C03F001030093009BF0E7002378
:107470000193074B5A6C42F480325A645B6C03F4FC
:1074800080330193019BE3E700000140004001408D
:107490000038024070B58EB0002309930A930B9315
:1074A0000C930D930368B3F1804F0BD0554A934270
:1074B00047D0554A934264D0544A934200F08280A8
:1074C0000EB070BD0024009403F50E331A6C42F028
:1074D00001021A641A6C02F001020092009A0194EF
:1074E0001A6B42F001021A631A6B02F00102019258
:1074F000019A02941A6B42F002021A631B6B03F0AA
:1075000002030293029B4FF40043099302260A965A
:1075100001250D9509A93E48FEF760F80823099357
:107520000A960B940C940D9509A93A48FEF756F863
:10753000224605211C20FEF7FDFB1C20FEF70AFC5D
:10754000BEE700210391344B1A6C42F002021A6428
:107550001A6C02F002020392039A04911A6B42F031
:1075600001021A631B6B03F001030493049BC02305
:10757000099302230A930D9309A92548FEF72EF8D3
:107580009EE700210591244B1A6C42F004021A6414
:107590001A6C02F004020592059A06911A6B42F0E9
:1075A00008021A631B6B03F008030693069B4FF453
:1075B0004053099302230A930D9309A91748FEF734
:1075C0000DF87DE700210791134B1A6C42F0080279
:1075D0001A641A6C02F008020792079A08911A6B53
:1075E00042F001021A631B6B03F001030893089B2E
:1075F0000323099302230A930D9309A90448FDF775
:10760000EDFF5DE70004004000080040000C004072
:10761000000002400004024000380240000C02401A
:1076200000B585B003681D4A934208D01C4A9342B6
:1076300019D01C4A934223D005B05DF804FB002208
:107640000192194B196C41F0100119641B6C03F085
:1076500010030193019B05213620FEF76BFB3620BA
:10766000FEF778FBE8E7002302930F4B5A6C42F4D5
:1076700000325A645B6C03F400330293029BDBE735
:1076800000230393084B5A6C42F480225A645B6CCB
:1076900003F480230393039BCEE700BF0010004058
:1076A00000440140004801400038024000B58BB062
:1076B0000023059306930793089309930368374AB9
:1076C00093420BD0364A934220D0364A934234D06C
:1076D000354A934249D00BB05DF804FB0023019377
:1076E000324B1A6B42F010021A631B6B03F010034B
:1076F0000193019B4FF4D443059302230693012386
:10770000099305A92A48FDF769FFE4E700230293DE
:10771000264B1A6B42F010021A631B6B03F0100326
:107720000293029B6023059302230693032309938C
:1077300005A91F48FDF752FFCDE7002303931B4B1C
:107740001A6B42F002021A631B6B03F002030393ED
:10775000039B4FF48073059302230693032309933D
:1077600005A91448FDF73AFFB5E7002304930F4B32
:107770001A6B42F002021A631B6B03F002030493BC
:10778000049B4FF40073059302230693032309938C
:1077900005A90848FDF722FF9DE700BF0000014052
:1077A00000400140004401400048014000380240D0
:1077B000001002400004024010B592B00024109462
:1077C000119409940A940B940C940D940E940F94B4
:1077D0002022214601A8F8F75FFD3148314B0360B4
:1077E000A723436084603123C360046144618461E2
:1077F000FEF70EFD00283DD100231093119310A930
:107800002748FEF727FF002837D16023099300227D
:107810000A9202230B930C920D920E920F9209A9D9
:107820001F48FEF7B1FD58BB042209A91C48FEF70A
:10783000ABFD40BB082209A91948FEF7A5FD28BBEE
:107840000C2209A91648FEF79FFD10BB00230193E7
:1078500002930393049305934FF400520692089306
:1078600001A90F48FEF73CFFB0B90D48FFF71EFF16
:1078700012B010BDFDF774FABEE7FDF771FAC4E768
:10788000FDF76EFAD0E7FDF76BFAD3E7FDF768FA7C
:10789000D6E7FDF765FAD9E7FDF762FAE5E700BF3D
:1078A000500600200000014000B589B0002301937C
:1078B0000293039304930593069307931748184A7A
:1078C0000260A722426083603122C260036183614B
:1078D000FEF79EFCC0B960230193002202920223AE
:1078E0000393059201A90D48FEF74EFD78B90422D5
:1078F0000DEB02010948FEF747FD58B90748FFF7AD
:10790000D5FE09B05DF804FBFDF72AFAE3E7FDF7C1
:1079100027FAECE7FDF724FAF0E700BFA004002007
:107920000040014000B589B0002301930293039306
:1079300004930593069307931548164A0260A722FD
:10794000426083603122C26003618361FEF734FCD0
:10795000A8B90F48FEF75CFCA0B960230193002290
:10796000029202230393059201A90948FEF70CFD38
:1079700058B90748FFF79AFE09B05DF804FBFDF718
:10798000EFF9E6E7FDF7ECF9E7E7FDF7E9F9F0E7EE
:10799000580400200044014000B589B00023019341
:1079A0000293039304930593069307931548164A8D
:1079B0000260A722426083603122C260036183615A
:1079C000FEF7FAFBA8B90F48FEF722FCA0B9602326
:1079D00001930022029202230393059201A9094810
:1079E000FEF7D2FC58B90748FFF760FE09B05DF812
:1079F00004FBFDF7B5F9E6E7FDF7B2F9E7E7FDF7B8
:107A0000AFF9F0E7100400200048014008B50A482B
:107A10000A4B03604FF4E133436000238360C3608B
:107A200003610C2242618361C361FEF7BEFF00B9AE
:107A300008BDFDF795F9FBE7580700200048004016
:107A400030B589B0002303930493059306930793FD
:107A50000268374B9A4201D009B030BD0446002578
:107A6000019503F5F8331A6C42F480221A641A6CFB
:107A700002F480220192019A02951A6B42F00802E8
:107A80001A631B6B03F008030293029B4FF44073CD
:107A9000039302230493032306930723079303A965
:107AA0002448FDF79BFD2448244B03604FF00063FE
:107AB00043608560C5604FF4806303614561856103
:107AC0004FF48073C36105624562FDF7F9FE40BB68
:107AD000194BE3639C631A481A4B03604FF0006331
:107AE0004360402383600023C3604FF480620261DF
:107AF00043618361C36103624362FDF7E1FE98B9AC
:107B00000F4BA3639C63002205212720FEF712F987
:107B10002720FEF71FF92268D36843F01003D360D3
:107B20009AE7FDF71DF9D3E7FDF71AF9E8E700BF7B
:107B300000480040000C0240F80600202860024087
:107B4000980600205860024008B54FF400720249C0
:107B5000FFF738FB08BD00BFA007002003681A68C4
:107B600012F0100F00D1704710B584B00446002207
:107B700002921A6802925B680293029BFEF7F4FF7E
:107B8000E36B1B68596889B2C1F5007189B20F4B6C
:107B9000186800B121B92046FFF7D6FF04B010BD28
:107BA0000023039303AA0092032201F02FFD039BFD
:107BB000002BF0D04FF0E0234FF08052C3F8042D9B
:107BC000BFF34F8FBFF36F8FE5E700BFB40900200D
:107BD00010B5044681680068FEF754FCE1686068EF
:107BE000FEF750FCA36853B923681B6800225A6350
:107BF000E368BBB963681B6800225A6310BD042B9D
:107C000006D0082B09D023681B6800221A64EFE70E
:107C100023681B6800229A63EAE723681B68002236
:107C2000DA63E5E7042B06D0082B09D063681B68EC
:107C300000221A64E2E763681B6800229A63DDE7AA
:107C400063681B680022DA63D8E7000008B50023E8
:107C5000436100238361C361C36203633C21006904
:107C6000FEF792FC0148FEF747F908BDE804002042
:107C700008B5012002F020F8FBE7000008B5194A1A
:107C80000121084602F026F8174B1860174A022116
:107C90000A2002F078F8164B1860164A00211648A0
:107CA00001F0ACFF154B1860154A0021154801F092
:107CB000A5FF154B1860154A0021154801F09EFFDD
:107CC000144B1860144A0021144801F097FF144B1C
:107CD0001860144A0021144801F090FF134B1860FB
:107CE00008BD00BFA8AF0008A0090020B8AF000879
:107CF000A409002060B00008717C0008B8090020C9
:107D00003CB00008A9A50008B409002018B000087C
:107D100019A60008B0090020F4AF00083DA700082C
:107D2000AC090020D0AF0008F1A60008A809002087
:107D300030B589B0044600230193214B1A6C42F4FC
:107D400080721A641B6C03F480730193019B02A977
:107D500003A8FDF725FC069BCBB9FDF701FC034604
:107D6000184AA2FB03239B0C013B1748174A0260E9
:107D700040F2E732C26043600023036183608361A5
:107D8000FEF71AFA054630B1284609B030BDFDF7B6
:107D9000E7FB4300E4E70C48FEF7AEF80546002891
:107DA000F2D12D20FDF7D6FF0F2C01D90125EBE7ED
:107DB000002221462D20FDF7BDFF054B1C60E3E7A7
:107DC0000038024083DE1B43BC0900200020004035
:107DD000CC01002000F1080343604FF0FF328260C5
:107DE000C360036100230360704700230361704791
:107DF00043684B609A688A605160996008610368C3
:107E000001330360704730B40D68B5F1FF3F11D006
:107E100000F108031C465B681A68AA42FAD9636835
:107E20004B6099608C606160086103680133036096
:107E300030BC70470469F2E70369416882688A6070
:107E4000416851605A68824206D0002202611A6875
:107E5000013A1A601868704782685A60F5E703466D
:107E6000406A18B11B6B1868C0F13800704710B534
:107E7000044602F0FFF9A26BE36B9A4204D000249F
:107E800002F01AFA204610BD0124F9E710B50446A5
:107E900002F0F0F9A36B23B9012402F00DFA204699
:107EA00010BD0024F9E770B504461546866B026CD8
:107EB0005AB903681BB100200136A66370BD806803
:107EC00001F036FA0023A360F6E76DB94068F9F7D0
:107ED00081FD6368226C13446360A268934219D3E6
:107EE000236863602846E7E7C068F9F773FDE36835
:107EF000226C51429B1AE3602268934202D2A3682B
:107F00000B44E360022D01D00020D5E726B1013EED
:107F10000020D1E72846CFE70020CDE70346026CDA
:107F20006AB110B50846D9681144D9609C68A1426D
:107F300001D31968D960D968F9F74CFD10BD7047B5
:107F400038B5054602F096F995F8454064B201E06F
:107F5000013C64B2002C0ADD6B6A43B105F12400D8
:107F600001F0EAF80028F3D001F07AF9F0E7FF23F6
:107F700085F8453002F0A0F902F07CF995F844400C
:107F800064B201E0013C64B2002C0ADD2B6943B10C
:107F900005F1100001F0D0F80028F3D001F060F9ED
:107FA000F0E7FF2385F8443002F086F938BD38B594
:107FB000E0B10D46044602F05DF92368E26B216CE6
:107FC00001FB0230A0600020A0636360013A02FB65
:107FD0000133E360FF2384F8443084F84530FDB971
:107FE000236963B902F068F9012038BD4FF05003EE
:107FF00083F31188BFF36F8FBFF34F8FFEE704F158
:10800000100001F099F80028ECD04FF0E0234FF079
:108010008052C3F8042DBFF34F8FBFF36F8FE1E79A
:1080200004F11000FFF7D6FE04F12400FFF7D2FEA2
:10803000D8E738B51D46049C0B4649B92460E06377
:10804000236401212046FFF7B2FF84F84C5038BD6D
:108050002260F4E740B94FF0500383F31188BFF377
:108060006F8FBFF34F8FFEE710B584B01C46844678
:1080700053B192B189B94FF0500383F31188BFF324
:108080006F8FBFF34F8FFEE74FF0500383F31188DC
:10809000BFF36F8FBFF34F8FFEE76AB15023039397
:1080A000039B502B13D04FF0500383F31188BFF381
:1080B0006F8FBFF34F8FFEE70029EFD04FF05003D3
:1080C00083F31188BFF36F8FBFF34F8FFEE7039BDE
:1080D000012384F8463000949DF818306046FFF77D
:1080E000A8FF204604B010BD40B94FF0500383F301
:1080F0001188BFF36F8FBFF34F8FFEE7F0B583B0EA
:108100000D461446064601FB00F0503001F086FF94
:10811000074650B1002380F846300090234600F116
:10812000500229463046FFF784FF384603B0F0BDC1
:1081300040B94FF0500383F31188BFF36F8FBFF343
:108140004F8FFEE710B582B00C46884208D24FF040
:10815000500383F31188BFF36F8FBFF34F8FFEE798
:1081600002230093134600221146FFF773FF00B16C
:10817000846302B010BD40B94FF0500383F31188FF
:10818000BFF36F8FBFF34F8FFEE710B50C468842E9
:1081900008D24FF0500383F31188BFF36F8FBFF302
:1081A0004F8FFEE702220021FFF79EFF00B184639C
:1081B00010BDF0B585B0019288B10F461D4604464A
:1081C000B1B1022D20D1E36B012B1DD04FF0500334
:1081D00083F31188BFF36F8FBFF34F8FFEE74FF02C
:1081E000500383F31188BFF36F8FBFF34F8FFEE708
:1081F000036C002BE5D04FF0500383F31188BFF3DD
:108200006F8FBFF34F8FFEE701F036F8064658B97F
:10821000019B002B48D04FF0500383F31188BFF32C
:108220006F8FBFF34F8FFEE700263DE02A463946A9
:108230002046FFF738FE636A7BB948B14FF0E02370
:108240004FF08052C3F8042DBFF34F8FBFF36F8FF1
:1082500002F032F8012005B0F0BD04F1240000F076
:108260006BFF0028F4D04FF0E0234FF08052C3F8AA
:10827000042DBFF34F8FBFF36F8FE9E702F01CF8B7
:108280000020E8E702A800F09DFF012619E0002386
:1082900084F8443021E0002384F8453023E0204670
:1082A000FFF74EFE00F026FE01F0E4FFA26BE36B49
:1082B0009A42BBD3022DB9D0019B002BDED0002EF9
:1082C000E0D001F0F9FF00F07BFD01F0D3FF94F85E
:1082D000442052B2B2F1FF3FD9D094F8452052B2B7
:1082E000B2F1FF3FD7D001F0E7FF01A902A800F0EB
:1082F00075FFD8B92046FFF7BAFD0028CFD0019905
:1083000004F1100000F0E4FE2046FFF719FE00F033
:10831000F1FD0028C8D14FF0E0234FF08052C3F8A0
:10832000042DBFF34F8FBFF36F8FBDE72046FFF7DC
:1083300007FE00F0DFFD00208DE72DE9F84390B146
:108340000F4616461C460546B1B1022C20D1EB6BF8
:10835000012B1DD04FF0500383F31188BFF36F8FB3
:10836000BFF34F8FFEE74FF0500383F31188BFF345
:108370006F8FBFF34F8FFEE7036C002BE5D04FF0FC
:10838000500383F31188BFF36F8FBFF34F8FFEE766
:1083900002F096F8EFF311884FF0500383F3118841
:1083A000BFF36F8FBFF34F8FAA6BEB6B9A4206D36D
:1083B000022C04D0002088F31188BDE8F88395F8DA
:1083C00045904FFA89F9AB6B224639462846FFF7AC
:1083D0006AFDB9F1FF3F06D009F101035BB285F8F0
:1083E00045300120E7E76B6A0BB90120E3E705F1AF
:1083F000240000F0A1FE18B126B101203060DAE7B8
:108400000120D8E70120D6E768B170B50C460546D3
:10841000036C8BB14FF0500383F31188BFF36F8F60
:10842000BFF34F8FFEE74FF0500383F31188BFF384
:108430006F8FBFF34F8FFEE70368EBB102F040F898
:10844000EFF311864FF0500383F31188BFF36F8F62
:10845000BFF34F8FAA6BEB6B934226D995F845304B
:108460005BB20132AA63B3F1FF3F11D001335BB2BB
:1084700085F84530012019E08368002BDED04FF0ED
:10848000500383F31188BFF36F8FBFF34F8FFEE765
:108490006B6A0BB9012009E005F1240000F04CFEE5
:1084A00038B144B10120206000E0002086F311883B
:1084B00070BD0120FAE70120F8E7F0B585B0019220
:1084C00090B10F460446C1B100F0D6FE064600BB8F
:1084D000019B002B5ED04FF0500383F31188BFF354
:1084E0006F8FBFF34F8FFEE74FF0500383F3118878
:1084F000BFF36F8FBFF34F8FFEE7036C002BE3D00A
:108500004FF0500383F31188BFF36F8FBFF34F8F8A
:10851000FEE700263EE039462046FFF7FFFC013D1E
:10852000A563236923B901F0C7FE012005B0F0BDA2
:1085300004F1100000F000FE0028F4D04FF0E0231A
:108540004FF08052C3F8042DBFF34F8FBFF36F8FEE
:10855000E9E701F0B1FE0020E8E702A800F032FEF2
:10856000012621E0002384F8443029E0002384F828
:1085700045302BE02046FFF7E3FC00F0BBFC09E0B0
:108580002046FFF7DDFC00F0B5FC2046FFF77EFC3F
:1085900000283FD101F06EFEA56B002DBBD1019BE1
:1085A000002BD6D0002ED8D001F086FE00F008FCBB
:1085B00001F060FE94F844305BB2B3F1FF3FD1D0DC
:1085C00094F845305BB2B3F1FF3FCFD001F074FEB9
:1085D00001A902A800F002FE0028D1D12046FFF731
:1085E00055FC0028C6D0019904F1240000F070FD6C
:1085F0002046FFF7A5FC00F07DFC0028CAD14FF013
:10860000E0234FF08052C3F8042DBFF34F8FBFF328
:108610006F8FBFE7002089E770B584B0019158B132
:108620000446036C8BB14FF0500383F31188BFF302
:108630006F8FBFF34F8FFEE74FF0500383F3118826
:10864000BFF36F8FBFF34F8FFEE700F015FE0546B7
:1086500050B9019B5BB14FF0500383F31188BFF316
:108660006F8FBFF34F8FFEE70026354655E0064675
:1086700053E0013BA36323683BB123694BB901F08D
:108680001BFE0126304604B070BD00F0E9FEA0607C
:10869000F3E704F1100000F04FFD0028EFD04FF099
:1086A000E0234FF08052C3F8042DBFF34F8FBFF388
:1086B0006F8FE4E746B14FF0500383F31188BFF3A7
:1086C0006F8FBFF34F8FFEE701F0F6FDDAE702A8E8
:1086D00000F078FD01252AE0002384F8443032E0E0
:1086E000002384F8453034E001F0C4FDA06800F0B8
:1086F000D3FD064601F0E0FD3BE02046FFF720FCFD
:1087000000F0F8FB09E02046FFF71AFC00F0F2FB4E
:108710002046FFF7BBFB002842D101F0ABFDA36B65
:10872000002BA6D1019B002BC4D0002DCFD001F08F
:10873000C3FD00F045FB01F09DFD94F844305BB2B1
:10874000B3F1FF3FC8D094F845305BB2B3F1FF3FBF
:10875000C6D001F0B1FD01A902A800F03FFD00283C
:10876000D1D12046FFF792FB0028C6D02368002B0A
:10877000BAD0019904F1240000F0AAFC2046FFF7CA
:10878000DFFB00F0B7FB0028C7D14FF0E0234FF02C
:108790008052C3F8042DBFF34F8FBFF36F8FBCE738
:1087A0000EB900266EE701F065FD2046FFF757FB86
:1087B0000146A06800F004FE01F07EFDF1E72DE91E
:1087C000F843B0B10D4690460446D9B101F078FEA9
:1087D000EFF311874FF0500383F31188BFF36F8FCE
:1087E000BFF34F8FA66BCEB9002087F31188BDE889
:1087F000F8834FF0500383F31188BFF36F8FBFF3FB
:108800004F8FFEE7036C002BE0D04FF0500383F353
:108810001188BFF36F8FBFF34F8FFEE794F844903A
:108820004FFA89F929462046FFF778FB731EA363A8
:10883000B9F1FF3F06D009F101035BB284F844307F
:108840000120D2E723690BB90120CEE704F1100023
:1088500000F072FC30B1B8F1000F05D00120C8F86B
:108860000000C2E70120C0E70120BEE70023072B7C
:108870000CD8074A52F833200AB10133F7E7044A0B
:1088800042F8331002EBC30250607047704700BFDC
:10889000040A00200023072B0FD8084A02EBC3026A
:1088A0005268824201D00133F5E7044A002142F8C0
:1088B000331002EBC302516070477047040A002076
:1088C00038B110B50446FFF7E5FF94F846304BB1D8
:1088D00010BD4FF0500383F31188BFF36F8FBFF3C8
:1088E0004F8FFEE7204601F01BFCF1E770B5044610
:1088F0000D46164601F0BEFC94F844305BB2B3F16D
:10890000FF3F0DD094F845305BB2B3F1FF3F0BD081
:1089100001F0D2FCA36B5BB12046FFF711FB70BDE9
:10892000002384F84430EDE7002384F84530EFE776
:108930003246294604F1240000F0E2FBECE7000097
:10894000084B1B681B6823B9074B4FF0FF321A60B6
:108950007047044B1B68DB68DB685A68024B1A607F
:10896000704700BFB40A00204C0A00202DE9F047F0
:1089700080460D4617469946089EDDF824A00A9CBD
:108980009200A521206BF7F787FC236B07F180424B
:10899000013A03EB820727F00707A5B34FF0000C5D
:1089A000BCF10F0F09D815F80C3004EB0C0282F85B
:1089B000343013B10CF1010CF2E7002384F843309A
:1089C000372E00D93726E662E66400252565201D8E
:1089D000FFF70BFA04F11800FFF707FA2461C6F15C
:1089E0003806A6616462656584F858504A46414677
:1089F000384601F011FC2060BAF1000F01D0CAF82E
:108A00000040BDE8F087002384F83430D8E7000048
:108A100038B5002407E004EB840293000E481844A4
:108A2000FFF7D8F90134372CF5D90C4D2846FFF75C
:108A3000D1F90B4C2046FFF7CDF90A48FFF7CAF9E8
:108A40000948FFF7C7F90948FFF7C4F9084B1D604B
:108A5000084B1C6038BD00BFE00A0020CC0A002093
:108A6000B80A00209C0A0020880A0020700A002012
:108A7000B40A0020B00A002010B5044601F0FAFB49
:108A8000224A136801331360214B1B685BB1214BF1
:108A90001B686BB91E4B1B68DA6AE36A9A4207D8F7
:108AA0001B4B1C6004E01A4B1C601368012B29D07F
:108AB000194A1368013313606364E06A174B1B683B
:108AC000984201D9154B186000EB8000211D144B12
:108AD00003EB8000FFF78CF901F0EEFB0D4B1B68F8
:108AE0007BB10B4B1B68DA6AE36A9A4209D24FF0FA
:108AF000E0234FF08052C3F8042DBFF34F8FBFF334
:108B00006F8F10BDFFF784FFD2E700BF6C0A002013
:108B1000400F0020600A0020500A0020640A002054
:108B2000E00A002010B5044690F8593063B1012BDB
:108B300011D0022B0ED04FF0500383F31188BFF3F6
:108B40006F8FBFF34F8FFEE7006B01F0E9FA20460D
:108B500001F0E6FA10BD01F0E3FAFBE70F4B1B68EA
:108B6000D3B110B501F086FB0D4BDB68DC68201D2E
:108B7000FFF762F90B4A1368013B1360074A136859
:108B8000013B136001F098FB2046FFF7CBFF034B3E
:108B90001B68002BE6D110BD704700BF840A00207F
:108BA000880A00206C0A002008B5FFF7D7FF074BA2
:108BB0001B68012BF9D94FF0E0234FF08052C3F826
:108BC000042DBFF34F8FBFF36F8FEEE7E00A002055
:108BD00070B504460D46174B1E68174B18680430D5
:108BE000FFF72AF9B4F1FF3F0DD03444124B1B6854
:108BF0005C60A64210D9114B18680F4B19680431FC
:108C0000FFF701F970BD002DEFD00B4B196804314F
:108C10000B48FFF7EDF8F5E70A4B1868064B1968A3
:108C20000431FFF7F0F8084B1B68A342EAD9064B62
:108C30001C60E7E7680A0020400F0020B00A00200F
:108C4000700A0020B40A00204C0A002030B587B01A
:108C50000B9C7CB10C9DB5B15C250495049D5C2DED
:108C60001AD04FF0500383F31188BFF36F8FBFF317
:108C70004F8FFEE74FF0500383F31188BFF36F8FE0
:108C8000BFF34F8FFEE74FF0500383F31188BFF31C
:108C90006F8FBFF34F8FFEE7049D0C9D2C63022462
:108CA00085F8594000240394029505AC01940A9C70
:108CB0000094FFF75BFE0C98FFF7DEFE059807B007
:108CC00030BD2DE9F04385B00746884614461E4660
:108CD000900001F0A3F908B381465C2001F09EF9F1
:108CE0000546A8B1C0F83090002380F859300393AE
:108CF00002900D9B01930C9B009333462246414604
:108D00003846FFF733FE2846FFF7B6FE012007E09E
:108D1000484601F005FA4FF0FF3001E04FF0FF3018
:108D200005B0BDE8F083000010B588B000240594BC
:108D3000069407AA06A905A801F0F4F8059B02937A
:108D4000069B019300942346079A17491748FFF79B
:108D50007DFF174B1860C0B100F058FD012815D1F8
:108D60004FF0500383F31188BFF36F8FBFF34F8F22
:108D7000104B4FF0FF321A600F4B01221A600F4B5D
:108D800000221A6001F010FB03E00020B0F1FF3F69
:108D900001D008B010BD4FF0500383F31188BFF32A
:108DA0006F8FBFF34F8FFEE758AE0008A98B000806
:108DB000480A00204C0A0020600A0020680A0020AF
:108DC000024A136801331360704700BF440A002051
:108DD000014B1868704700BF680A0020F8B53A4B8D
:108DE0001B68002B69D1394B1D6801351D60C5B961
:108DF000374B1B681B6843B14FF0500383F3118856
:108E0000BFF36F8FBFF34F8FFEE7314A1168314BCD
:108E1000186810601960304A136801331360FFF757
:108E20008FFD2E4B1B68AB423DD900272C4B1B6896
:108E3000DB6A03EB83039A002A4B9B58012B00D972
:108E40000127294B1B68002B3CD001273AE0012762
:108E50001F4B1B681B6843B31D4B1B68DB68DC683A
:108E600063689D4226D3261D3046FEF7E5FFA36AC0
:108E70001BB104F11800FEF7DFFFE36A1B4A12681A
:108E8000934201D9194A136003EB83039A003146D8
:108E900014481044FEF7ACFFE26A114B1B68DB6A12
:108EA0009A42D4D2D4E70027D2E70C4B4FF0FF32DE
:108EB0001A60BBE7094A1360B8E70D4A136801332B
:108EC000136000273846F8BD440A0020680A0020D5
:108ED000B40A0020B00A0020540A00204C0A0020E6
:108EE000400F0020E00A0020580A0020640A0020F9
:108EF0005C0A002038B5354B1B6843B94FF050036E
:108F000083F31188BFF36F8FBFF34F8FFEE701F03C
:108F1000B1F92E4B1A68013A1A601B68002B4FD129
:108F20002B4B1B680BB900244BE00024294B1B681A
:108F30001BB3284BDB68DC6804F11800FEF77CFFEC
:108F4000251D2846FEF778FFE06A234B1B689842F0
:108F500001D9214B186000EB800029461F4B03EB21
:108F60008000FEF745FFE26A1D4B1B68DB6A9A42F0
:108F7000DCD31C4B01221A60D8E70CB1FFF7E0FCF0
:108F8000194B1C6884B9174B1C68D4B14FF0E0230F
:108F90004FF08052C3F8042DBFF34F8FBFF36F8F94
:108FA00001240EE0013C07D0FFF718FF0028F9D09C
:108FB0000C4B01221A60F5E70B4B00221A60E2E726
:108FC000002401F079F9204638BD00BF440A002092
:108FD0006C0A00209C0A0020640A0020E00A00209D
:108FE000400F0020580A00205C0A002010B5A8B1EC
:108FF0000446104B1B6843B14FF0500383F31188B4
:10900000BFF36F8FBFF34F8FFEE7FFF7D9FE00214D
:109010002046FFF7DDFDFFF76DFF48B94FF0E02375
:109020004FF08052C3F8042DBFF34F8FBFF36F8F03
:1090300010BD00BF440A0020204B1B681BB1204B11
:1090400001221A6070471E4B00221A601D4B1B68DC
:1090500003EB83018A001C498A585AB90BB1013BC2
:10906000F6E74FF0500383F31188BFF36F8FBFF320
:109070004F8FFEE7084603EB83018A0002445168E4
:109080004968516003EB830C4FEA8C0208320244BA
:1090900091420BD003EB830291000B4A0A445268C1
:1090A000D1680A4A1160074A1360704748686246EF
:1090B0009100054A0A445060ECE700BF440A0020D2
:1090C000580A0020640A0020E00A0020400F002017
:1090D00058B110B50C46094A11681831FEF793FED5
:1090E00001212046FFF774FD10BD4FF0500383F3BC
:1090F0001188BFF36F8FBFF34F8FFEE7400F002043
:1091000038B570B10D4614460A4A11681831FEF799
:109110006FFE0CB14FF0FF3521462846FFF758FD92
:1091200038BD4FF0500383F31188BFF36F8FBFF347
:109130004F8FFEE7400F002038B5C368DC6824B3CA
:1091400004F118052846FEF777FE184B1B682BBB69
:10915000251D2846FEF770FEE06A154B1B689842F5
:1091600001D9134B186000EB80002946114B03EB2B
:109170008000FEF73DFEE26A0F4B1B68DB6A9A42F5
:1091800011D901200D4B186038BD4FF0500383F307
:109190001188BFF36F8FBFF34F8FFEE72946084852
:1091A000FEF726FEE7E70020EEE700BF440A0020B6
:1091B000640A0020E00A0020400F0020580A002026
:1091C0009C0A0020034B1B680360034B1B68436031
:1091D000704700BF540A0020680A0020F8B5C8B1E3
:1091E0000C460546F9B101F045F81B4B19686B6850
:1091F000C81A2268B2F1FF3F26D0184E36682F6891
:10920000B74201D08B4224D9824215D80023236073
:1092100001241AE04FF0500383F31188BFF36F8FDE
:10922000BFF34F8FFEE74FF0500383F31188BFF376
:109230006F8FBFF34F8FFEE75B1A134423602846FE
:10924000FFF7C0FF002400E0002401F035F82046BD
:10925000F8BD0124F9E700BF680A0020540A002085
:10926000014B01221A607047580A0020014B186810
:10927000704700BF400F0020054B1B6833B1054B02
:109280001B680BB100207047022070470120704717
:10929000600A0020440A002000283ED038B5044669
:1092A000C36A204A1268D26A93422ED28269002A87
:1092B00005DB1C4A1268D26AC2F138028261616918
:1092C00003EB8303184A02EB8303994205D0154B45
:1092D0001B68DB6AE362012038BD251D2846FEF7C6
:1092E000ABFD104B1B68D86AE062104B1B689842BC
:1092F00001D90E4B186000EB800029460A4B03EBA6
:109300008000FEF775FD0120E6E7C26C054B1B6887
:10931000DB6A9A4203D30020DEE700207047012079
:10932000DAE700BF400F0020E00A0020640A0020B6
:1093300000283BD038B504461E4B1B68834208D03A
:109340004FF0500383F31188BFF36F8FBFF34F8F3C
:10935000FEE7036D43B94FF0500383F31188BFF369
:109360006F8FBFF34F8FFEE7013B0365C16AC26C8D
:1093700091421DD00BB1002038BD051D2846FEF7D7
:109380005BFDE06CE062C0F13803A3610A4B1B682F
:10939000984201D9084B186000EB80002946074B22
:1093A00003EB8000FEF724FD0120E5E70020704775
:1093B0000020E1E7400F0020640A0020E00A0020BE
:1093C000002846D038B50446036D43B94FF050032A
:1093D00083F31188BFF36F8FBFF34F8FFEE7C26C2B
:1093E0008A4200D20A46E16A914201D0012B00D0A4
:1093F00038BD184B1B68A34222D0E262A369002B40
:1094000002DBC2F13802A261626901EB8101124BF9
:1094100003EB81039A42EBD1251D2846FEF70CFD94
:10942000E06A0E4B1B68984201D90C4B186000EBA8
:1094300080002946084B03EB8000FEF7D9FCD7E7F4
:109440004FF0500383F31188BFF36F8FBFF34F8F3B
:10945000FEE77047400F0020E00A0020640A002069
:10946000054B1B6823B1044B1A68136D0133136558
:10947000014B1868704700BF400F0020F8B5064642
:109480000F4614461D4600F0F5FE214B1B6893F86D
:109490005820D2B2022A0AD01D4A11684B6D23EA25
:1094A00006034B651368012283F85820CDB900F0FC
:1094B00003FF00F0DFFE1CB1154B1B685B6D2360E2
:1094C000134B1B6893F85830DBB2022B18D00024E2
:1094D0000F4B1B68002283F8582000F0EDFE204659
:1094E000F8BD11462846FFF773FB4FF0E0234FF01D
:1094F0008052C3F8042DBFF34F8FBFF36F8FD6E7B1
:10950000034B1A68536D23EA070353650124DFE711
:10951000400F0020F8B5A8B10E4614461D46074678
:1095200000F0A8FE0DB17B6D2B6097F85830DBB2D0
:10953000022287F85820042C21D8DFE804F00F0C11
:10954000161A1C004FF0500383F31188BFF36F8F7E
:10955000BFF34F8FFEE77A6D32437A65012B1BD044
:10956000012400F0A9FE2046F8BD7A6D01327A652B
:10957000F4E77E65F2E7022B3ED07E65EEE77A6D7A
:10958000B2F1FF3FEAD04FF0500383F31188BFF3ED
:109590006F8FBFF34F8FFEE73C1D2046FEF74CFC5C
:1095A000F86A174B1B68984201D9154B186000EBFD
:1095B00080002146134B03EB8000FEF719FCBB6AC9
:1095C00043B14FF0500383F31188BFF36F8FBFF3A4
:1095D0004F8FFEE7FA6A0C4B1B68DB6A9A420DD983
:1095E0004FF0E0234FF08052C3F8042DBFF34F8FAC
:1095F000BFF36F8F0124B4E70024B2E70124B0E782
:10960000640A0020E00A0020400F002010B32DE97A
:10961000F0410E4614461D46074600F051FFEFF399
:1096200011834FF0500282F31188BFF36F8FBFF3A5
:109630004F8F98460DB17B6D2B6097F85830DBB299
:10964000022287F85820042C21D8DFE804F00F0C00
:10965000161A1C004FF0500383F31188BFF36F8F6D
:10966000BFF34F8FFEE77A6D32437A65012B1BD033
:10967000012088F31188BDE8F0817A6D01327A65A6
:10968000F4E77E65F2E7022B44D07E65EEE77A6D63
:10969000B2F1FF3FEAD04FF0500383F31188BFF3DC
:1096A0006F8FBFF34F8FFEE7BB6A43B14FF050039C
:1096B00083F31188BFF36F8FBFF34F8FFEE7174B14
:1096C0001B680BBB3C1D2046FEF7B6FBF86A144B2B
:1096D0001B68984201D9124B186000EB80002146AC
:1096E000104B03EB8000FEF783FBFA6A0E4B1B68FE
:1096F000DB6A9A4210D9069B13B10123069A1360C4
:1097000001200A4B1860B4E707F118010848FEF77A
:109710006FFBEAE70020ACE70120AAE7440A00203B
:10972000640A0020E00A0020400F0020580A0020B0
:109730009C0A0020064B1A6813682BB901230360AA
:1097400023B9D368186870470023F8E700207047F2
:109750004410002008B54160006191420CD8D21A33
:1097600083699A4201D3012008BD011D094B186885
:10977000FEF749FB0020F7E79A4201D2994206D250
:10978000011D054B1868FEF73EFB0020ECE70120A9
:10979000EAE700BF401000204410002030B583B03D
:1097A00000F068FD114B1B681BB100F085FD03B094
:1097B00030BD0F4D2846FEF70DFB0E4C2046FEF740
:1097C00009FB0D4B1D600D4B1C60002300930C4BDF
:1097D0000C4A10210A20FEF73DFC044B18600028BB
:1097E000E3D00949FFF742F8DFE700BF3C10002053
:1097F0005C10002048100020441000204010002081
:10980000440F0020940F002060AE000810B588B00F
:10981000FFF7C4FF124B1B68CBB1002405940694DC
:1098200007AA06A905A800F089FB059B0293069BE1
:109830000193022300932346079A0A490A48FFF737
:1098400005FA0A4B186010B1012008B010BD4FF0A6
:10985000500383F31188BFF36F8FBFF34F8FFEE781
:109860003C10002068AE0008719B000838100020F2
:10987000B8B19C4603461848006858B300B585B097
:1098800000910192029305291CDCFFF7F5FC0228E8
:1098900010D000231A4669460F480068FEF789FC7D
:1098A00015E04FF0500383F31188BFF36F8FBFF3C0
:1098B0004F8FFEE70023069A694607480068FEF7C7
:1098C00078FC04E0002362466946FEF736FD05B0E9
:1098D0005DF804FB002070473C10002070B582B09A
:1098E0001B4B1B681A6862B3DB681E68DC68251DA9
:1098F0002846FEF7A1FA236A2046984794F82830B4
:1099000013F0040FECD0A36933449E4207D2636086
:10991000246129460E4B1868FEF775FAE0E700212E
:1099200000910B4632462046FFF7A2FF0028D7D110
:109930004FF0500383F31188BFF36F8FBFF34F8F46
:10994000FEE7044A106802490860136002B070BD67
:10995000441000204010002038B50546FFF738FAC3
:109960000446074B1B68834205D800232B60044B39
:109970001C60204638BDFFF7B1FF01232B60F6E7DE
:109980003410002070B582B006460D4617490968AC
:10999000C968CC68201DFEF74FFA94F828C01CF067
:1099A000040F08D12CF0010C84F828C0236A20464B
:1099B000984702B070BDA16933462A46314420461B
:1099C000FFF7C8FE0028F1D0002100910B46324677
:1099D0002046FFF74DFF0028E8D14FF0500383F3F6
:1099E0001188BFF36F8FBFF34F8FFEE74410002045
:1099F00070B582B006460C46FFF7E2F901A8FFF702
:109A0000ABFF019B33BB0546E4B9B04213D22246FB
:109A1000711B124B1868FEF769FFFFF76BFAD8B994
:109A20004FF0E0234FF08052C3F8042DBFF34F8F67
:109A3000BFF36F8F10E0FFF75DFA29463046FFF75E
:109A4000A1FF09E0064A126812680AB90124DEE79C
:109A50001C46DCE7FFF74EFA02B070BD3C10002058
:109A60004010002010B588B002E0049B002B0FDAF4
:109A7000002204A93D4B1868FEF71FFD002873D093
:109A8000049B002BF1DA07990698059B9847ECE7B1
:109A9000069C636913B1201DFEF7CEF903A8FFF7FA
:109AA0005BFF049B092BE3D8DFE803F005050530D5
:109AB00037500505303794F8283043F0010384F817
:109AC0002830059BA169024619442046FFF742FE53
:109AD0000028CDD0236A2046984794F8283013F008
:109AE000040FC5D0A269002100910B4605980244DD
:109AF0002046FFF7BDFE0028BAD14FF0500383F394
:109B00001188BFF36F8FBFF34F8FFEE794F82830B3
:109B100023F0010384F82830AAE794F8283043F0B2
:109B2000010384F828300599A16131B1034602464A
:109B300001442046FFF70EFE9AE74FF0500383F3EF
:109B40001188BFF36F8FBFF34F8FFEE794F8283073
:109B500013F0020F04D023F0010384F8283087E7C4
:109B6000204600F0DDFA83E708B010BD3C1000206D
:109B700000B583B001A8FFF7DDFD0199FFF738FFBD
:109B8000FFF770FFF6E708B54FF0E0231B69FFF71A
:109B900073FB012800D108BD00F0DCFBFBE70000EF
:109BA000EFF305832BB9064B186828B901221A6018
:109BB00070476FF0050070474FF0FF30704700BFEF
:109BC00028170020EFF3058373B90A4B1B68012B9C
:109BD0000DD110B50024084BDC77064B02221A6029
:109BE000FFF7A2F8204610BD6FF0050070474FF058
:109BF000FF3070472817002000ED00E0F0B587B077
:109C000000240594EFF3058474BB68B322B3156890
:109C1000936903B918235C1E372C49D8546814F093
:109C2000010F47D156696EB14FEA960C94682CB17A
:109C3000D7685B2F02D9176907B1C6B92CB14FF0AD
:109C4000FF340EE04FF0800CF0E7D4688CB9146953
:109C500094B14FF0FF3404E01546002418234FF070
:109C6000800C012C0AD0ACB1059807B0F0BD0124DE
:109C7000F7E74FF0FF34F4E70024F2E71469926845
:109C80000292019400930B4662462946FEF7DEFFDE
:109C90000590E9E705AA019200930B461FFA8CF2A2
:109CA0002946FFF70EF80128DED000230593DBE7F5
:109CB0000020DAE70020D8E708B5EFF3058333B9D1
:109CC00008B9002008BDFFF791F90020FAE76FF00E
:109CD0000500F7E770B582B0EFF30583002B48D19C
:109CE0000E461446002848D0884248D34AB19568A9
:109CF00015B1D3684F2B14D8002D42D1E3680BB1B6
:109D000038E0002301280ED06BBB3146FEF733FA52
:109D100005467DB304B1246821462846FEF7A6FD1A
:109D200028E00123EEE7ABB9032200210120FEF772
:109D3000DBF90546F5B1002EEBD000231A46194693
:109D40002846FEF736FA0128E3D02846FEF7B8FD8C
:109D500000250FE0A3680322009200221146FEF7BF
:109D600079F90546E6E7A2683146FEF7E1F90546CE
:109D7000CFE70025284602B070BD0025FAE7002590
:109D8000F8E70025F6E770B582B0EFF30583002B06
:109D90003AD1144600283BD000293BD06AB39368DF
:109DA0004BB1D2684F2A06D9226922B101FB00F5D6
:109DB0006669AE421BD273B14FF0FF3363BB002222
:109DC000FEF792F9054605B304B1246821462846FA
:109DD000FEF74CFD19E0E3688BB9236913B14FF02E
:109DE000FF33EBE763696BB14FF0FF33E6E7002524
:109DF0000095FEF72FF90546E5E70023DEE74FF073
:109E0000FF33DBE70023D9E70025284602B070BD09
:109E10000025FAE70025F8E70025F6E710B582B03F
:109E20001C46EFF30583C3B118B329B33CBB002331
:109E3000019301AAFEF781FA012823D1019850B1BC
:109E40004FF0E0234FF08052C3F8042DBFF34F8F43
:109E5000BFF36F8F002002B010BDB0B1C1B10023BD
:109E60002246FEF7A6F9012815D0B4B16FF0010023
:109E7000F1E76FF00300EEE76FF00300EBE76FF040
:109E80000300E8E76FF00200E5E76FF00300E2E7A8
:109E90006FF00300DFE70020DDE76FF00200DAE794
:109EA00010B582B01C46EFF30583C3B110B321B3E4
:109EB00034BB0023019301AAFEF781FC012822D1C3
:109EC000019850B14FF0E0234FF08052C3F8042DB9
:109ED000BFF34F8FBFF36F8F002002B010BDA8B14A
:109EE000B9B12246FEF7E9FA012815D0B4B16FF0F6
:109EF0000100F2E76FF00300EFE76FF00300ECE71B
:109F00006FF00300E9E76FF00200E6E76FF003008F
:109F1000E3E76FF00300E0E70020DEE76FF0020008
:109F2000DBE70000034B0360034B0B6080231360EF
:109F3000704700BFCC160020CC140020034B0360F8
:109F4000034B0B604FF48073136070477014002054
:109F500070100020124A12F0070F1ED0D11D21F000
:109F60000701C1F5705313440A460E4802600021F0
:109F700041601344083B23F007030B48036059601A
:109F80001960991A51601360084B1960084B1960E9
:109F9000084B4FF000421A6070474FF47053E4E7EB
:109FA0004C170020441700204017002038170020CD
:109FB0003C1700202C170020164B1A461B688342C2
:109FC000FBD3516802EB010C844509D0416800EBDA
:109FD000010C634509D00360904219D010607047AE
:109FE0004068014451601046F0E710B40A4C246800
:109FF000A3420BD05B681944416013681B6803607F
:10A00000904200D010605DF8044B70470460F7E7A1
:10A01000704700BF441700204017002038B50446A1
:10A02000FEF7CEFE384B1B68B3B1384B1B681C42A1
:10A0300050D1002C50D004F1080214F0070F02D0C8
:10A0400022F007020832002A55D0314B1B68934298
:10A0500053D330490C6804E0FFF77CFFE5E7214665
:10A060001C466368934202D22368002BF7D1264B2B
:10A070001B68A34243D00D68083523680B606368F2
:10A080009B1A102B10D9A01810F0070F08D04FF012
:10A09000500383F31188BFF36F8FBFF34F8FFEE739
:10A0A00043606260FFF788FF626819490B689B1A7A
:10A0B0000B60194909688B4201D217490B60134B99
:10A0C0001B681343636000232360144A1368013341
:10A0D000136002E0002500E00025FEF70BFF15F0FD
:10A0E000070F0ED04FF0500383F31188BFF36F8F2B
:10A0F000BFF34F8FFEE70025EFE70025EDE70025D2
:10A10000EBE7284638BD00BF401700202C17002081
:10A110003C17002044170020381700203417002077
:10A12000002834D038B50446A0F1080550F8043CA6
:10A13000174A1268134208D14FF0500383F3118875
:10A14000BFF36F8FBFF34F8FFEE750F8081C41B18C
:10A150004FF0500383F31188BFF36F8FBFF34F8F1E
:10A16000FEE723EA020340F8043CFEF729FE54F818
:10A17000041C084A13680B4413602846FFF71CFFB1
:10A18000054A136801331360FEF7B4FE38BD70470B
:10A190002C1700203C1700203017002082B000232D
:10A1A00001930D4B1B68B3F1FF3F08D04FF05003F4
:10A1B00083F31188BFF36F8FBFF34F8FFEE74FF02C
:10A1C000500383F31188BFF36F8FBFF34F8F019B51
:10A1D000002BFCD002B07047A402002008480068A1
:10A1E000006880F308884FF0000080F3148862B69E
:10A1F00061B6BFF34F8FBFF36F8F00DF00BF00006A
:10A2000008ED00E0DFF80C00016841F47001016026
:10A210007047000088ED00E04FF0807340F8043C88
:10A2200021F0010140F8081C054B40F80C3C40F8B7
:10A23000202C6FF0020340F8243C4438704700BFE4
:10A240009DA10008000000000000000000000000C8
:10A25000074B19680868B0E8F04F80F30988BFF32E
:10A260006F8F4FF0000080F311887047AFF30080CC
:10A27000400F00204FF0500383F31188BFF36F8F1E
:10A28000BFF34F8F0B4A136801331360012B00D0CB
:10A2900070474FF0E023D3F8043D13F0FF0FF7D0E1
:10A2A0004FF0500383F31188BFF36F8FBFF34F8FCD
:10A2B000FEE700BFA4020020094B1B6843B94FF022
:10A2C000500383F31188BFF36F8FBFF34F8FFEE707
:10A2D000013B034A13600BB983F31188704700BF39
:10A2E000A4020020000000000000000000000000A8
:10A2F000EFF30980BFF36F8F154B1A681EF0100F34
:10A3000008BF20ED108A20E9F04F10602DE9090008
:10A310004FF0500080F31188BFF34F8FBFF36F8F62
:10A32000FEF78AFE4FF0000080F3118809BC19681F
:10A330000868B0E8F04F1EF0100F08BFB0EC108AAC
:10A3400080F30988BFF36F8F704700BFAFF30080C1
:10A35000400F002008B54FF0500383F31188BFF37E
:10A360006F8FBFF34F8FFEF739FD28B14FF0E02319
:10A370004FF08052C3F8042D002383F3118808BDE9
:10A380004FF0E022002313619361054B1B680549E0
:10A39000A1FB03139B09013B536107231361704722
:10A3A000D0010020D34D62104FF0E023D3F8002DF0
:10A3B0003D4B9A421CD04FF0E023D3F8002D3B4B8D
:10A3C0009A421ED030B583B0394B1A78D2B201927E
:10A3D000FF221A701B78DBB28DF803309DF8033032
:10A3E00003F05003334A1370334B07221A601BE00B
:10A3F0004FF0500383F31188BFF36F8FBFF34F8F7C
:10A40000FEE74FF0500383F31188BFF36F8FBFF364
:10A410004F8FFEE7284A1368013B13609DF8033015
:10A420005B00DBB28DF803309DF8033013F0800F32
:10A43000F0D1214B1B68032B08D04FF0500383F35E
:10A440001188BFF36F8FBFF34F8FFEE71B021A4ACD
:10A45000136003F4E0631360019BDBB2144A1370D2
:10A460004FF0E024D4F8203D43F47003C4F8203DBD
:10A47000D4F8203D43F07043C4F8203DFFF780FF3F
:10A4800000250E4B1D60FFF7BDFED4F8343F43F0AE
:10A490004043C4F8343FFFF7A1FEFEF7CDFDFFF7C0
:10A4A0007DFE284603B030BD71C20F4170C20F411E
:10A4B00000E400E0505300204C530020A402002090
:10A4C000EFF305830F2B0FD9114A9B5CDBB2114AC6
:10A4D00012789A4208D94FF0500383F31188BFF3E2
:10A4E0006F8FBFF34F8FFEE74FF0E023D3F80C3DA3
:10A4F00003F4E063084A1268934208D94FF050030E
:10A5000083F31188BFF36F8FBFF34F8FFEE7704760
:10A51000F0E300E0505300204C53002010B582B00F
:10A52000002401940D4B1A6B42F400121A631B6B4A
:10A5300003F400130193019B224605210C20FBF735
:10A54000F9FB0C20FBF706FC224605210E20FBF749
:10A55000F1FB0E20FBF7FEFB02B010BD00380240FD
:10A5600010B503460C4A0D490D48006840B10C482F
:10A5700000680344521A934206D8094A136010BD7A
:10A580000748084C0460F2E7F5F7D8FE0C23036097
:10A590004FF0FF30F3E700BF00000220000400008E
:10A5A00054530020B853002010B5ADF5147D154B61
:10A5B0001A68154B1A6000231393FEF757FE134BCE
:10A5C00018601348FDF7C0FA4FF0FF3313AA0021BB
:10A5D0000846FEF753FF0128F6D1139C631EB3F51E
:10A5E000007FF1D222460B4914A8F7F7F3F901AA2C
:10A5F000A1B214A800F0E2F80028E5D101A800F00B
:10A6000021F9E1E7A409002058530020B4090020F3
:10A6100058070020A007002010B592B00D4B1C6811
:10A620004FF0FF33002269460B480068FFF738FC03
:10A630000028F5D19DF80320063269460748FCF74B
:10A640004BFA0028ECD14FF0FF312046FDF7E4FF34
:10A65000E6E700BFA0090020A40900205807002059
:10A6600002680F4B1B689A4200D070470D4B186868
:10A670000028FAD000B583B00023019301A9FDF7AB
:10A68000C3FE019B4BB14FF0E0234FF08052C3F863
:10A69000042DBFF34F8FBFF36F8F03B05DF804FB42
:10A6A00058070020A0090020024B186800F57A70B6
:10A6B000186070475C53002000B595B0FFF7F4FFB9
:10A6C0001390042313AA01210DEB030000F058F8A6
:10A6D00010B115B05DF804FB4FF0FF33002201A963
:10A6E00002480068FFF79AFBF3E700BFA4090020C7
:10A6F00010B582B0FEF76CFB0446FEF7B7FD0E4BBB
:10A70000186004E0FEF764FB031B632B0DD8642381
:10A7100001AA00210846FEF7B1FE0128F2D1019BF3
:10A72000102BEFD1FFF7C8FFECE7FFF7C5FFFEF7EF
:10A730004FFB0446EBE700BFA809002008B56420E2
:10A74000FFF7BAFAFBE70000844600234FF6FF70DC
:10A750008B4211D210B41CF8032082EA10220002AE
:10A7600080B2064C34F81220504001339BB28B4229
:10A77000F1D35DF8044B7047704700BF84B0000808
:10A78000402B19D838B50446084611461D46AA2361
:10A79000237055236370A070E57002B13DB9291D87
:10A7A0002046FFF7D1FFA4F84400002038BD2A4618
:10A7B000201DF7F70FF9F2E70220704705291ED98F
:10A7C000F8B5044615460378AA2B1AD14378552BC1
:10A7D00019D1C3789F1DB94217D1402B17D81E1D20
:10A7E0003146FFF7B1FFA35B984201D0012009E099
:10A7F0003A4621462846F7F7EDF8002002E002200D
:10A8000070470320F8BD0320FCE70220FAE702208E
:10A81000F8E7000000B595B08DF8070001230DF1B1
:10A820000702F02102A8FFF7ABFF054B186820B123
:10A8300000231A4602A9FDF7BCFC15B05DF804FB25
:10A840005853002010B58478102C0BD0202C14D134
:10A85000C378042B11D14268084B1A602046FFF7D9
:10A86000D9FF0AE0064B186820B10023032210210B
:10A87000FEF750FE2046FFF7CDFF10BD60530020CD
:10A88000A80900200120704708B5F5F757FD1623E9
:10A8900003604FF0FF3008BD08B54FF0FF31FFF700
:10A8A000F3FFFEE770B50C461646002506E0AFF351
:10A8B0000080214601F8010B01350C46B542F6DB5C
:10A8C000304670BD4FF0FF3070474FF400534B607F
:10A8D00000207047012070470020704708B50B48E2
:10A8E0000B4B03600B4B436000238360C3604FF44A
:10A8F0008042026143618361C361036200F044F8F6
:10A9000000B908BDFAF72CFAFBE700BF645300203A
:10A9100000580040A086010030B589B000230393A1
:10A9200004930593069307930268144B9A4201D04F
:10A9300009B030BD00250195114C236B43F0020393
:10A940002363236B03F002030193019B4FF44063E5
:10A95000039312230493032306930423079303A969
:10A960000848FAF73BFE0295236C43F48003236406
:10A97000236C03F480030293029BD9E70058004044
:10A980000038024000040240002800F0CC8070B57E
:10A99000044690F83D30002B77D0242384F83D30D6
:10A9A0002268136823F0010313602268136843F4DC
:10A9B000004313602268136823F400431360FAF71E
:10A9C000CFFD62685A4B9A4264D85A4B98428CBF6A
:10A9D00000230123002B40F0A8805749A1FB003140
:10A9E0008B0C25686A6822F03F0242EA91426A6055
:10A9F00021680A6A22F03F0266684D4DAE424FD888
:10AA0000013313430B622168CA6922F44F4222F0DA
:10AA1000FF026568464B9D424CD8431E6D00B3FB58
:10AA2000F5F3013340F6FC70034278D0C3F30B0317
:10AA30001A43CA6121680B6823F0C003E269206AE7
:10AA4000024313430B6021688B6823F4034323F014
:10AA5000FF032269E068024313438B602168CB68DF
:10AA600023F0FF036269A06902431343CB602268AD
:10AA7000136843F00103136000202064202384F84E
:10AA80003D30206384F83E0070BD80F83C30FFF715
:10AA900043FF82E7294B98428CBF0023012399E7AB
:10AAA0004FF4967505FB03F3254DA5FB03539B0956
:10AAB0000133A6E7A668BEB9431E05EB450CB3FB00
:10AAC000FCF30133C3F30B03B3FA83F35B0943BB1A
:10AAD000C6B9431E05EB4505B3FBF5F30133C3F3DC
:10AAE0000B0343F40043A3E7431E05EB850C0CEB7B
:10AAF0008C0CB3FBFCF30133C3F30B03B3FA83F306
:10AB00005B09E4E7431E05EB850505EB8505B3FB13
:10AB1000F5F30133C3F30B0343F4404388E7042305
:10AB200086E7012384E7012070470120ACE700BFDE
:10AB3000A08601007F841E0083DE1B43FF083D00CA
:10AB4000D34D6210DFF834D0FBF734F90C480D49CF
:10AB50000D4A002302E0D458C4500433C4188C4278
:10AB6000F9D30A4A0A4C002301E013600432A242DE
:10AB7000FBD3F5F769FBFAF747F9704700000220AD
:10AB800000000020A802002094B20008A8020020C3
:10AB9000B8530020FEE70000F8B500BFF8BC08BCC1
:10ABA0009E467047F8B500BFF8BC08BC9E4670478B
:10ABB00005000000190000007D00000000000000FA
:10ABC000000000000000F03F0000000000002440F2
:10ABD00000000000000059400000000000408F40CD
:10ABE000000000000088C34000000000006AF84038
:10ABF0000000000080842E4100000000D01263415C
:10AC00000000000084D797410000000065CDCD41D1
:10AC1000000000205FA00242000000E876483742B2
:10AC2000000000A2941A6D42000040E59C30A24250
:10AC30000000901EC4BCD64200003426F56B0C43C5
:10AC40000080E03779C3414300A0D885573476436C
:10AC500000C84E676DC1AB43003D9160E458E143CD
:10AC6000408CB5781DAF154450EFE2D6E41A4B4442
:10AC700092D54D06CFF08044F64AE1C7022DB54487
:10AC8000B49DD9794378EA44BC89D897B2D29C3C28
:10AC900033A7A8D523F649393DA7F444FD0FA532C3
:10ACA0009D978CCF08BA5B25436FAC642806C80A11
:10ACB0000080E03779C34143176E05B5B5B89346B8
:10ACC000F5F93FE9034F384D321D30F94877825A84
:10ACD0003CBF737FDD4F15750020202020202020F1
:10ACE000202028282828282020202020202020203C
:10ACF000202020202020202020881010101010104C
:10AD00001010101010101010100404040404040497
:10AD10000404041010101010101041414141414131
:10AD20000101010101010101010101010101010113
:10AD30000101010110101010101042424242424223
:10AD400002020202020202020202020202020202E3
:10AD5000020202021010101020000000000000008B
:10AD600000000000000000000000000000000000E3
:10AD700000000000000000000000000000000000D3
:10AD800000000000000000000000000000000000C3
:10AD900000000000000000000000000000000000B3
:10ADA00000000000000000000000000000000000A3
:10ADB0000000000000000000000000000000000093
:10ADC0000000000000000000000000000000000083
:10ADD0000000000000000000000000000006101647
:10ADE000000610160000000001020304000000002D
:10ADF000000000000102030406070809556172748F
:10AE00005478446F6E6553656D6170686F7265004C
:10AE10005561727454785175657565004D6F746F26
:10AE2000725461736B0000004D505536303530540C
:10AE300061736B005561727454785461736B0000D8
:10AE40005561727452785461736B00006465666179
:10AE5000756C745461736B0049444C4500000000EC
:10AE6000546D725100000000546D722053766300DF
:10AE7000494E4600696E66004E414E006E616E009E
:10AE800030000000496E66696E6974790000000048
:10AE90004E614E005245454E54206D616C6C6F639F
:10AEA0002073756363656564656400002E2E2F2E24
:10AEB0002E2F2E2E2F2E2E2F2E2E2F2E2E2F6E6536
:10AEC000776C69622F6C6962632F7374646C69625A
:10AED0002F64746F612E630042616C6C6F6320732A
:10AEE000756363656564656400000000303132336A
:10AEF0003435363738394142434445460000000076
:10AF000030313233343536373839616263646566DF
:10AF100000000000232D302B20000000686C4C0046
:10AF200065666745464700002C2066756E63746948
:10AF30006F6E3A2000000000617373657274696F70
:10AF40006E2022257322206661696C65643A206652
:10AF5000696C6520222573222C206C696E65202582
:10AF600064257325730A00002E2E2F2E2E2F2E2ED1
:10AF70002F2E2E2F2E2E2F2E2E2F6E65776C696280
:10AF80002F6C6962632F7374646C69622F6D7072C9
:10AF900065632E630000000043000000504F5349DA
:10AFA000580000002E000000FCAD0008000000006A
:10AFB000000000000000000010AE000800000000CB
:10AFC0000000000000000000000000000000000081
:10AFD0001CAE00080000000000000000000000009F
:10AFE0000000000000020000180000000000000047
:10AFF0000000000028AE0008000000000000000073
:10B000000000000000000000000200001800000026
:10B01000000000000000000034AE00080000000046
:10B02000000000000000000000000000000200001E
:10B0300018000000000000000000000040AE000802
:10B040000000000000000000000000000000000000
:10B0500000040000180000000000000000000000D4
:10B060004CAE0008000000000000000000000000DE
:10B0700000000000000200001800000000000000B6
:10B080000000000000002110422063308440A550E1
:10B09000C660E770088129914AA16BB18CC1ADD11E
:10B0A000CEE1EFF13112100273325222B5529442C6
:10B0B000F772D662399318837BB35AA3BDD39CC36E
:10B0C000FFF3DEE36224433420040114E664C77412
:10B0D000A44485546AA54BB528850995EEE5CFF5BE
:10B0E000ACC58DD55336722611163006D776F66666
:10B0F0009556B4465BB77AA719973887DFF7FEE70E
:10B100009DD7BCC7C448E5588668A7784008611831
:10B1100002282338CCC9EDD98EE9AFF9488969995D
:10B120000AA92BB9F55AD44AB77A966A711A500A05
:10B13000333A122AFDDBDECBBFFB9EEB799B588BAB
:10B140003BBB1AABA66C877CE44CC55C222C033C51
:10B15000600C411CAEED8FFDECCDCDDD2AAD0BBDFD
:10B16000688D499D977EB66ED55EF44E133E322EA5
:10B17000511E700E9FFFBEEFDDDFFCCF1BBF3AAF4D
:10B18000599F788F8891A981CAB1EBA10CD12DC1AB
:10B190004EF16FE18010A100C230E3200450254041
:10B1A00046706760B9839893FBA3DAB33DC31CD3A1
:10B1B0007FE35EF3B1029012F322D2323542145291
:10B1C00077625672EAB5CBA5A89589856EF54FE5ED
:10B1D0002CD50DC5E234C324A014810466744764E1
:10B1E00024540544DBA7FAB79987B8975FE77EF741
:10B1F0001DC73CD7D326F2369106B0165766767631
:10B20000154634564CD96DC90EF92FE9C899E9890C
:10B210008AB9ABA94458654806782768C018E10880
:10B220008238A3287DCB5CDB3FEB1EFBF98BD89BE0
:10B23000BBAB9ABB754A545A376A167AF10AD01AD0
:10B24000B32A923A2EFD0FED6CDD4DCDAABD8BAD2C
:10B25000E89DC98D267C076C645C454CA23C832C20
:10B26000E01CC10C1FEF3EFF5DCF7CDF9BAFBABF80
:10B27000D98FF89F176E367E554E745E932EB23E70
:04B28000D10EF01EDD
:08B284005067FF7F010000008C
:04B28C00290200088B
:04B2900001020008AF
:10B294000400002000000000C40200202C03002051
:10B2A40094030020000000000000000000000000E3
:10B2B400000000000000000000000000000000008A
:10B2C400000000000000000000000000000000007A
:10B2D400000000000000000000000000000000006A
:10B2E4000000000003000000C4020020430000002E
:10B2F400000000000000000000000000000000004A
:10B3040000000000000000000000000043000000F6
:10B314000000000000000000000000000000000029
:10B3240000000000000000000000000043000000D6
:10B334000000000000000000000000000000000009
:10B3440000000000000000000000000043000000B6
:10B3540000000000000000000000000000000000E9
:10B364000000000000000000000000004300000096
:10B3740000000000000000000000000000000000C9
:10B384000000000000000000000000004300000076
:10B3940000000000000000000000000000000000A9
:10B3A4000000000000000000000000004300000056
:10B3B4000000000000000000000000000000000089
:10B3C40000000000000000000000000045390008F3
:10B3D400893D000800000000D8AC0008A4AF0008B4
:10B3E40034AF000834AF000834AF000834AF0008AD
:10B3F40034AF000834AF000834AF000834AF00089D
:10B4040034AF0008FFFFFFFFFFFFFFFFFFFFFFFF59
:10B41400FFFF0000010041534349490000000000C0
:10B424000000000000000000000000000000000018
:10B43400000000000000415343494900000000009F
:10B4440000000000000000000000000000000000F8
:10B4540000000000000000000100000010000000D7
:10B464000024F400500600205006002008000000CC
:10B474000C00000030050020000000000000000067
:10B48400000000000000003FCDCC4C3ECDCC4C3D34
:10B4940000000000000000005006002050060020BC
:10B4A40000000000040000007805002000000000F7
:10B4B40000000000000000000000003FCDCC4C3E26
:10B4C400CDCC4C3D0000000000000000A004002092
:10B4D400A00400200000000004000000C0050020BB
:10B4E4000000000000000000000000000000003F19
:10B4F400CDCC4C3ECDCC4C3D000000000000000003
:10B504005804002010040020000000000000000087
:10B5140008060020000000000000000000000000F9
:10B524000000003FCDCC4C3ECDCC4C3D0000000093
:08B5340000000000AAAAAAAA67
:040000050800AB45FF
:00000001FF
