:020000040800F2
:1000000000000220ED900008415200084352000811
:1000100045520008475200084952000800000000FD
:10002000000000000000000000000000D18A00086D
:100030004B52000800000000718B0008C3850008C7
:100040003D9100083D9100083D9100083D91000858
:100050003D9100083D9100083D9100083D91000848
:100060003D9100083D9100083D9100083D91000838
:100070003D9100083D9100083D9100083D91000828
:100080003D9100083D9100083D9100083D91000818
:100090003D9100083D9100083D9100083D91000808
:1000A0003D9100083D9100083D9100083D910008F8
:1000B0003D9100083D9100083D9100083D910008E8
:1000C0003D9100083D9100083D9100083D910008D8
:1000D0003D9100083D9100083D9100083D910008C8
:1000E0003D9100083D9100083D9100083D910008B8
:1000F0004D5200083D9100083D9100083D910008D7
:100100003D9100083D9100083D9100083D91000897
:100110003D9100083D9100083D9100083D91000887
:100120003D9100083D9100083D9100083D91000877
:100130003D9100083D9100083D9100083D91000867
:100140003D9100083D9100083D9100083D91000857
:100150003D9100083D9100083D9100083D91000847
:100160003D9100083D9100083D9100083D91000837
:100170003D9100083D9100083D91000800000000FD
:080180003D9100083D910008CB
:1001C0000348044B834202D0034B03B118477047E6
:1001D000DC010020DC010020000000000548064B87
:1001E0001B1AD90F01EBA301491002D0034B03B135
:1001F00018477047DC010020DC01002000000000EF
:1002000010B5064C237843B9FFF7DAFF044B13B15E
:100210000448AFF300800123237010BDDC010020EF
:10022000000000004091000808B5044B1BB10449D0
:100230000448AFF30080BDE80840CFE700000000AD
:10024000E00100204091000870B50F4B0F4DAB420C
:10025000A3EB050607D0B610002455F8043B013483
:100260009847A642F9D808F06BFF094D094B5E1B71
:10027000AB424FEAA60606D0002455F8043B0134F1
:100280009847A642F9D870BD3C9600083C960008F5
:100290003C96000840960008036A2DE9F041846806
:1002A00080460E46002B3BD0A3891B0717D5236938
:1002B000ABB1013EA36816F8015F013BA360EDB14D
:1002C000002B07DAA7699F4222462946404610DCE8
:1002D0000A2D0ED023685A1C22601D70EAE72146C1
:1002E000404601F0D3FE0028E3D04FF0FF30BDE8D8
:1002F000F08102F0F9FB0130DCD1F6E7002B09DADE
:1003000022460A21404602F0EFFB0130EDD00A20E0
:10031000BDE8F08123680A22591C21601A70F6E7B3
:1003200000F0F4F8C0E700BF024B01461868FFF781
:10033000B3BF00BF0C00002000207047024A0349F1
:10034000034801F081BE00BF00000020250700081F
:10035000100000200C4B4168994210B5044601D0B2
:1003600000F0E0F9A168094B994202D0204600F064
:10037000D9F9E168064B994204D02046BDE8104007
:1003800000F0D0B910BD00BFF801002060020020CD
:10039000C8020020002070472DE9F8432A4C2B4961
:1003A000DFF8BC90DFF8BC80294FC4F83811002575
:1003B00004230822294604F15C00264EE360C4E9C8
:1003C0000055C4E90455A5606566A56100F0C6F84E
:1003D000214B63670822294604F1C400C4E9084997
:1003E000C4E90A87C4E91A55C4E91E552567C4F84B
:1003F000CC50C4F88050266300F0B0F8174BC4F816
:10040000DC30294604F16803082204F59670C4F82C
:100410008830C4E92398C4E92576C4E93455C4E991
:100420003855C4F8D850C4F83451C4F8E85000F036
:1004300095F804F1D003C4E93D98C4E93F76C4F8C7
:10044000F030BDE8F88300BFF80100203D0300084C
:1004500071370008953700080900010012000200FA
:100460000937000831370008F8B5254BD3F8383183
:100470000646002B3CD0234FD7E90134013B04D57D
:100480001DE05A1C04F1680419D0B4F90C50013B6A
:10049000002DF6D11C4BE360C4E90155C4E90455B5
:1004A00065662560A5610822294604F15C0000F01C
:1004B00055F8C4E90D55C4E912552046F8BD3D680C
:1004C0000DB12F46D8E74FF4D671304600F0EEFC60
:1004D000044680B10423C0E900530C302946A060D3
:1004E0004FF4D072254600F039F83C602F46C3E740
:1004F000FFF752FFBFE70C2338603360DDE700BF32
:10050000F8010020000000200100FFFF036A03B192
:100510007047044B044AD3F838310262002BF7D1FC
:100520003AE700BFF801002055030008704700BFFC
:10053000704700BF024A0349002001F085BD00BF9B
:100540000000002039030008024A0349002001F09E
:100550007BBD00BF0000002095030008830730B575
:1005600047D0541E002A3ED0CAB2034601E0013CE7
:1005700039D303F8012B9D07F9D1032C2CD9CDB227
:1005800005EB05250F2C05EB054535D9A4F1100227
:1005900022F00F0C03F1100EE6444FEA121C1A462B
:1005A000C2E90055C2E9025510327245F8D10CF18A
:1005B000010214F00C0F03EB021204F00F0C13D025
:1005C000ACF1040323F003030433134442F8045B47
:1005D0009342FBD10CF003042CB1C9B21C4403F8C4
:1005E000011BA342FBD130BD64461346002CF4D15D
:1005F000F9E703461446C0E71A46A446E0E700BF01
:10060000B1F90C302DE9F0411E070C4680463DD46F
:100610004A68002A56DDE56A002D34D00022D8F859
:100620000060C8F8002013F48052216A57D10123DA
:100630004046A847451C024666D0B4F90C30E56A2E
:10064000216A580705D56368D21A636B0BB1236C16
:10065000D21A00234046A847431C42D000236360BF
:1006600023692360A389DF0400D56065616BC8F846
:10067000006041B104F14403994202D0404601F0C8
:1006800085FC002363630020BDE8F0810E69002E25
:10069000F9D09B070D6808BF4B690E6018BF002397
:1006A000AD1B8B600BE02B463246216AA76A4046A1
:1006B000B847B0F1000CA5EB0C05664406DD002D33
:1006C000F1DCE0E70A6C002AA5DCDCE7B4F90C30C9
:1006D00043F04003A3814FF0FF30BDE8F081626D2D
:1006E000AFE7D8F80010B4F90C301D29F0D80C4A47
:1006F000CA40D507ECD52269226000226260DA0484
:10070000B4D50029B1D0B1E7D8F80030002B94D08F
:100710001D2B01D0162BD9D1C8F80060B3E700BF5C
:10072000010040200B69B3B110B5044682B008B196
:10073000036A5BB1B1F90C3013B9002002B010BDEF
:10074000204602B0BDE81040FFF75ABF0191FFF705
:10075000DDFE0199EEE70020704700BFB8B138B563
:100760000D4A0369156804462BB10DB12B6A53B1CC
:10077000B4F90C300BB9002038BD21462846BDE83D
:100780003840FFF73DBF2846FFF7C0FEF0E7034AB9
:100790000349044801F058BC0C0000200000002070
:1007A0002507000810000020014B1868704700BFA3
:1007B0000C0000202DE9F04755EC104B84B0002DC3
:1007C0000D9E894692463DDB0027652E1F7035D071
:1007D0003DDC452E32D0462E5AD1032103AB019386
:1007E00002AB009345EC104B0C9B4A4600F076FCA4
:1007F000074626F02003462B07EB090805D13B7876
:10080000302B39D00C9B1B68984420462946002287
:10081000002304F01DF9002838D1039B984506D920
:1008200030215A1C03921970039B4345F9D30E9A49
:10083000DB1B3846136004B0BDE8F08709F10109FD
:100840000221CBE705F100422D271546BDE7662EB4
:10085000C3D003AB019302AB009345EC104B0C9B50
:100860004A46022100F03AFC672E0746C1D11AF031
:10087000010F1ED1039BDAE7002200232046294600
:1008800004F0E6F8C0B10C9B1B6898444346CEE7E1
:1008900003AB019302AB009345EC104B0C9B4A4613
:1008A000022100F01BFC472E0746A2D11AF0010FCF
:1008B000E0D007EB0908A8E70C9AC9F1010313601F
:1008C000A2E700BF70B50029BABF49422D232B23F0
:1008D000092982B0027043702BDD0DF10704194D18
:1008E000A446A5FB0123DB0803EB8302A1EB420234
:1008F0008E463032BEF1630F66460CF8012C194665
:100900000CF1FF3CEDDCB31E3031A3420CF8011CAE
:1009100000F102050AD2421C13F8011B02F8011F64
:10092000A342F9D10DF109039B1B1D44281A02B003
:1009300070BD30231944051D8370C170281A02B0A0
:1009400070BD00BFCDCCCCCC2DE9F04F8DB00C46A6
:10095000DDF8588016461F46054602F021FF036861
:100960000693184603F0CCF800230A93D8F8003019
:100970000790073323F0070303F10802D4F800A01F
:1009800094F818B0C8F8002093ED007B8DED047B3F
:100990009DED047B53EC172B904623F0004984ED2A
:1009A000127B9F4B4FF0FF324046494604F082F8DD
:1009B00040B99B4B404649464FF0FF3204F05CF88B
:1009C000002871D0DDE9040102460B4604F072F8FC
:1009D000002840F0298261684B1C4AF480620BF0C9
:1009E000DF0832D0B8F1470F00F0228100232260E7
:1009F00003930AAB029309AB00939DED040BCDF872
:100A000004B00DF123032846FFF7D4FE8146BBF165
:100A1000650F099937D9BBF1660F00F028810A9B51
:100A20008B4240F32F810029D4BFC1F10202012281
:100A300013442361A1654FF0000A9DF82330002B79
:100A40004AD02D2384F8433046E00621002322605B
:100A5000CDF804B0616003930AAB029309AB009335
:100A60009DED040B0DF123032846FFF7A3FEB8F11B
:100A7000470F8146CBD10999C81C80F2F180ABF1B8
:100A8000020B5FFA8BFB01395A4604F150000991C1
:100A9000FFF718FF0A9A1318012A8246236140F3D0
:100AA000378101332361C8E7DDE904010022002317
:100AB00003F0D8FF10B12D2384F843302AF004024C
:100AC000584B2260584ABBF1470F8CBF914699465C
:100AD000032323614FF0000A009733460BAA2146F7
:100AE000284601F0DFFB013023D0236858052BD4C2
:100AF00023694A4631462846B847013019D0226852
:100B0000E0680B9B920719D5984217DD4FF000085B
:100B100004F1190904E0E0680B9BC21A42450DDD9F
:100B200001234A4631462846B847013008F10108FA
:100B3000F1D14FF0FF300DB0BDE8F08F9842B8BF53
:100B400018460DB0BDE8F08FBBF1650F33D9D4E97D
:100B500012010022002303F07BFF002800F09A809E
:100B6000324A012331462846B8470130E1D0DDE959
:100B7000093A534502DB2268D107C1D5DDE90623D6
:100B800031462846B8470130D3D0BAF1010FB6DD5F
:100B90000AF1FF3A4FF0000904F11A0801E0D145CB
:100BA000ADD00123424631462846B847013009F10D
:100BB0000109F4D1BDE7DDF82880B8F1010F40F359
:100BC000988001234A4631462846B8470130B0D0C4
:100BD000DDE9062331462846B8470130A9D0D4E9DB
:100BE00012010022002308F1FF3B03F031FF00282F
:100BF00000F09380B8F1010F40F386804FF00009B8
:100C000004F11A0801E0D9457ED00123424631465D
:100C10002846B847013009F10109F4D189E700BF3E
:100C2000FFFFEF7F60940008649400087094000850
:100C300009B9012161600023226003930AAB02938A
:100C400009AB00939DED040BCDF804B00DF1230327
:100C50002846FFF7AFFD09998146C81CFFF60FAF84
:100C6000636899423FF70BAF4FF0670BD7E6002957
:100C7000636856DD2161002B00F0858001330B4451
:100C80002361D7E623682161DB077FF5D3AE4B1CD8
:100C90002361CFE6099B002B4ADD0A9BD4F858B0AC
:100CA00004935B45A8BF5B46002B984608DD4A4687
:100CB00031462846B84701303FF43BAFD4F858B02E
:100CC00028EAE87293456BDD4FF0000A04F11A0838
:100CD000934604E0A36DA3EB0B0252455FDD0123B5
:100CE000424631462846B84701300AF1010AF1D19F
:100CF0001FE7D9073FF565AF4A460123314628462D
:100D0000B84701303FF415AF534604F15002F1E605
:100D10002268D2077FF591AEC3E65B4609F1010276
:100D2000ECE7002B34D12268D20731D4012380E6CE
:100D3000494A012331462846B84701303FF4F9AE0D
:100D4000DDE9093A5AEA030324D0DDE906233146F6
:100D50002846B84701303FF4ECAE099B002B78DA07
:100D60004FF0000B04F11A0803E0099B5B425B455E
:100D70006FDD0123424631462846B84701300BF16A
:100D8000010BF2D1D5E62268D0077FF553AE75E7A7
:100D900002334EE62268D3077FF5B2AED5E79B4615
:100DA000099B049A9A4202DC2268D00708D5DDE943
:100DB000062331462846B84701303FF4BAAE099BB6
:100DC000049AA2EB0B0AD31A9A45A8BF9A46BAF125
:100DD000000F0BDD09EB0B02534631462846B8479E
:100DE00001303FF4A6AE099B049AD31A2AEAEA7AA4
:100DF00053457FF784AEDDF810B04FF0000904F1E1
:100E00001A0807E0099BABEB0303A3EB0A034B456E
:100E10007FF775AE0123424631462846B847013078
:100E200009F10109EED184E6059B0C4A002BBCBFF9
:100E30002D2384F843302AF004032360084BBBF1D0
:100E4000470F8CBF91469946032323614FF0000A58
:100E500042E653464A464DE6709400086C940008FA
:100E60006894000870B5104E336805460C46B3B15F
:100E70002146284602F036FC431C0CD0C41C24F04A
:100E80000304A04205D0211A284602F02BFC0130B1
:100E900001D0204670BD4FF0FF34204670BD19468A
:100EA00002F020FC3060E3E7340300202DE9F84332
:100EB000CD1C25F0030508350C2D38BF0C25002D61
:100EC000064618DBA94216D8DFF8DC8001F0BEFB2D
:100ED000D8F80420A2B1144603E0636822467BB12F
:100EE0001C4623685B1BF8D40B2B1FD89442636805
:100EF00054D053600CE00C2333600020BDE8F8832D
:100F000029463046FFF7AEFF431C044619D0056062
:100F1000304601F09DFB04F10B00231D20F007007B
:100F2000C21A1CBF1B1AA350BDE8F8836119944272
:100F3000256014BF5160C8F80410635163684B60AA
:100F4000E6E7D8F804701FB33C467F68002FFBD15A
:100F500023683946304604EB030902F0C3FB8145A0
:100F600016D12368ED1A29463046FFF77BFF013082
:100F70000ED02368D8F804202B442360536883B133
:100F8000A34203D01A465B689C42FBD10023B0E722
:100F90000C233360304601F05BFBAEE7C8F8043049
:100FA000B6E7C8F80470B3E734030020000000007F
:100FB0002DE9F04F03690C69A34283B0C0F28A8027
:100FC000013C01F1140500F1140855F8243058F8DB
:100FD000242001339A428E4681464FEA840105EB74
:100FE000840708EB840AB2FBF3F63AD3CDE9001587
:100FF0000022AC46404613465CF8041B05681FFA05
:1010000081FB06FB0B22090C4FEA124B06FB01BBCE
:1010100092B2A9B2891A19441FFA8BF3C3EB214388
:1010200003EB154389B241EA0341674540F8041BCD
:101030004FEA1B424FEA2343DED2DDE9001558F8A0
:10104000013073B9AAF1040AD04504D307E0D045B2
:1010500004F1FF3403D25AF80439002BF7D0C9F851
:1010600010407146484602F0C3F800282EDB414686
:10107000002255F8040BD1F800C01FFA80FE1FFAB9
:101080008CF3A3EB0E031344020CC2EB234202EBDE
:101090001C429BB243EA0243AF4241F8043B4FEA91
:1010A0002242E6D258F8242008EB84036AB9043BB4
:1010B000434504D807E0984504F1FF3403D253F8C0
:1010C0000429002AF7D0C9F810400136304603B091
:1010D000BDE8F08F002003B0BDE8F08F2DE9F04FA0
:1010E000C5699DB08DED060B269C049057EC106BE6
:1010F00002910B920993002D00F0B183296851B140
:101100006A684A60012393408B6001F0A3FD049B51
:10111000DB6900221A60B7F10009B4BF0123002384
:101120002360774BBCBF29F00049CDF81C9033EA0F
:10113000090300F0AC809DED067B002251EC170BFB
:1011400000238DED007B03F083FC804668B1099A93
:1011500001231360279B13B1279A6A4B13606A4BD4
:10116000059305981DB0BDE8F08F9DED000B049828
:101170001AAA1BA902F0AAF95FEA1955824640F0A3
:101180009C80DDE91A85454405F23243202B40F36B
:101190009B83C3F1400309FA03F905F2124326FACF
:1011A00003F349EA030003F071F90123013DA1F1C2
:1011B000F8711293554B002203F02AF84AA3D3E9A1
:1011C000002303F0DDF94AA3D3E9002303F022F85A
:1011D000064628460F4603F069F947A3D3E90023E2
:1011E00003F0CEF902460B463046394603F012F8BA
:1011F00006460F4603F074FC0022044608900023C4
:101200003046394603F02EFC002840F03683089C17
:10121000A8EB0508162C08F1FF3B00F214833C4BA9
:1012200003EBC403D3E90023DDE9000103F01AFC5A
:10123000002873D0631E0893BBF1000F4FF000032A
:101240001193C0F2068300230C93089B002B6BDAEA
:10125000089B0C9A0D93D21A0C925A4200230893C1
:10126000029B1092092B67D8052BC4BF043B029345
:10127000029BA3F10203CCBF00250125032B00F242
:101280004986DFE813F07C04790470045204099A5B
:10129000C9F3130942F20F7359EA060913601CD10E
:1012A000279B002B00F02D861A4B05930833279AB5
:1012B000059813601DB0BDE8F08FDDE90012C2F3A0
:1012C0001303084643F07F51CDF84880A5F2FF355F
:1012D000DDF8688041F440116CE7279B002B40F05B
:1012E00000840D4B05933CE761436F63A787D23FB2
:1012F000B3C8608B288AC63FFB799F501344D33F05
:101300000000F07F71940008709400080000F83F1E
:10131000689100087494000880940008B8F1000FE8
:1013200040F3AF8411900C90089B0D939B440023D5
:101330001093029B092B97D900234FF0FF32CDE980
:101340000A23012502930E95049BDB690021596055
:101350000A9B1393049801F03DFC0590002800F0CF
:10136000E285049B059ADB691A600A9B0E2B00F24A
:101370000D81002D00F00A810D99002940F3518460
:10138000AE4B01F00F0203EBC203C805D3E900899D
:101390004FEA211540F11584A94BDDE90001D3E99D
:1013A000082303F017FACDE9140105F00F05032710
:1013B0007DB1A34EE90708D540464946D6E900234A
:1013C00003F0DEF80137804689466D1006F1080605
:1013D000F0D142464B46DDE9140103F0FBF98046AB
:1013E0008946119B43B1974B00224046494603F082
:1013F00039FB002840F01785384603F057F842467D
:101400004B4603F0BDF8904B002202F003FFA1F120
:101410005073CDE9140115930A9B002B00F09D80B9
:101420000D9B19930A9B18934946404603F058FBBD
:10143000189A824B03EBC20313ED027B05468DED38
:10144000167B03F033F80B4602464946404602F04D
:10145000DFFE059F0E9B30357E1CECB28046894630
:101460003546002B00F07284DDE916237749002011
:1014700003F0B0F9DDE9142302F0CAFE3C704246E5
:101480004B4604460D4603F00BFB002840F0BF849A
:10149000CDF858B0CDF850A0AB460027189DA24615
:1014A0002AE00137AF4280F20685694B5046594623
:1014B000002203F065F8664B002282468B464046C8
:1014C000494603F05DF88946804603F009FB04466F
:1014D00002F0ECFF02460B464046494602F098FEF9
:1014E000303406F8014B52465B468046894603F08D
:1014F000B9FA002840F0DC8442464B4651490020AE
:1015000002F086FE52465B4603F0ACFA0028C8D0D3
:10151000199BDDF850A0059A374603F1010802E057
:10152000974200F0A6843E4617F8013D392BF7D0CC
:101530000133DBB23B70454674E1384602F0B6FF3A
:1015400042464B4603F01CF83F4B002202F062FE7D
:10155000A1F15073CDE9140115933E4B0022404692
:10156000494602F055FEDDE9144522462B46064663
:101570000F4603F095FA002840F08A843046394639
:10158000224605F1004303F06DFA28BB1B9B002B9C
:10159000C0F292800D9A0E2A00F38E80274B0D9A8E
:1015A00003EBC20393ED007B0B9B002B8DED027BC5
:1015B00019DA0A9B002B16DC0ED1264B0022DDE93E
:1015C000020102F0DDFF02460B46DDE9000103F0F7
:1015D00053FA002800F05C840023059E00931F4608
:1015E0000B9BDD4344E2059B5D1CDDE90278DDE9F0
:1015F00000013A46434603F0EDF803F071FA06465F
:1016000002F054FF3A46434602F0BAFF02460B4648
:10161000DDE9000102F0FCFD059A06F130031370CC
:101620000A9B012B2F4600F037830125CDF800A03F
:10163000A846DDE902AB99462CE000BF689100089E
:10164000589200080000F03F00001C400000E03FFE
:10165000000024400000144052465B4620462946C4
:1016600003F0B8F803F03CFA064602F01FFF5246BA
:101670005B4602F085FF08F101080B460246294649
:10168000204602F0C5FD06F13003C84507F8013BCE
:1016900000F000838F4B002202F072FF0022002333
:1016A00004460D4603F0D4F90028D5D00D9DDDF891
:1016B00000A001353E46B5E00E9A002A40F0F180C8
:1016C0000023109E0C9D0E931F4665B1BBF1000FC9
:1016D00009DD5D450C9A2B46A8BF5B46D21A0C92D9
:1016E000ED1AABEB030B109B53B10E9B13B1002E05
:1016F00040F00B835146109A049801F095FC824605
:101700000498012101F0C4FB089B0090002B40F0DD
:10171000D381029B012B40F3E9810120584410F052
:101720001F0000F0B780C0F12003042B40F3F881C4
:101730000C9BC0F11C0003440C93054483440C9B98
:10174000002B05DD514604981A4601F0DDFC824667
:10175000BBF1000F05DD009904985A4601F0D4FC56
:101760000090119B002B40F08C810A9B002B40F3D2
:1017700064810E9B002B40F0BC800D9D0135DDF88F
:101780001480009CDDF828B0DDF81090012607E0F9
:10179000514600230A22484601F080FA013682466B
:1017A00021465046FFF704FCB34500F1300008F82D
:1017B000010BEDDC0A9B002BC8BF1E46059BD8BF62
:1017C0000126814603EB060B0024514601220498B2
:1017D00001F09AFC0099824601F00AFD002840F3CE
:1017E0000382059A02E0934500F016825E460BF1F3
:1017F000FF3B16F8013C392BF5D001338BF8003054
:10180000DDF810800099404601F024FA57B12CB160
:10181000BC4203D02146404601F01CFA04983946E8
:1018200001F018FA0498514601F014FA00233370BD
:10183000099B1D60279B002B3FF493AC05981E600D
:101840001DB0BDE8F08F0123BBF1000F1193BFF66F
:10185000FAACC8F101030C934FF0000BF5E4102033
:1018600000F010FD049B0246D861002800F04D8373
:10187000C0E90055C0E902554DE4204602F016FECD
:1018800032463B4603F0E4F800287FF4C0AC631E08
:101890000893BCE41C230C9A1A440C921D449B44EC
:1018A0004DE7029A012A40F3AA810A9B109A5E1E14
:1018B000B242C0F26781002BA2EB060680F2EC82F6
:1018C0000C9B0A9A9D1A6AE1C3F1200306FA03F001
:1018D00069E400BF000024403946002304980A222E
:1018E00001F0DCF9139B002B074640F3FE820D96B6
:1018F0000A93002D05DD394604982A4601F004FCC0
:101900000746089B002B40F0E481B846059E0A9CE0
:10191000731E1C44069B03F00103CDE90B43049C9A
:1019200000995046FFF744FB39468346504601F084
:101930005FFC009905464246204601F07BFCC368E7
:101940000BF130090146ABBB0A90504601F050FC48
:101950000A990890204601F07DF9089A002A54D18E
:10196000029B1BB90C9B002B00F0AB82002D3FDBD0
:101970000B9BB346B3420BF8019B00F0C18151466B
:1019800000230A22204601F089F94745824639465C
:101990004FF000034FF00A02204630D001F07EF9EC
:1019A0004146074600230A22204601F077F95E46A9
:1019B0008046B5E7049801F04DF9002D06DB069B43
:1019C00003F00102029B1D432A4329D15146012203
:1019D000049801F099FB0099824601F009FC002867
:1019E00040F3F680B9F1390F00F048820BF131096C
:1019F0000D9D06F8019B3C460135474600E701F086
:101A00004DF95E46074680468AE7002DC0F29D826A
:101A1000029B1D430C9B1D4300F09782002AA7DD0B
:101A2000B9F1390F00F02A820D9D09F101033C46FE
:101A300006F8013B01354746E2E6029B022B7FF7A1
:101A400098AE0A9B002B40F0238100990498052250
:101A500001F024F901460090504601F0C9FB00282E
:101A600040F31681059E0D9D312306F8013B01359B
:101A70000099049801F0EEF80135002F7FF4CEAE06
:101A8000D0E60099504601F0B3FB0028BFF66DAEDA
:101A90005146002304980D9C0A2201F0FFF80E9B8A
:101AA000661E8246002B7FF417AF139B002B40F37A
:101AB0000F820D9D0A9362E601461A46049801F0D2
:101AC000B3FA029B0090012B6FDD00230893009A6C
:101AD000136902EB8303186901F088F9C0F1200053
:101AE0001CE6964B05930333FFF7E1BB069B002BE7
:101AF0007FF413AEDDE90612C2F31303002B7FF46B
:101B00000CAE8F4B13402BB10C9B01330C930BF19C
:101B1000010B0123089A0893002A3FF4FEADD6E793
:101B20003FF40DAEC0F13C03B5E601230E930B9BD1
:101B30000D9A134413930133012B1F460A93B8BF28
:101B40000127049B172FDE6940F2FB810122042349
:101B50005B0003F11400B842114602F10102F7D90B
:101B60007160FFF7F7BB01230E930B9B002B36DD53
:101B70001F4613930A93E4E700230E93D7E700234D
:101B80000E93F2E7109B089A1096F31A1A440892E3
:101B90000A9B0C9A15461A449B440C920026049802
:101BA000012101F075F907468FE5069B002B8CD1CA
:101BB000DDE90601C1F313030A46002BA1D008900A
:101BC00085E79DED007B02278DED147BFFF7F0BBD1
:101BD0007FF40EAF19F0010F7FF404AF08E7012383
:101BE000CDE90A33FFF7B0BB03D119F0010F7FF441
:101BF000F8AD5E461BF8013D302BFAD000E6129A94
:101C0000002A00F0078103F233430C9A109E154618
:101C10001A449B440C92C2E7059A31230135137094
:101C2000EEE500F0FB800D9A464B554205F00F02A1
:101C300003EBC203D3E90023DDE9000102F0A0FCBD
:101C40002D11CDE9140100F057813F4E00230227EA
:101C500080468946EA0709D5D6E900234046494629
:101C600002F08EFC01378046894601236D1006F193
:101C70000806EFD1002B7FF4B4ABDDE91489FFF740
:101C8000B0BBC8F1010383460C931190FFF74CBB26
:101C9000059EA5E4DDF800A002460B4602F0BAFA64
:101CA0000D9D02460B46CDE900230135DDE90223F7
:101CB000A84602F0F5FE40B9DDE90223DDE90001A6
:101CC00002F0C6FE18B1F30701D5059A2BE43E4693
:101CD000A8E57968049800F07DFF0546002800F02B
:101CE00029813B6902339A0007F10C010C3000F0A6
:101CF0002FFA04982946012201F006FA804605E6EB
:101D00000D9D3C46013547465FE5049C3946324609
:101D1000204601F089F9524601460746204601F067
:101D2000CDF851468046204600F094FF109B9B1B47
:101D3000C24610933FF4E4ACDCE400BF809400089A
:101D40000000F07F6891000858920008DDE9162332
:101D5000DDE9140102F014FC059B1C70189B012B9B
:101D6000CDE90E0100F0BF80189F059B12961F441D
:101D70007E4B00224046494602F002FC0D460446D6
:101D800002F0AEFE814602F091FB09F130090246F5
:101D90000B462046294602F03BFA06F8019BB74263
:101DA00080468946E4D1129D714B0022DDE90E0187
:101DB00002F030FA02460B464046494602F070FEF9
:101DC00000286FD1DDE90E236949002002F020FAD6
:101DD00002460B464046494602F044FE88B91B9B2A
:101DE000002BFFF66DAC0D9B0E2B3FF769AC614BE2
:101DF0000D9A03EBC20393ED007B8DED027BFFF7A1
:101E0000F4BB3E46013F16F8013C302BF9D0199D3A
:101E1000013507E51A9BC3F13603F6E6DDE90089D3
:101E20000227FFF7DEBA0A9B002B3FF486AB139C18
:101E3000002C7FF7ABAB0D9B013B0022404649468F
:101E400019934A4B02F09CFB80468946781C02F0AD
:101E50002DFB42464B4602F093FB474B002202F01B
:101E6000D9F9A1F15073CDE9140118941593FFF736
:101E7000DBBA08F101083123FFF75CBB0D9D059A21
:101E8000B34639233C460BF8013B01354746ADE4E8
:101E9000002300931F46E5E50C9A15461A449B441F
:101EA0000C927CE6199B059A03F10108FFF73BBBF6
:101EB000DDF850A0ABE7DDF858B0DDF850A0FFF733
:101EC00065BBB9F1390FD9D0002D3FF78FAD8FE544
:101ED000029B022B03DC139B0D9D0A934FE4139B83
:101EE0000A930D96ADE537465EE7029B022BF6DCC2
:101EF000139B0D960A93FCE4DDE914890227FFF792
:101F000070BA1E4B0593FFF72CB91D4B1D48EF21EE
:101F100000F03AFE0498C36900255D60294600F090
:101F200059FE0590A8B9184B1648002240F2AF118F
:101F300000F02AFE144B13482A4640F2EF2100F02D
:101F400023FE00217160FFF705BA002A3FF73EAD7E
:101F50004EE5049B059ADB690B951A604FF0FF3341
:101F6000012213930E920A93FFF710BB0000244046
:101F70000000E03F6891000800001C4074940008D5
:101F8000849400089C940008C8940008002950D04C
:101F900038B551F8043C0C1F002BB8BFE4180546B7
:101FA00000F054FB274A13682BB1A3420CD92168D7
:101FB000601883422CD0636028461460BDE8384026
:101FC00000F046BBA3420FD81A465B68002BF9D13C
:101FD00011685018844217D02CD36360546028468F
:101FE000BDE8384000F034BB11685018A04214D04E
:101FF00020D8216860188342EFD118685B680844D4
:10200000C4E900035460EAE723680B441360E6E781
:1020100018685B6808442060CDE7206801445018C8
:1020200083421160DBD1D3E900040144C2E900140A
:10203000D5E770470C232B602846BDE8384000F0F8
:1020400007BB00BF380300202DE9F8430746884648
:1020500016464FF00009D6E90154013D10D4A3897A
:10206000012B08D9B4F90E3001332146384602D08D
:10207000C04749EA0009013D6B1C04F16804EED138
:102080003668002EE7D14846BDE8F88338B52F4BB7
:102090001B6805460C4613B11A6A002A4BD0B4F9E6
:1020A0000C3018071CD5226922B313F0010107D0A8
:1020B000616900204942A060A1613AB1002038BDA9
:1020C000980758BF6169A160002AF7D1190658BF67
:1020D0001046F4D543F04003A3814FF0FF3038BDE4
:1020E000D9062CD55A0712D4226943F00803A381DC
:1020F000002ADAD103F42071B1F5007FD5D0214652
:10210000284600F0A7FAB4F90C302269CDE7616BDC
:1021100051B104F14402914204D02846FFF736FF42
:10212000B4F90C300022626322690021C4E9002165
:1021300023F02403D9E71846FEF7E8F9AFE70922B0
:1021400043F040032A60A381C7E700BF0C000020D2
:10215000844641EA000313F003036DD1403A41D3B2
:1021600051F8043B40F8043B51F8043B40F8043B71
:1021700051F8043B40F8043B51F8043B40F8043B61
:1021800051F8043B40F8043B51F8043B40F8043B51
:1021900051F8043B40F8043B51F8043B40F8043B41
:1021A00051F8043B40F8043B51F8043B40F8043B31
:1021B00051F8043B40F8043B51F8043B40F8043B21
:1021C00051F8043B40F8043B51F8043B40F8043B11
:1021D00051F8043B40F8043B51F8043B40F8043B01
:1021E000403ABDD2303211D351F8043B40F8043BA1
:1021F00051F8043B40F8043B51F8043B40F8043BE1
:1022000051F8043B40F8043B103AEDD20C3205D3B0
:1022100051F8043B40F8043B043AF9D2043208D0A8
:10222000D2071CBF11F8013B00F8013B01D30B881A
:1022300003806046704700BF082A13D38B078DD0F8
:1022400010F003038AD0C3F10403D21ADB071CBFCA
:1022500011F8013B00F8013B80D331F8023B20F834
:10226000023B7BE7043AD9D3013A11F8013B00F86D
:10227000013BF9D20B7803704B7843708B788370F5
:1022800060467047024B01461868FEF70FBE00BF5C
:102290000C000020024B01461868FFF777BE00BF14
:1022A0000C0000202DE9F84F92461F460A698B6802
:1022B000DDF828909A42B8BF1A46CAF8002091F873
:1022C00043300C46064613B10132CAF8002022689A
:1022D00091065FD5DAF800300233CAF80030226880
:1022E00012F0060F11461DD1E1689942D8BF114680
:1022F00018DD4FF0000804F1190B05E0E568DAF885
:102300000030ED1A45450CDD01235A46394630466A
:10231000C847013008F10108F0D14FF0FF30BDE8A7
:10232000F88F216894F84330003B18BF01238A06D8
:102330000AD5E1185A1C302081F84300224494F851
:10234000451082F84310023304F143023946304607
:10235000C8470130E1D02368DAF80050216903F062
:102360000603042BD4E902201BD08A4220DD4FF063
:102370000008521A90441A34002501E0454517DA46
:102380000123224639463046C847013005F1010590
:10239000F4D1C2E712F0060F0DD0003B18BF0123A5
:1023A000D2E7401B8A4220EAE078E2DC0028E2DC47
:1023B0000020BDE8F88FE168DAF800309942D8BF14
:1023C000114696DCAEE700BF2DE9F047174684B012
:1023D0000A7E0C9D0C460646984601F1430C002AE5
:1023E00035D0A2F15803D9B2202969D8202B67D85B
:1023F000DFE813F0E600660066006600660066002F
:1024000066006600660066006600AC00700066004C
:102410006600660066007000660066006600660082
:1024200021008300C60066006600B60066008300D7
:1024300066006600EC002B6822686169181D286040
:1024400010061B6802D4520600F1E08019600023D8
:10245000E1462361CDF800803B4603AA2146304681
:10246000FFF720FF013020D023694A463946304625
:10247000C047013019D02368E068DDF80C909B0755
:1024800018D5484516DD002504F1190A04E0E06876
:10249000A0EB0903AB420DDD01235246394630461D
:1024A000C047013005F10105F1D14FF0FF3004B014
:1024B000BDE8F0874845B8BF484604B0BDE8F0879E
:1024C00084F84220012004F142090023206184F8AD
:1024D0004330BFE72A682368111D1806296002D41B
:1024E000590600F195801068014600286268C0F224
:1024F000938054484FF00A0E15E020682B6810F0C6
:10250000800F53F8041B02D1400648BF89B26F2ADE
:102510004C482B6014BF4FF00A0E4FF0080E0023FA
:10252000626884F84330002AA26051DB236823F0FC
:102530000403236000294BD1002A7BD1E146BEF180
:10254000080F56D0ACEB0903236183E72B681A68A8
:1025500004332B6004F1420984F842200120B4E7DF
:102560002B686268191D2960D3F800900021484645
:1025700001F0DEFB002863D0A0EB09006060A4E757
:10258000236843F02003236078222F4884F84520F5
:102590002A6813F0800F52F8041B03D113F0400F88
:1025A00018BF89B22A60DA0744BF43F020032360D2
:1025B00019B9236823F0200323604FF0100EAEE713
:1025C000582384F845301F482368E1E72368DBE798
:1025D0007546E146B1FBF5F305FB131A0A46AA421C
:1025E00010F80A1009F8011D1946F3D2BEF1080FC0
:1025F000A8D12368DD07A5D5626823699A42A1DCCA
:10260000302309F8013C09F1FF399BE719801EE7E7
:10261000B2F90010084668E72D20002AA26084F86D
:10262000430002DB23F0040323600A2505484942E6
:10263000AE46CEE7037884F8423004F142097EE7E3
:10264000606842E7DC940008F0940008704700BF1F
:10265000704700BF70B5B1F90C300C46990796B0C1
:1026600007D504F147030122C4E90432236016B000
:1026700070BDB4F90E100029054629DB6A4601F049
:1026800011FC002822DB4FF480612846019EFEF7F2
:102690000DFC88B3A389206043F0800306F47046E4
:1026A000A381B6F5005F4FF48063C4E90403DED173
:1026B000B4F90E10284600F07BF80028D7D0A38983
:1026C00023F0030343F00103A381D0E7B4F90C30F6
:1026D00013F0800F14BF40264FF480663146284621
:1026E000FEF7E4FB40B1A389206043F08003C4E916
:1026F0000406A38116B070BDB4F90C309A05B6D4A7
:1027000023F0030304F1470243F002030121C4E96B
:102710000421A3812260AAE770B50C46B1F90E101E
:10272000002996B015461E460FDB6A4601F0BAFB3B
:1027300000280ADB019B03F47043A3F50053B3FAAE
:1027400083F34FF480625B0908E0A28912F0800FE6
:102750004FF0000314BF40224FF48062002033602A
:102760002A6016B070BD00BF0EB400B582B003ABD6
:10277000816853F8042B019300F072F802B05DF801
:1027800004EB03B0704700BF0FB400B5074983B036
:1027900004AB086853F8042B8168019300F060F8DB
:1027A00003B05DF804EB04B0704700BF0C000020DC
:1027B00038B5074D0022044608462A6006F092FC10
:1027C000431C00D038BD2B68002BFBD0236038BDE4
:1027D0003C0300209368013B002B936011DA10B496
:1027E0009469A34209DB0A2907D01368581C1060BA
:1027F000197008465DF8044B70475DF8044B00F013
:1028000073B91368581C106019700846704700BFF0
:102810009BB1F8B5134406460F46541E5D1E01E0F9
:10282000AC4208D014F8011F3A463046FFF7D2FFF9
:10283000431CF5D1F8BD0020F8BD0020704700BF53
:10284000936810B514461BB918460023636010BD89
:1028500000F0AEFF0023A3600023636010BD00BF43
:102860002DE9F04FA1B08B4691461C46049018B15B
:10287000036A002B00F01C81BBF80C30180740F1F4
:102880009580DBF81030002B00F090800023CA46C2
:102890000D9343F22003ADF839309AF80030864E9C
:1028A00007940127002B79D0D14604E019F8013FA5
:1028B000002B00F08580252BF8D1B9EB0A0840F0F9
:1028C000828099F80030002B68D000234FF0FF324F
:1028D000CDE9092309F1010908930B938DF86330C1
:1028E0001E9305E0089A07FA03F31A430892A146DB
:1028F0004C46052214F8011B304601F019FAA24695
:10290000831B0028EED1089BD90644BF20228DF8F6
:10291000632099F800101A0744BF2B228DF863201A
:102920002A2966D1079A1168043200290792C0F259
:102930009A800B9199F801102E2970D05F4C0322D8
:10294000204601F0F5F938B1089B001B4022824077
:1029500013430AF1010A08931AF8011B58488DF82D
:102960003810062201F0E4F9002800F08280554B6F
:10297000002B69D007AA0092534B04985A4608A925
:10298000FDF7E2FF0390039B013307D00D9B039AF1
:1029900013440D939AF80030002B85D1BBF80C300E
:1029A0005B060AD40D9821B0BDE8F08F0498594613
:1029B000FFF76CFB00283FF469AF4FF0FF30F2E700
:1029C000B9EB0A08EAD00AF1FF35CDF81490A94610
:1029D000049D01E0A0453ED94C465A4619F8011F16
:1029E0002846FFF7F7FE02340130A4EB0A04F1D1C8
:1029F000D4E7A1F13002092A88BFCA469CD80B9BB4
:102A000000E00134217803EB830302EB4303A1F1DF
:102A10003002092AF5D92E290B93A2468ED19AF8B5
:102A200001102A292FD1079B9AF802101A680992DF
:102A30000433002A0AF102000793B8BF4FF0FF33B6
:102A40008246B8BF099379E7079B073323F0070352
:102A5000083307939AE70D99DDF81490414499F8EB
:102A600000300D912FE7494243F002030B91089388
:102A700060E707AA0092144B04985A4608A9FFF78A
:102A8000A3FC03907FE7A1F130020023092A0993F8
:102A90000AF1010A3FF652AF1AF8011F03EB830354
:102AA00002EB4303A1F13002092AF5D9099345E766
:102AB000FDF72CFDE0E600BF049500080C9500082A
:102AC00010950008490900081128000810B4054CA9
:102AD0008446134620685DF8044B0A466146FFF7BA
:102AE000BFBE00BF0C000020F8B50D4614460646D8
:102AF00010B1036A002B37D0A389A269A2601A071C
:102B000019D52369BBB122686169D31AEDB2994224
:102B10002F4620DD0133A1680139A160511C2160DD
:102B2000157062699A420DD0A389DB0701D50A2D81
:102B300008D03846F8BD21463046FFF7A7FA38B925
:102B40002369E0E721463046FDF7ECFD0028F0D090
:102B50004FF0FF37EDE721463046FDF7E3FD002853
:102B6000F6D122680123D6E7FDF7D0FCC4E700BF09
:102B700010B4044C03460A4620685DF8044B19461D
:102B8000FFF7B2BF0C00002000B50B4C25681446BF
:102B9000EE681A4685B003460D464CB107490095CC
:102BA000CDE901143046064901F036F900F080FF06
:102BB00004490C46F3E700BF0C00002018950008FC
:102BC000289500082495000808B513460022FFF751
:102BD000DBFF00BF70B5C66905460C465EB1F36801
:102BE000A3B153F82400E8B1026843F8242000237D
:102BF000C0E9033370BD1020FFF744FB0646E861CF
:102C0000E8B10023C0E90033C0E9023321220421E6
:102C1000284600F0E1FFEB69F060DB68002BE0D1B3
:102C2000002070BD012101FA04F6721D92002846B1
:102C300000F0D2FF0028F3D0C0E90146D7E7034BEC
:102C4000034832466B21FFF79FFF00BF84940008C2
:102C50005895000870B5C66905460C464EB13CB1A2
:102C6000EB696268DB6853F82210216043F8224068
:102C700070BD1020FFF706FB0246E86120B1C0E9F5
:102C80000066C0E90266EAE7024B03488F21FFF7BE
:102C90007BFF00BF84940008589500082DE9F0419F
:102CA0000D6907460E461C4601F1140E0020DEF8A1
:102CB00000108BB202FB03434FEA134C090C02FBDA
:102CC00001CC01309BB203EB0C4385424EF8043B30
:102CD0004FEA1C44EBDC3CB1B368AB4207DD06EBCA
:102CE000850301355C6135613046BDE8F08171686E
:102CF00038460131FFF76EFF804690B132690232EB
:102D000006F10C0192000C30FFF722FA31463846EA
:102D10004646FFF79FFF06EB850301355C61356191
:102D2000E2E7034B03484246BA21FFF72DFF00BFFD
:102D3000C8940008589500082DE9F8431746284A1A
:102D40001E4608330C46092E82FB03124FEAE3733A
:102D50000546C3EB62033ADD4FF0010C00214FEA58
:102D60004C0C634501F10101F9DC2846FFF732FF05
:102D7000014670B3089B4361092F4FF001030361C3
:102D800012DC0A340927BE420BDDF61B264414F878
:102D9000013B0A22303B2846FFF780FFB442014640
:102DA000F5D10846BDE8F88304F1090804EB0709EA
:102DB000444614F8013B0A22303B2846FFF76EFFD9
:102DC0004C450146F5D1A7F108044444DBE7002156
:102DD000CBE70A46034B0448D321FFF7D5FE00BFDB
:102DE000398EE338C894000858950008B0F5803F44
:102DF000034636BF030400201020B3F1807F3CBFA0
:102E00001B020830B3F1805F3CBF1B010430B3F1FB
:102E1000804F03D3002B06DB013070479B0003D4A7
:102E20005B0003D4202070470230704703307047A6
:102E3000036813F00702014607D0DA071FD498078A
:102E400021D55B080B600120704798B2A0B11046F5
:102E5000DAB20AB908301B0A1A0704BF1B0904308A
:102E60009A0704BF9B080230DA0703D45B0800F11D
:102E7000010006D00B6070471B0C1020E8E7002013
:102E80007047202070479B080B600220704700BFEE
:102E900010B50C460121FFF79DFE024618B1012333
:102EA000C0E9043410BD034B034840F24511FFF75D
:102EB0006BFE00BFC8940008589500082DE9F04F3C
:102EC000D1F810801569A84585B00E46924605DBFD
:102ED0002A46534645468A4690461E46DAF808304A
:102EE000DAF8041005EB0804A342B8BF0131FFF77C
:102EF00071FE8446002800F08B8000F1140707EB78
:102F0000840E774505D23B46002243F8042B9E45AC
:102F1000FBD8143606EB88080AF11409464509EB7C
:102F2000850566D2A5EB0A03153B23F003030AF1DE
:102F3000150A043355452CBF9B464FF0040BCDF8C2
:102F400008E00394AE46E24605E0090C2AD1B045FC
:102F500007F104074AD956F8041B8DB2002DF4D0AE
:102F6000CC463C46002301965CF8040B216886B2EF
:102F70008AB2000C05FB0622090C1A4405FB00115D
:102F800001EB124192B242EA0142E64544F8042BB9
:102F90004FEA1143E8D8019E47F80B3056F8041C5D
:102FA000090CD4D03B68002248461D463C46944656
:102FB000028801FB02C202EB15429BB243EA0243C4
:102FC00044F8043B50F8043B25684FEA134CABB27D
:102FD00001FB0C3303EB124370454FEA134CE7D36C
:102FE000B04547F80B3007F10407B4D8DDE902E437
:102FF000D446002C02DC05E0013C03D05EF8043D21
:10300000002BF9D06046CCF8104005B0BDE8F08F39
:10301000034B044862464FF4B171FFF7B5FD00BFA2
:10302000C8940008589500082DE9F04312F00303F6
:1030300083B0144607462DD10E46A4101CD0FA6961
:103040008AB39568002D39D0E3074FF0000906D404
:10305000641011D0286898B10546E307F8D53146C9
:103060002A463846FFF72AFF314680463846FFF7A2
:10307000F1FD64104646EDD1304603B0BDE8F08363
:103080002A4629463846FFF719FF2860C0F8009005
:103090000546E2E7013B184A52F823200023FFF7D8
:1030A000FDFD0646C9E71020FFF7ECF80246F8617F
:1030B000E0B10023C0E90033C0E902330121384602
:1030C0000192FFF787FD019A054640B1012340F2C6
:1030D0007121C0E90431002390600360B4E7074B1D
:1030E00007482A4640F24511FFF74EFD054B0448BC
:1030F00040F2B311FFF748FD58910008C89400084A
:1031000058950008849400082DE9F0470D46914633
:103110002B69496803EB6218AB6808F101049C4213
:1031200007464FEA621A04DD5B009C4201F101018F
:10313000FADC3846FFF74EFD064600284DD0BAF1BE
:10314000000F00F114000EDD0AF105024FEA820CB7
:10315000034606EB8202002143F8041B9342FBD195
:10316000ACF114031844296905F1140319F01F097F
:1031700003EB810129D0C9F1200E84464FF0000AEB
:103180001A6802FA09F242EA0A024CF8042B53F8D0
:10319000042B994222FA0EFAF2D84B1B153B23F06E
:1031A0000303043305F11502914238BF042340F8AC
:1031B00003A0BAF1000F00D14446384634612946D5
:1031C000FFF748FD3046BDE8F087043853F8042B7C
:1031D00040F8042F9942F9D8EEE7034B03483246F2
:1031E0004FF4EF71FFF7D0FCC89400085895000821
:1031F0000B6984460069C01A16D10CF1140C143105
:103200000CEB830210B401EB830301E0944508D278
:1032100052F8044D53F8041D8C42F7D005D24FF0FC
:10322000FF305DF8044B7047704701205DF8044B98
:10323000704700BF2DE9F04F15460A692B69D21A75
:10324000002A83B0884640F0878001F1140605F11A
:10325000140101EB830106EB830301E09E427ED261
:1032600053F8044D51F8042D9442F7D075D32B46F2
:103270000024454698466968FFF7ACFC8146002863
:1032800000F089802E69C460D8F8100005F1140B95
:1032900008F1140E09F1140A05F110020EEB80007A
:1032A0000BEB860157464FF0000CCDF804B05EF8EA
:1032B000044B52F8045F1FFA84FBABB2A3EB0B0381
:1032C000240C6344C4EB154404EB23449BB243EA4F
:1032D0000443704547F8043B4FEA244CE7D8A0EB81
:1032E000080208F115084045A2F1150234BF00207C
:1032F000012092080028DDF804B002F101044FEA31
:10330000840408BF04240BEB0405A942544433D9B8
:103310002746284650F8043B1CFA83FE1A0C6344E7
:1033200002EB2E429BB243EA0243814247F8043B40
:103330004FEA224CEED80139491B21F003010C441D
:1033400023B954F8043D013E002BFAD04846C9F891
:10335000106003B0BDE8F08F89DA01248BE700210B
:10336000FFF738FC814678B101220023C0E904232D
:10337000484603B0BDE8F08F00284FEA820208BF3C
:1033800000220AEB0204DBE7064B07484A4640F2FC
:103390003721FFF7F9FB034B03484A4640F245212A
:1033A000FFF7F2FBC89400085895000882B08DED35
:1033B000000B164B019A1340A3F15073002B06DD4E
:1033C00000221946104641EC100B02B070475B42D8
:1033D000B3F1A07F4FEA235209DA4FF400231341DF
:1033E00000221946104641EC100B02B07047A2F1C2
:1033F00014031E2BDABF4FF00042DA4001220023F3
:103400001946104641EC100B02B070470000F07FE7
:10341000F8B5046900F1140606EB8404271F54F87C
:10342000045C2846FFF7E2FCC0F120030A280B6089
:1034300033DDBE42A0F10B0119D254F8080C21B3C0
:10344000C1F120078D4020FA07F215438840A4F10E
:10345000080145F07F538E4243F4401319D254F8CB
:103460000C1CF9400843024643EC102BF8BD0B2816
:103470000AD005FA01F141F07F53002043F44013D4
:10348000024643EC102BF8BD002045F07F5343F477
:103490004013024643EC102BF8BDC0F10B0C25FA8B
:1034A0000CF1BE4241F07F5338BF54F8081C00F1C4
:1034B000150034BF21FA0CF1002105FA00F0084391
:1034C00043F44013024643EC102BF8BD2DE9F043C2
:1034D0000E4683B0012159EC108B1546FFF77AFB9D
:1034E0000446002846D0C9F30A57C9F313030FB1A5
:1034F00043F480130193B8F1000313D101A8FFF73F
:1035000097FC019B63610122203022610FB3A7F277
:1035100033470744C0F1350037602860204603B0C8
:10352000BDE8F08368460093FFF782FC019BF8B189
:103530000099C0F1200203FA02F2C3400A4301934A
:10354000002B62610CBF01220222A3612261002FC5
:10355000DDD104EB8203A0F2324030601869FFF73E
:1035600045FCC0EB42102860204603B0BDE8F08364
:10357000009AE5E7034B0448224640F20F31FFF77B
:1035800003FB00BFC8940008589500082DE9F043DC
:1035900083B0884669468146FFF73AFF01A9404655
:1035A00055EC104BFFF734FFD8F81030D9F8102045
:1035B000D21ADDE900315B1A03EB4213002B59EC00
:1035C000108B0DDD05EB03573D4642464B4620462A
:1035D000294601F0FFF841EC100B03B0BDE8F08381
:1035E000C3EB033309EB03518946EEE7172870B5A7
:1035F00006460CDD0A490B4D0020002422462B46CE
:1036000000F0BEFF013EF9D141EC100B70BD064B3E
:1036100003EBC003D3E9040141EC100B70BD00BF04
:103620000000F03F00002440589100080139491182
:1036300001F1010C116902F1140303EB81018B42CA
:1036400000EB8C0C16D210B5A0F1040E53F8044B0D
:103650004EF8044F9942F9D88B1A153B23F0030317
:1036600004331844844504D9002340F8043B8445BE
:10367000FBD810BD844505D9002340F8043B8445A0
:10368000FBD87047704700BF03694A11934200F1AD
:10369000140009DA00EB830302E053F8042DAAB901
:1036A0008342FAD80020704700EB8203F8DD11F066
:1036B0001F01F5D010B450F8224024FA01F28A40DC
:1036C000944209D001205DF8044B704701207047F7
:1036D00053F8042D002AF5D18342F9D800205DF873
:1036E000044B704738B5074D0022044608462A604F
:1036F00005F0ACFC431C00D038BD2B68002BFBD080
:10370000236038BD3C03002010B50C46B1F90E1003
:1037100000F05EFB002803DB636D0344636510BDAE
:10372000A38923F48053A38110BD00BF00207047FC
:103730002DE9F0410C46B1F90C101F46CB050546AA
:1037400016460BD421F48051A1813B46B4F90E10EA
:1037500032462846BDE8F04100F0D0BBB4F90E1067
:103760000223002200F0B4FBB4F90C10EAE700BF1A
:1037700010B50C46B1F90E1000F0AAFBB4F90C30EC
:10378000421C0EBF23F4805343F480536065A38131
:1037900010BD00BFB1F90E1000F092B9F0307047C3
:1037A000004870474C010020004870474C01002041
:1037B0009368002B00F0F8802DE9F04FB1F90CC0B0
:1037C0001CF0080F83B0904681460C4631D00B693F
:1037D0007BB31CF00207D8F8006038D00027D4F87B
:1037E00028B0216ADFF8C4A23D4655452B463A462B
:1037F00028BF53464846C5B1D847002840F3CA8081
:10380000D8F808301B1A07442D1AC8F80830002BC6
:1038100000F0B68055452B46D4F828B0216A28BF61
:1038200053463A464846002DE6D1D6E9007508369B
:10383000DBE721464846FEF729FC002840F0AF8030
:10384000B4F90CC0D8F800601CF00207C6D11CF017
:10385000010A63D12368A168574618468B46002F9A
:1038600058D01CF4007F00F0B580B9420A4600F23F
:10387000E1801CF4906F2FD0216962695D1A02EB20
:10388000420202EBD2726B1C52103B44934292BF35
:1038900093469B461A461CF4806F00F0EA8011465E
:1038A0004846FDF703FB002800F0F9802A4621690D
:1038B0000090FEF74DFCA289009B22F4906242F03A
:1038C0008002A2815819ABEB0505C4F814B023613E
:1038D000A5602060BB463A465146009200F090F940
:1038E000A1682368009AA1EB0B011A443D46A16030
:1038F00022600027D8F808305B1BAA44C8F80830BB
:10390000002B3DD02368A168B4F90CC018468B4643
:10391000002FA6D1D6E900A708369EE73846BB4659
:103920003D460097002D41D0002846D0009A2068DF
:10393000A168D4E90473AA4228BF2A46B84204D930
:1039400001EB030A524500F38580934275DC216A3E
:10395000A76A5A464846B847B0F1000A1ADD009BEC
:10396000B3EB0A0300930FD00120D8F80830A3EB83
:103970000A03D344A5EB0A05C8F80830002BD1D1BF
:10398000002003B0BDE8F08F21464846FCF7CAFE90
:103990000028EAD0B4F90C3043F04003A3814FF083
:1039A000FF3003B0BDE8F08F0020704775683346E4
:1039B0000836002DFAD0D3F800B02A460A2158461E
:1039C00000F0B6F9002867D00130A0EB0B0300939C
:1039D0001A46ACE722699A4214D36269BA4211D8F6
:1039E0006FF00043BB4228BF3B46A56A93FBF2F34E
:1039F000216A02FB03F348465246A847051EC9DD6B
:103A00007F1B77E7B94228BF39460D4618460A465C
:103A1000514600F0F5F8A1682368491B2B44A160CA
:103A200023600029ECD121464846FCF77BFE0028A4
:103A3000E6D0AFE7BB463A464EE75946019200F062
:103A4000DFF8019AA3689B1AA360236813442360DC
:103A5000924684E75946524600F0D2F82368534410
:103A6000236021464846FCF75DFE00283FF477AF0F
:103A700090E7484600F0E4F9034600287FF422AFBF
:103A800021694846FEF782FAB4F90C300C22C9F8D5
:103A9000002023F080037FE76A1C009247E70C2296
:103AA000B4F90C30C9F8002076E700BF00FCFF7FB6
:103AB00008B5062000F0F4FA012005F0F5FA00BF81
:103AC00038B5074D0022044608462A6005F002FB7F
:103AD000431C00D038BD2B68002BFBD0236038BDC1
:103AE0003C03002000000000000000000000000077
:103AF00000000000000000000000000000000000C6
:103B000030B490F800F020F007016FF0000C10F0D6
:103B1000070491F820F040F048804FF000046FF067
:103B20000700D1E9002391F840F000F1080082FA83
:103B30004CF2A4FA8CF283FA4CF3A2FA8CF34BBB4E
:103B4000D1E9022382FA4CF200F10800A4FA8CF2C7
:103B500083FA4CF3A2FA8CF3E3B9D1E9042382FA95
:103B60004CF200F10800A4FA8CF283FA4CF3A2FAAA
:103B70008CF37BB9D1E9062301F1200182FA4CF2E2
:103B800000F10800A4FA8CF283FA4CF3A2FA8CF349
:103B9000002BC6D0002A04BF04301A4612BAB2FA6B
:103BA00082F200EBD20030BC7047D1E9002304F070
:103BB0000305C4F100004FEAC50514F0040F91F8A5
:103BC00040F00CFA05F562EA05021CBF63EA050342
:103BD00062464FF00004AAE770B5A1FB025454B945
:103BE0002946FDF763F9064618B12A462146FCF737
:103BF000B5FC304670BD0C2202600026F9E700BF1C
:103C000088420ED98B1883420BD900EB020C002A94
:103C10006ED0624613F801CD02F801CD9942F9D178
:103C200070470F2A0FD8034602F1FF3C002A5FD0ED
:103C30000CF1010C013B8C4411F8012B03F8012F0E
:103C40006145F9D1704740EA01039B0751D1A2F1C8
:103C5000100370B501F1200C23F00F0501F1100ED7
:103C600000F11004AC441B095EF8105C44F8105CD1
:103C70005EF80C5C44F80C5C5EF8085C44F8085C88
:103C80005EF8045C44F8045C0EF1100EE64504F1A5
:103C90001004E9D1013312F00C0F01EB031102F013
:103CA0000F0400EB031328D0043C24F003064FEA72
:103CB000940C1E441C1F8E465EF8045B44F8045F9F
:103CC000B442F9D10CF1010402F0030203EB8403C6
:103CD00001EB840102F1FF3C4AB10CF1010C013B04
:103CE0008C4411F8012B03F8012F6145F9D170BD07
:103CF000704702F1FF3C03469AE72246EAE700BF1D
:103D000010B4034CD4F8E040A4465DF8044B60477F
:103D10005C00002049B1FF2A02D80A7001207047D8
:103D20008A2303604FF0FF3070470846704700BF9A
:103D300001F0FF01102A2BDB10F0070F08D010F85C
:103D4000013B013A8B422DD010F0070F42B3F6D160
:103D5000F0B441EA012141EA014122F007047FF079
:103D600000070023F0E80256083C85EA010586EAD0
:103D7000010685FA47F5A3FA87F586FA47F6A5FA0C
:103D800087F68EB9EED1F0BC01F0FF0102F0070218
:103D900032B110F8013B013A83EA010313B1F8D1C3
:103DA0000020704701387047002D06BF35460338A4
:103DB000073815F0010F07D1013015F4807F02BFDD
:103DC000013015F4C03F0130F0BC0138704700BF2E
:103DD00038B50C46084D8446114620461A46002345
:103DE0002B60644605F066F9431C00D038BD2B6893
:103DF000002BFBD0236038BD3C0300200CB400B581
:103E000083B004AB53F8042B0193FEF729FD03B0F4
:103E10005DF804EB02B070470EB410B583B005AB8B
:103E2000064C53F8042B019301462068FEF718FD59
:103E300003B0BDE8104003B0704700BF0C00002085
:103E40002DE9F041144641B30AB306460D4600F091
:103E50006BF88442074602D8B4EB500F13D82146C2
:103E60003046FDF723F8804650B1BC422246294631
:103E700028BF3A46FEF76CF929463046FEF786F829
:103E80004046BDE8F081A8464046BDE8F081A04626
:103E9000FEF77CF84046BDE8F081BDE8F0411146F0
:103EA000FDF704B870B50C46084D034600262046C1
:103EB00011461C462E6005F010F9431C00D070BD61
:103EC0002B68002BFBD0236070BD00BF3C0300209B
:103ED00038B50C46084D8446114620461A46002344
:103EE0002B60644605F000F9431C00D038BD2B68F8
:103EF000002BFBD0236038BD3C03002038B50C46B6
:103F0000084D8446114620461A4600232B6064461D
:103F100001F0ACF8431C00D038BD2B68002BFBD05F
:103F2000236038BD3C03002051F8043C181F002BCF
:103F3000BCBF0B58C018704710B4034CD4F8E44011
:103F4000A4465DF8044B60475C00002082B049B194
:103F50005AB16BB113780B601278101E18BF012094
:103F600002B0704701A9002AF3D1104602B0704791
:103F70006FF00100F4E700BF38B5C46B0CB100204E
:103F800038BD80210546FCF791FF0246E86330B159
:103F9000031F7C3243F8044F9342FBD1EFE74FF00D
:103FA000FF3038BD30B51F2983B0054608D8C36B34
:103FB0000C4653B153F8240043F8242003B030BD1D
:103FC000162303604FF0FF30F8E780210192FCF7E1
:103FD0006DFF019AE86303460028F3D0011F00F14A
:103FE0007C05002041F8040FA942FBD1E2E700BFA5
:103FF0001F2938B505461ED8C26B0C466AB152F867
:10400000213053B1012B06D0591C10D0002142F8A9
:10401000241020469847002038BD284600F0F2F8CA
:10402000224601462846BDE8384000F0D5B81623A0
:104030000360012038BD162303604FF0FF3038BD08
:104040001F292AD838B5C36B0C460546A3B153F8CF
:10405000242003EB84034AB1511C0BD0012A07D062
:10406000002520461D609047284638BD012038BDF8
:10407000032038BD022038BD8021FCF717FF03461E
:10408000E86338B1021F00217C3042F8041F8242ED
:10409000FBD1DCE74FF0FF3038BD4FF0FF30704709
:1040A00038B5134B1F281D681DD8EA6B044662B152
:1040B00052F820304BB1012B05D0591C0FD00021F4
:1040C00042F820109847002038BD284600F09AF8A2
:1040D000224601462846BDE8384000F07DB8162348
:1040E0002B60012038BD16232B604FF0FF3038BD08
:1040F0000C000020114B1F2870B51E6808D8F36B08
:1041000004460D464BB153F8240043F8245070BDCB
:10411000162333604FF0FF3070BD80213046FCF72E
:10412000C5FE0346F0630028F4D0021F00217C3056
:1041300042F8041F8242FBD1E5E700BF0C000020DB
:1041400038B50B4B1D68EC6B0CB1002038BD8021DD
:104150002846FCF7ABFEE86338B1031F00F17C0290
:1041600043F8044F9342FBD1EFE74FF0FF3038BDE7
:104170000C00002038B5174B1F281D6826D80446B0
:10418000E86BA0B150F8243000EB84004BB15A1C0E
:104190000BD0012B07D00025056020469847284604
:1041A00038BD012038BD032038BD022038BD802134
:1041B0002846FCF77BFEE86340B1031F00F17C0159
:1041C000002243F8042F8B42FBD1DBE74FF0FF3096
:1041D00038BD00BF0C00002070B50C46084D0346EA
:1041E0000026204611461C462E6004F055FF431C55
:1041F00000D070BD2B68002BFBD0236070BD00BFCA
:104200003C03002004F046BF81F0004102E000BF03
:1042100083F0004330B54FEA41044FEA430594EA86
:10422000050F08BF90EA020F1FBF54EA000C55EAC1
:10423000020C7FEA645C7FEA655C00F0E2804FEA92
:104240005454D4EB5555B8BF6D420CDD2C4480EA74
:10425000020281EA030382EA000083EA010180EAA4
:10426000020281EA0303362D88BF30BD11F0004FF2
:104270004FEA01314FF4801C4CEA113102D0404228
:1042800061EB410113F0004F4FEA03334CEA133363
:1042900002D0524263EB430394EA050F00F0A7807B
:1042A000A4F10104D5F1200E0DDB02FA0EFC22FA76
:1042B00005F2801841F1000103FA0EF2801843FA6A
:1042C00005F359410EE0A5F120050EF1200E012A5B
:1042D00003FA0EFC28BF4CF0020C43FA05F3C01899
:1042E00051EBE37101F0004507D54FF0000EDCF112
:1042F000000C7EEB00006EEB0101B1F5801F1BD3BB
:10430000B1F5001F0CD349085FEA30004FEA3C0CBE
:1043100004F101044FEA445212F5800F80F09A80B4
:10432000BCF1004F08BF5FEA500C50F1000041EBB8
:10433000045141EA050130BD5FEA4C0C404141EBBC
:104340000101013C28BFB1F5801FE9D291F0000FB7
:1043500004BF01460020B1FA81F308BF2033A3F166
:104360000B03B3F120020CDA0C3208DD02F1140C5D
:10437000C2F10C0201FA0CF021FA02F10CE002F198
:104380001402D8BFC2F1200C01FA02F120FA0CFC91
:10439000DCBF41EA0C019040E41AA2BF01EB0451DA
:1043A000294330BD6FEA04041F3C1CDA0C340EDCD8
:1043B00004F11404C4F1200220FA04F001FA02F31B
:1043C00040EA030021FA04F345EA030130BDC4F1D9
:1043D0000C04C4F1200220FA02F001FA04F340EACE
:1043E0000300294630BD21FA04F0294630BD94F07F
:1043F000000F83F4801306BF81F480110134013D66
:104400004EE77FEA645C18BF7FEA655C29D094EAD6
:10441000050F08BF90EA020F05D054EA000C04BF54
:104420001946104630BD91EA030F1EBF002100203F
:1044300030BD5FEA545C05D14000494128BF41F0DE
:10444000004130BD14F580043CBF01F5801130BD42
:1044500001F0004545F0FE4141F470014FF00000CD
:1044600030BD7FEA645C1ABF194610467FEA655C7E
:104470001CBF0B46024650EA013406BF52EA033520
:1044800091EA030F41F4002130BD00BF90F0000F0E
:1044900004BF0021704730B54FF4806404F132044A
:1044A0004FF000054FF0000150E700BF90F0000F03
:1044B00004BF0021704730B54FF4806404F132042A
:1044C00010F0004548BF40424FF000013EE700BFFA
:1044D00042004FEAE2014FEA31014FEA02701FBF8A
:1044E00012F07F4393F07F4F81F06051704732F0BC
:1044F0007F4208BF704793F07F4F04BF41F4002113
:10450000704730B54FF4607401F0004521F0004170
:104510001CE700BF50EA010208BF704730B54FF0FA
:1045200000050AE050EA010208BF704730B511F0FB
:10453000004502D5404261EB41014FF4806404F133
:1045400032045FEA915C3FF4D8AE4FF003025FEAB9
:10455000DC0C18BF03325FEADC0C18BF033202EB3D
:10456000DC02C2F1200300FA03FC20FA02F001FA97
:1045700003FE40EA0E0021FA02F11444BDE600BF3A
:1045800070B54FF0FF0C4CF4E06C1CEA11541DBFE9
:104590001CEA135594EA0C0F95EA0C0F00F0DEF8B4
:1045A0002C4481EA030621EA4C5123EA4C5350EA99
:1045B000013518BF52EA033541F4801143F48013EA
:1045C00038D0A0FB02CE4FF00005E1FB02E506F07B
:1045D0000042E0FB03E54FF00006E1FB03569CF0D0
:1045E000000F18BF4EF0010EA4F1FF04B6F5007FD6
:1045F00064F5407404D25FEA4E0E6D4146EB060648
:1046000042EAC62141EA55514FEAC52040EA5E50D0
:104610004FEACE2EB4F1FD0C88BFBCF5E06F1ED87A
:10462000BEF1004F08BF5FEA500E50F1000041EBB1
:10463000045170BD06F0004646EA010140EA02005E
:1046400081EA0301B4EB5C04C2BFD4EB0C0541EA80
:10465000045170BD41F480114FF0000E013C00F395
:10466000AB8014F1360FDEBF002001F0004170BDB9
:10467000C4F10004203C35DA0C341BDC04F11404D2
:10468000C4F1200500FA05F320FA04F001FA05F25E
:1046900040EA020001F0004221F0004110EBD3702B
:1046A00021FA04F642EB06015EEA430E08BF20EA57
:1046B000D37070BDC4F10C04C4F1200500FA04F3FA
:1046C00020FA05F001FA04F240EA020001F000418C
:1046D00010EBD37041F100015EEA430E08BF20EAFF
:1046E000D37070BDC4F1200500FA05F24EEA020E47
:1046F00020FA04F301FA05F243EA020321FA04F076
:1047000001F0004121FA04F220EA020000EBD3702C
:104710005EEA430E08BF20EAD37070BD94F0000F2C
:104720000FD101F00046400041EB010111F4801F60
:1047300008BF013CF7D041EA060195F0000F18BF11
:10474000704703F00046520043EB030313F4801F4D
:1047500008BF013DF7D043EA0603704794EA0C0F07
:104760000CEA135518BF95EA0C0F0CD050EA41061D
:1047700018BF52EA4306D1D181EA030101F000419A
:104780004FF0000070BD50EA410606BF10461946C2
:1047900052EA430619D094EA0C0F02D150EA0136CE
:1047A00013D195EA0C0F05D152EA03361CBF10460F
:1047B00019460AD181EA030101F0004141F0FE41AE
:1047C00041F470014FF0000070BD41F0FE4141F432
:1047D000780170BD70B54FF0FF0C4CF4E06C1CEA32
:1047E00011541DBF1CEA135594EA0C0F95EA0C0FE7
:1047F00000F0A7F8A4EB050481EA030E52EA0335A2
:104800004FEA013100F088804FEA03334FF08055C2
:1048100045EA131343EA12634FEA022245EA1115EF
:1048200045EA10654FEA00260EF000419D4208BFA0
:10483000964244F1FD0404F5407402D25B084FEA4D
:104840003202B61A65EB03055B084FEA32024FF4F9
:1048500080104FF4002CB6EB020E75EB030E22BF56
:10486000B61A754640EA0C005B084FEA3202B6EB16
:10487000020E75EB030E22BFB61A754640EA5C00C5
:104880005B084FEA3202B6EB020E75EB030E22BF55
:10489000B61A754640EA9C005B084FEA3202B6EB56
:1048A000020E75EB030E22BFB61A754640EADC0015
:1048B00055EA060E18D04FEA051545EA16754FEA77
:1048C00006164FEAC30343EA52734FEAC2025FEA95
:1048D0001C1CC0D111F4801F0BD141EA00014FF024
:1048E00000004FF0004CB6E711F4801F04BF0143F5
:1048F0000020B4F1FD0C88BFBCF5E06F3FF6AFAE11
:10490000B5EB030C04BFB6EB020C5FEA500C50F1A0
:10491000000041EB045170BD0EF0004E4EEA113123
:1049200014EB5C04C2BFD4EB0C0541EA045170BD2A
:1049300041F480114FF0000E013C90E645EA060E6E
:104940008DE60CEA135594EA0C0F08BF95EA0C0F9C
:104950003FF43BAF94EA0C0F0AD150EA01347FF4E4
:1049600034AF95EA0C0F7FF425AF104619462CE7BB
:1049700095EA0C0F06D152EA03353FF4FDAE10461E
:10498000194622E750EA410618BF52EA43067FF46F
:10499000C5AE50EA41047FF40DAF52EA43057FF4FF
:1049A000EBAE12E74FF0FF3C06E000BF4FF0010C0A
:1049B00002E000BF4FF0010C4DF804CD4FEA410C6E
:1049C0007FEA6C5C4FEA430C18BF7FEA6C5C1BD03B
:1049D00001B050EA410C0CBF52EA430C91EA030FBC
:1049E00002BF90EA020F0020704710F1000F91EA19
:1049F000030F58BF994208BF90422CBFD8176FEAE7
:104A0000E37040F0010070474FEA410C7FEA6C5CB4
:104A100002D150EA013C07D14FEA430C7FEA6C5CBB
:104A2000D6D152EA033CD3D05DF8040B704700BFE7
:104A30008446104662468C461946634600E000BF35
:104A400001B5FFF7B7FF002848BF10F1000F01BD07
:104A50004DF808EDFFF7F4FF0CBF012000205DF8D2
:104A600008FB00BF4DF808EDFFF7EAFF34BF012057
:104A700000205DF808FB00BF4DF808EDFFF7E0FFF0
:104A800094BF012000205DF808FB00BF4DF808ED41
:104A9000FFF7CEFF94BF012000205DF808FB00BFA8
:104AA0004DF808EDFFF7C4FF34BF012000205DF88A
:104AB00008FB00BF4FEA410C7FEA6C5C02D150EA70
:104AC000013C0AD14FEA430C7FEA6C5C02D152EA06
:104AD000033C02D14FF0000070474FF001007047D7
:104AE0004FEA410212F5001215D211D56FF4787316
:104AF000B3EB625212D94FEAC12343F0004343EAB9
:104B0000505311F0004F23FA02F018BF4042704793
:104B10004FF00000704750EA013005D111F000401D
:104B200008BF6FF0004070474FF00000704700BFB3
:104B300053B94AB9002908BF00281CBF4FF0FF3104
:104B40004FF0FF3000F06AB9ADF1080C6DE904CE0A
:104B500000F006F8DDF804E0DDE9022304B0704758
:104B60002DE9F047089D0E4604460F46002B4AD11A
:104B700094468C45B2FA82F260D942B1C2F1200368
:104B8000974020FA03F30CFA02FC1F4394404FEACB
:104B90001C4E1FFA8CF6B7FBFEF1230C0EFB1177AF
:104BA00043EA074301FB06F098420AD91CEB0303D2
:104BB00001F1FF3780F01581984240F212810239ED
:104BC00063441B1AA4B2B3FBFEF00EFB103344EA9D
:104BD000034400FB06F6A6420AD91CEB040400F1CC
:104BE000FF3380F00081A64240F2FD806444023829
:104BF00040EA0140A41B00211DB1D4400023C5E9B7
:104C00000043BDE8F0878B4205D90DB1C5E900012D
:104C100000210846F5E7B3FA83F1002946D1B342F3
:104C200002D3824200F2F580841A66EB030201206F
:104C30001746002DE5D0C5E90047E2E7002A40F01D
:104C40009380A1EB0C034FEA1C471FFA8CFE012155
:104C5000B3FBF7F607FB1630230C43EA00430EFBC9
:104C600006F0984208D91CEB030306F1FF3802D284
:104C7000984200F2D08046461B1AA4B2B3FBF7F06C
:104C800007FB103344EA03440EFB00FEA64508D997
:104C90001CEB040400F1FF3302D2A64500F2B680FB
:104CA0001846A4EB0E0440EA0640A5E7C1F1200730
:104CB0008B4022FA07FC4CEA030C06FA01FE20FAAC
:104CC00007F426FA07F344EA0E0400FA01F84FEA63
:104CD0001C404FEA1449B3FBF0FE1FFA8CF600FBB0
:104CE0001E3349EA03430EFB06F9994502FA01F225
:104CF0000BD91CEB03030EF1FF3A80F08580994538
:104D000040F28280AEF1020E6344A3EB0909A4B223
:104D1000B9FBF0F300FB139944EA094403FB06F6E0
:104D2000A64208D91CEB040403F1FF3068D2A64266
:104D300066D9023B644443EA0E40A41BA0FB02E692
:104D4000B4427346B14652D34FD05DB1B8EB0302C3
:104D500064EB090404FA07F722FA01F31F43CC407D
:104D6000C5E9007400214CE7C2F1200120FA01F3EB
:104D70000CFA02FC26FA01F1964033434FEA1C4735
:104D80001FFA8CFEB1FBF7F007FB1016190C41EA75
:104D9000064100FB0EF68E4204FA02F408D91CEB21
:104DA000010100F1FF382DD28E422BD90238614427
:104DB000891B9BB2B1FBF7F607FB161143EA0143CF
:104DC00006FB0EF1994208D91CEB030306F1FF38EC
:104DD00014D2994212D9023E63445B1A46EA00415A
:104DE00036E73946EDE6184602E7F045ADD2BEEBB0
:104DF000020366EB0C060138B146A6E74646ECE72F
:104E0000034698E74046D3E7D6467EE76444023837
:104E100047E708460DE7023E63442DE7704700BFB1
:104E200008B50268034B9A4200D008BD01F0E8F8CB
:104E3000FBE700BF0004014072B6FEE700B595B085
:104E40003022002108A8FBF789FB00230393049379
:104E500005930693079301931E4A116C41F080510C
:104E60001164126C02F080520192019A02931A4A64
:104E7000116841F480411160126802F4804202928C
:104E8000029A0222089201210B9110210C910E929C
:104E90000F93082310935423119312920423139316
:104EA00008A800F0D7FB80B90F23039302210491D7
:104EB000002305934FF480520692079303A800F055
:104EC00033FE20B915B05DF804FBFFF7B5FFFFF71F
:104ED000B3FF00BF003802400070004008B501F089
:104EE00075F8FFF7ABFF00F00BF800F0FFF800F0EB
:104EF00053F903F073FB00F0C5F803F081FBFEE704
:104F000082B0002100910B4B1A6B42F002021A632F
:104F10001A6B02F002020092009A01911A6B42F0A1
:104F200001021A631B6B03F001030193019B02B0A2
:104F3000704700BF0038024008B5012003F0DAFBDB
:104F4000FBE7000000B583B003F04CFF03F064FF03
:104F500006E0642003F0CEFB02E0642003F0CAFB0D
:104F60001C2003F09DFC01900028F2D003F0B2FF5A
:104F700003F0F8FF04F03EF8019C0B4D0FCD0FC479
:104F800095E8070084E8070000234FF0FF3201A9ED
:104F90000648006802F0E6F90128DED0019803F027
:104FA00001FD00230193D8E7884D00204003002035
:104FB00080B586B044E02748FBF7B6F9059B9869B1
:104FC000FFF786FA02460B462348FDF7DDFB059BFB
:104FD0005E689F681868FFF77BFA04460D463846FE
:104FE000FFF776FACDE902013046FFF771FACDE915
:104FF000000122462B461948FDF7C6FB059B1E699A
:105000005F69D868FFF764FA04460D463846FFF733
:105010005FFACDE902013046FFF75AFACDE9000107
:1050200022462B460E48FDF7AFFB0E48FBF77CF9F6
:10503000059803F0B7FC00230593322003F05AFBD8
:105040004FF0FF3205A9084B186802F0B6FA0128A4
:10505000B1D0F2E7849300089C930008B493000851
:10506000D8930008FC9300084003002010B51446B4
:10507000642392B2024801F05EFF204610BD00BFDB
:10508000A403002008B50E4A0221102003F040FBC3
:105090000C4B18600C4A00210C4803F0CDFA0C4B65
:1050A00018600C4A00210C4803F0C6FA0B4B18603C
:1050B0000B4A00210B4803F0BFFA0B4B186008BDE8
:1050C0009895000840030020F8950008394F000823
:1050D0004C030020D4950008454F000848030020E9
:1050E000B0950008B14F00084403002008B50B48F4
:1050F0000B4B03600B4B436000238360C3604FF492
:105100008042026143618361C361036201F014FA6A
:1051100000B908BDFFF790FEFBE700BF5003002079
:1051200000580040A086010030B589B000230393E9
:1051300004930593069307930268144B9A4201D097
:1051400009B030BD00250195114C236B43F00203DB
:105150002363236B03F002030193019B4FF440632D
:10516000039312230493032306930423079303A9B1
:10517000084800F0CDFD0295236C43F480032364BE
:10518000236C03F480030293029BD9E7005800408C
:10519000003802400004024008B50A480A4B036088
:1051A0004FF4E133436000238360C36003610C224A
:1051B00042618361C36101F08EFE00B908BDFFF753
:1051C0003BFEFBE7A40300200010014000B589B0BE
:1051D000002303930493059306930793026803F156
:1051E000804303F588339A4202D009B05DF804FB8E
:1051F0000021019103F594335A6C42F010025A6475
:105200005A6C02F010020192019A02911A6B42F05C
:1052100001021A631B6B03F001030293029B4FF41C
:10522000C063039302230493032306930723079386
:1052300003A9024800F06CFDD7E700BF0000024060
:10524000FEE7FEE7FEE7FEE7FEE7704708B5024827
:1052500000F0BAF808BD00BFEC03002000B583B031
:10526000002200920D4B596C41F480415964596CF5
:1052700001F48041009100990192196C41F0805134
:1052800019641B6C03F080530193019B0F216FF095
:10529000010000F087FE03B05DF804FB0038024017
:1052A00030B589B00546002401941D4B5A6C42F07C
:1052B00002025A645B6C03F002030193019B02A992
:1052C00003A800F007FD00F0F5FC164AA2FB00233E
:1052D0009B0C013B1448154A026040F2E732C26061
:1052E000436004618460846100F086F9044610B173
:1052F000204609B030BD0C4800F01EF804460028D6
:10530000F6D12C2000F05EFE0F2D01D90124EFE72D
:10531000002229462C2000F045FE054B1D60E7E7E2
:105320000038024083DE1B43EC03002000040140F0
:10533000CC0100207047000090F83D30DBB2012B1B
:1053400037D1022380F83D300268D36843F001036F
:10535000D3600368194A934220D0B3F1804F1DD027
:10536000A2F57C42934219D002F58062934215D097
:1053700002F58062934211D002F5784293420DD03B
:1053800002F57052934209D0A2F59432934205D0AF
:105390001A6842F001021A60002070479A6802F011
:1053A0000702062A07D01A6842F001021A6000209C
:1053B0007047012070470020704700BF0000014087
:1053C000704770477047704770B504460368DE68E1
:1053D0001D6915F0020F10D016F0020F0DD06FF0FE
:1053E00002021A610123037703689B6913F0030F1C
:1053F0005ED0FFF7E6FF0023237715F0040F12D0ED
:1054000016F0040F0FD023686FF004021A61022314
:10541000237723689B6913F4407F4FD02046FFF722
:10542000D0FF0023237715F0080F12D016F0080FD5
:105430000FD023686FF008021A61042323772368D2
:10544000DB6913F0030F40D02046FFF7BAFF0023BB
:10545000237715F0100F12D016F0100F0FD023681D
:105460006FF010021A61082323772368DB6913F4B5
:10547000407F31D02046FFF7A4FF0023237715F0AB
:10548000010F02D016F0010F2DD115F0800F02D0C0
:1054900016F0800F2FD115F0400F02D016F0400FFC
:1054A00031D115F0200F02D016F0200F33D170BD8E
:1054B000FFF786FF2046FFF785FF9CE72046FFF7B2
:1054C0007FFF2046FFF77EFFABE72046FFF778FF20
:1054D0002046FFF777FFBAE72046FFF771FF204627
:1054E000FFF770FFC9E723686FF001021A612046D9
:1054F000FFF796FCC9E723686FF080021A61204627
:1055000000F0A7F8C7E723686FF040021A61204651
:10551000FFF759FFC5E723686FF020021A612046A4
:1055200000F096F8C3E700000368324A904212D0B8
:10553000B0F1804F0FD0A2F57C4290420BD002F523
:105540008062904207D002F58062904203D002F55B
:105550007842904203D123F070034A681343254AEE
:1055600090422AD0B0F1804F27D0A2F57C429042E1
:1055700023D002F5806290421FD002F580629042F3
:105580001BD002F57842904217D002F5705290423B
:1055900013D002F5806290420FD002F580629042F3
:1055A0000BD0A2F59832904207D002F5806290426B
:1055B00003D002F58062904203D123F44073CA689D
:1055C000134323F080034A6913438A68C2620A685E
:1055D0008262084A904203D002F58062904201D173
:1055E0000A690263026842F0040202600122426119
:1055F000036070470000014040B310B5044690F8C6
:105600003D30F3B1022384F83D30214651F8040BBC
:10561000FFF78AFF012384F8463084F83E3084F88F
:105620003F3084F8403084F8413084F8423084F8C8
:10563000433084F8443084F8453084F83D3000200D
:1056400010BD80F83C30FFF775FEDBE701207047A6
:1056500070477047002800F0E08170B582B00446C2
:10566000036813F0010F3BD09F4B9B6803F00C03C2
:10567000042B2CD09C4B9B6803F00C03082B21D0EF
:105680006368B3F5803F4FD0B3F5A02F52D0964B4F
:105690001A6822F480321A601A6822F480221A6092
:1056A0006368002B50D000F0B7FC05468E4B1B689A
:1056B00013F4003F14D100F0AFFC401B6428F5D96F
:1056C0000320B1E1884B5B6813F4800FD8D0864B80
:1056D0001B6813F4003F03D06368002B00F09F8128
:1056E000236813F0020F54D07F4B9B6813F00C0F0C
:1056F0003ED07D4B9B6803F00C03082B33D0E3684E
:10570000002B68D0794B01221A6000F085FC054619
:10571000754B1B6813F0020F54D100F07DFC401B49
:105720000228F5D903207FE16F4A136843F48033E0
:105730001360B5E76C4B1A6842F480221A601A684D
:1057400042F480321A60ABE700F066FC0546664B17
:105750001B6813F4003FC3D000F05EFC401B6428BC
:10576000F5D9032060E1604B5B6813F4800FC6D16C
:105770005D4B1B6813F0020F03D0E368012B40F070
:105780005081594A136823F0F803216943EAC103A1
:105790001360236813F0080F42D063696BB3534B57
:1057A0000122C3F8802E00F037FC05464E4B5B6F9C
:1057B00013F0020F34D100F02FFC401B0228F5D962
:1057C000032031E1484A136823F0F803216943EAD2
:1057D000C1031360DDE7454B00221A6000F01CFC9A
:1057E0000546414B1B6813F0020FD2D000F014FCA9
:1057F000401B0228F5D9032016E13C4B0022C3F8D8
:10580000802E00F009FC0546374B5B6F13F0020F4A
:1058100006D000F001FC401B0228F5D9032003E16B
:10582000236813F0040F77D02F4B1B6C13F0805FAD
:1058300033D1002301932C4B1A6C42F080521A642E
:105840001B6C03F080530193019B0125284B1B68BF
:1058500013F4807F23D0A368012B34D0052B38D0DC
:10586000214B1A6F22F001021A671A6F22F004020C
:105870001A67A368002B3DD000F0CEFB06461A4BFA
:105880001B6F13F0020F46D100F0C6FB801B41F2E4
:1058900088339842F3D90320C6E00025D6E7144A9E
:1058A000136843F48073136000F0B6FB0646104B98
:1058B0001B6813F4807FCED100F0AEFB801B022862
:1058C000F5D90320B0E0084A136F43F001031367D2
:1058D000CFE7054B1A6F42F004021A671A6F42F0C5
:1058E00001021A67C5E700BF0038024000004742C6
:1058F0000070004000F090FB0646524B1B6F13F007
:10590000020F08D000F088FB801B41F288339842D8
:10591000F3D9032088E0EDB9A369002B00F0838060
:10592000484A926802F00C02082A51D0022B17D084
:10593000454B00221A6600F06FFB0446414B1B6882
:1059400013F0007F42D000F067FB001B0228F5D95E
:10595000032069E03B4A136C23F080531364DBE7B8
:10596000394B00221A6600F057FB0546354B1B6881
:1059700013F0007F06D000F04FFB401B0228F5D942
:10598000032051E0E369226A1343626A43EA821307
:10599000A26A5208013A43EA0243E26A43EA026316
:1059A000284A5360284B01221A6600F035FB044652
:1059B000244B1B6813F0007F06D100F02DFB001B69
:1059C0000228F5D903202FE000202DE000202BE055
:1059D000012B2BD01B4B5B6803F48001E2699142E1
:1059E00026D103F03F02216A8A4223D1616A47F639
:1059F000C0721A40B2EB811F1ED103F44031A26A7B
:105A00005208013AB1EB024F18D103F07063E26A19
:105A1000B3EB026F14D1002006E001207047012093
:105A200002E0012000E0002002B070BD0120FBE791
:105A30000120F9E70120F7E70120F5E70120F3E76E
:105A40000120F1E7003802400000474208B5334B1F
:105A50009B6803F00C03042B5BD0082B5BD12F4B0E
:105A60005A6802F03F025B6813F4800F2CD02B4B76
:105A70005868C0F388104FEA401CBCEB000C6EEB7A
:105A80000E0E4FEA8E1343EA9C634FEA8C11B1EB82
:105A90000C0163EB0E03DB0043EA5173C90011EB09
:105AA000000C43F10003590200234FEA4C2041EA65
:105AB000DC51FFF73DF8194B5B68C3F30143013339
:105AC0005B00B0FBF3F008BD144B5868C0F38810BE
:105AD0004FEA401CBCEB000C6EEB0E0E4FEA8E132F
:105AE00043EA9C634FEA8C11B1EB0C0163EB0E03AC
:105AF000DB0043EA5173C90011EB000C43F10003D2
:105B0000990200234FEA8C2041EA9C51FFF710F8DC
:105B1000D1E70348D7E70348D5E700BF0038024084
:105B200000127A000024F400002800F09B8070B579
:105B30000D4604464F4B1B6803F007038B4208D207
:105B4000CBB24C4A1370136803F007038B4240F04A
:105B50008B80236813F0020F17D013F0040F04D0CA
:105B6000454A936843F4E0539360236813F0080FA9
:105B700004D0414A936843F4604393603E4A93687B
:105B800023F0F003A1680B439360236813F0010F27
:105B900032D06368012B21D09A1E012A25D9364ABA
:105BA000126812F0020F61D033498A6822F00302B2
:105BB00013438B6000F030FA06462F4B9B6803F0CE
:105BC0000C036268B3EB820F16D000F025FA801B3D
:105BD00041F288339842F0D9032042E0264A126805
:105BE00012F4003FE0D101203BE0234A126812F09A
:105BF000007FD9D1012034E01E4B1B6803F007035E
:105C0000AB4207D9EAB21B4B1A701B6803F00703BB
:105C1000AB422DD1236813F0040F06D0164A9368C7
:105C200023F4E053E1680B439360236813F0080FFB
:105C300007D0114A936823F46043216943EAC10302
:105C40009360FFF703FF0C4B9B68C3F303130B4AEE
:105C5000D35CD8400A4B18600A4B1868FFF720FB4A
:105C6000002070BD012070470120FAE70120F8E70D
:105C70000120F6E7003C024000380240249600086C
:105C8000D0010020CC010020014B1868704700BFF4
:105C9000D001002008B5FFF7F7FF044B9B68C3F362
:105CA0008223034AD35CD84008BD00BF00380240BD
:105CB0001C96000808B5FFF7E7FF044B9B68C3F389
:105CC0004233034AD35CD84008BD00BF00380240CD
:105CD0001C9600080F2303600B4B9A6802F0030226
:105CE00042609A6802F0F00282609A6802F4E05220
:105CF000C2609B68DB0803F4E0530361034B1B683D
:105D000003F007030B60704700380240003C02407C
:105D100000230F2B00F2E98070B582B065E0856842
:105D20004FEA430E032404FA0EF425EA0405CC6876
:105D300004FA0EF42C438460446824EA02044A689E
:105D4000C2F300129A40224342605CE0DC0808344F
:105D500050F8242003F00705AD004FF00F0E0EFAA7
:105D600005FE22EA0E0E0A69AA4042EA0E0240F837
:105D700024205CE0072200E0002202FA0EF22A430F
:105D800002345A4D45F82420594A94686FEA0C02AF
:105D900024EA0C054E6816F4801F01D04CEA040575
:105DA000534CA560E46802EA04054E6816F4001F2F
:105DB00001D04CEA04054E4CE560646802EA040533
:105DC0004E6816F4003F01D04CEA0405484C65606B
:105DD000246822404D6815F4803F01D04CEA04024B
:105DE000434C226001330F2B7DD801229A400C686E
:105DF00004EA020C32EA0404F4D14C6804F003040F
:105E0000013C012C8BD94A6802F00302032A09D015
:105E1000C4685D000322AA4024EA02048A68AA40FA
:105E20002243C2604A6802F00302022A8ED004684C
:105E30004FEA430E032202FA0EF224EA02044A68F1
:105E400002F0030202FA0EF2224302604A6812F4E0
:105E5000403FC7D000220192264A546C44F480444B
:105E60005464526C02F480420192019A9C08A51C71
:105E70001E4A52F8255003F0030E4FEA8E0E0F22F1
:105E800002FA0EF225EA02051B4A90423FF474AF73
:105E900002F5806290421AD002F58062904218D0DA
:105EA00002F58062904216D002F58062904214D0D2
:105EB00002F58062904212D002F58062904210D0CA
:105EC00002F5806290423FF455AF082255E7012267
:105ED00053E7022251E703224FE704224DE7052250
:105EE0004BE7062249E702B070BD70470038014019
:105EF000003C01400038024000000240002807DB5F
:105F000000F01F02400901239340024A42F820306A
:105F1000704700BF00E100E0002808DB0901C9B2BA
:105F200000F1604000F5614080F80013704700F018
:105F30000F000901C9B2014B1954704714ED00E07C
:105F400000B500F00700C0F1070CBCF1040F28BF3A
:105F50004FF0040C031D062B0FD9C31E4FF0FF3E5C
:105F60000EFA0CF021EA000199400EFA03FE22EA33
:105F70000E0241EA02005DF804FB0023EEE7000098
:105F8000074AD36823F4E0631B041B0C000200F4EF
:105F9000E060034343F0BF6343F40033D3607047D2
:105FA00000ED00E010B50446054BD868C0F30220B0
:105FB000FFF7C6FF01462046FFF7AEFF10BD00BF4A
:105FC00000ED00E008B5FFF799FF08BD08B50B4BE1
:105FD0001A6842F400721A601A6842F480621A6009
:105FE0001A6842F480721A600320FFF7C9FF0F207D
:105FF000FFF756F9FFF732F9002008BD003C0240D8
:10600000034A1168034B1B780B441360704700BFB1
:1060100034040020C8010020014B1868704700BFFD
:106020003404002003685A6912F4806F01D1002003
:1060300070476FF480625A6100230363202280F866
:106040003D2080F83E30026C42F00402026480F889
:106050003C30012070472DE9F04106460C461746BA
:1060600098463BE0FFF7D8FF069BC01A404502D890
:10607000B8F1000F32D1012D18D033689B6924EAA2
:1060800003039BB2B3FA83F35B099F4226D100233B
:106090003363202286F83D2086F83E30326C42F091
:1060A0002002326486F83C30012027E033685B69C7
:1060B00024EA03039BB2B3FA83F35B09E5E7336891
:1060C0005B6924EA030C1FFA8CFCBCFA8CFC4FEAD7
:1060D0005C1C674511D1B8F1FF3FC3D1C4F307453C
:1060E000012DECD033689B6924EA030C1FFA8CFC69
:1060F000BCFA8CFC4FEA5C1CEBE70020BDE8F081A9
:106100002DE9F84305460E469046994653E01A6835
:1061100042F400721A602B686FF480625A610023A7
:106120002B63202285F83D2085F83E302A6C42F012
:1061300004022A6485F83C3001204AE0FFF76CFF36
:10614000A0EB0900404502D8B8F1000F33D1012F70
:1061500017D02B689B6926EA03039BB2003B18BF4C
:10616000012343B300232B63202285F83D2085F8CB
:106170003E302A6C42F020022A6485F83C3001202F
:1061800027E02B685B6926EA03039BB2003B18BF3C
:106190000123E6E72B689C6926EA0404A4B2003CCC
:1061A00018BF0124A4B12B685A6912F4806FAED1D4
:1061B000B8F1FF3FC2D1C6F30747012FEAD12B68E0
:1061C0005C6926EA0404A4B2003C18BF0124E9E794
:1061D0000020BDE8F88370B504460D4616462368D6
:1061E0005B6913F0800F21D12046FFF71BFFF8B940
:1061F000B5F1FF3FF3D0FFF70FFF801BA84201D896
:10620000002DECD123685B6913F0800FE7D10023E8
:106210002363202284F83D2084F83E30226C42F033
:106220002002226484F83C30012000E0002070BD90
:106230000120FCE72DE9F04385B004460D46914668
:106240001F46DDF830800D9E0368196841F48071A7
:1062500019600096434600224FF00111FFF7FBFE44
:1062600060B9236805F0FE051D61334642462649A4
:106270002046FFF745FF68B1012008E023681B684E
:1062800013F4807F02D04FF400732364032005B021
:10629000BDE8F0830023039323685A6903929B6946
:1062A0000393039B324641462046FFF794FF30B9E3
:1062B000012F0FD123685FFA89F61E61E7E7236C8F
:1062C000042B01D00120E2E72268136843F4007335
:1062D0001360F7E723684FEA19221A6132464146F4
:1062E0002046FFF778FF20B923685FFA89F61E6120
:1062F000CDE7236C042B01D00120C8E72268136886
:1063000043F400731360F7E7020001002DE9F04742
:1063100084B004460D46164699460C9FDDF834803D
:106320000268136843F4806313600368196841F4DA
:1063300080711960CDF800803B4600224FF00111BA
:10634000FFF789FE70B95FFA85FA236805F0FE054C
:106350001D6143463A4641492046FFF7D1FE68B1E8
:10636000012008E023681B6813F4807F02D04FF4FB
:1063700000732364032004B0BDE8F0870023039377
:1063800023685A6903929B690393039B42463946EB
:106390002046FFF720FF80B9B9F1010F18D123681B
:1063A000F6B21E61424639462046FFF714FF68B335
:1063B000236C042B24D00120DDE7236C042B01D0B7
:1063C0000120D8E72268136843F400731360F7E7ED
:1063D0002368320A1A61424639462046FFF7FBFE1F
:1063E00018B92368F6B21E61DCE7236C042B01D0D8
:1063F0000120C0E72268136843F400731360F7E7D5
:106400002268136843F400731360D4E722681368AA
:1064100043F480731360CDF800803B4600224FF0B8
:1064200001112046FFF717FE68B922684AF0010300
:10643000136143463A4609492046FFF761FE0028AA
:1064400099D0012097E723681B6813F4807F02D05E
:106450004FF40073236403208DE700BF02000100A6
:1064600070B504460D46164623685B6913F0040FA9
:1064700021D12046FFF7D6FDF8B9B5F1FF3FF3D0A3
:10648000FFF7CAFD801BA84201D8002DECD123687C
:106490005B6913F0040FE7D100232363202284F803
:1064A0003D2084F83E30226C42F02002226484F8C1
:1064B0003C30012000E0002070BD0120FCE770B5F9
:1064C00004460D46164614E06FF010025A61002390
:1064D0002363202284F83D2084F83E30226C22641D
:1064E00084F83C30012025E023685B6913F0400FFD
:1064F00010D02368586910F0400F1AD1586910F075
:10650000100FE1D1FFF788FD801BA842ECD8002DC9
:10651000EFD1E9E700232363202284F83D2084F8AB
:106520003E30226C42F02002226484F83C3001208C
:1065300000E0002070BD0000002800F0CC8070B5A5
:10654000044690F83D30002B77D0242384F83D306A
:106550002268136823F0010313602268136843F470
:10656000004313602268136823F400431360FFF7AD
:1065700091FB62685A4B9A4264D85A4B98428CBF3E
:1065800000230123002B40F0A8805749A1FB0031D4
:106590008B0C25686A6822F03F0242EA91426A60E9
:1065A00021680A6A22F03F0266684D4DAE424FD81C
:1065B000013313430B622168CA6922F44F4222F06F
:1065C000FF026568464B9D424CD8431E6D00B3FBED
:1065D000F5F3013340F6FC70034278D0C3F30B03AC
:1065E0001A43CA6121680B6823F0C003E269206A7C
:1065F000024313430B6021688B6823F4034323F0A9
:10660000FF032269E068024313438B602168CB6873
:1066100023F0FF036269A06902431343CB60226841
:10662000136843F00103136000202064202384F8E2
:106630003D30206384F83E0070BD80F83C30FEF7AA
:1066400073FD82E7294B98428CBF0023012399E711
:106650004FF4967505FB03F3254DA5FB03539B09EA
:106660000133A6E7A668BEB9431E05EB450CB3FB94
:10667000FCF30133C3F30B03B3FA83F35B0943BBAE
:10668000C6B9431E05EB4505B3FBF5F30133C3F370
:106690000B0343F40043A3E7431E05EB850C0CEB0F
:1066A0008C0CB3FBFCF30133C3F30B03B3FA83F39A
:1066B0005B09E4E7431E05EB850505EB8505B3FBA8
:1066C000F5F30133C3F30B0343F4404388E704239A
:1066D00086E7012384E7012070470120ACE700BF73
:1066E000A08601007F841E0083DE1B43FF083D005F
:1066F000D34D62102DE9F04383B004460F46904617
:1067000099460C9EFFF788FC054694F83D00C0B200
:10671000202803D0022003B0BDE8F08300951923A0
:1067200001224B492046FFF796FC002840F0898063
:1067300094F83C30012B00F08680012384F83C3033
:1067400023681A6812F0010F03D11A6842F001029F
:106750001A602268136823F400631360212384F80D
:106760003D30402384F83E30002323640A9B63625B
:10677000BDF82C306385638D2385364BE36201952C
:1067800000964B46424639462046FFF753FD002807
:106790005BD1238D002B35D02A4631462046FFF7AA
:1067A0001AFD20BB626A236812781A61626A531C60
:1067B0006362218D013989B22185638D9BB2013BD2
:1067C0009BB263852368586910F0040FE1D000295B
:1067D000DFD052781A61636A01336362238D013B13
:1067E0002385638D9BB2013B9BB26385D1E7236C0C
:1067F000042B01D001208EE72268136843F4007354
:106800001360F7E72A4631462046FFF729FE50B1CC
:10681000236C042B01D001207DE72268136843F428
:1068200000731360F7E72268136843F40073136082
:10683000202384F83D30002384F83E3084F83C3037
:1068400069E7022067E7022065E7012063E700BFF0
:10685000020010000000FFFF2DE9F04387B004465E
:106860000F4690469946109EFFF7D6FB054694F8D2
:106870003D00C0B2202804D00227384607B0BDE84A
:10688000F08300951923012288492046FFF7E3FB96
:10689000002840F04D8194F83C30012B00F04A81F3
:1068A000012384F83C3023681A6812F0010F03D1E9
:1068B0001A6842F001021A602268136823F4006328
:1068C0001360222384F83D30402384F83E300023B7
:1068D00023640E9B6362BDF83C306385638D238522
:1068E000734BE362019500964B464246394620467B
:1068F000FFF70CFD0746002840F01E81238D5BB991
:10690000029323685A6902929A690292029A1A685B
:1069100042F400721A6075E0012B0AD0022B1AD0E3
:106920000023059323685A6905929B690593059B8B
:1069300068E02268136823F48063136000230393E4
:1069400023685A6903929A690392039A1A6842F477
:1069500000721A6056E02268136823F480631360A3
:106960002268136843F400631360002304932368D0
:106970005A6904929B690493049B43E02A4631467A
:106980002046FFF79CFD002840F0D88023681A6954
:10699000636A1A70636A01336362238D013B238546
:1069A000638D9BB2013B9BB263852BE00095334620
:1069B000002240492046FFF74EFB002840F0C080EF
:1069C0002268136843F40073136023681A69636ACA
:1069D0001A70626A531C6362238D013B2385638DA9
:1069E0009BB2013B9BB2638523681B695370636A4A
:1069F00001336362238D013B2385638D9BB2013B91
:106A00009BB26385238D002B00F08980032B53D824
:106A1000012BB3D0022BC9D0009533460022254963
:106A20002046FFF718FB002840F08C80226813688E
:106A300023F48063136023681A69636A1A70636AB7
:106A400001336362238D013B2385638D9BB2013B40
:106A50009BB2638500953346002216492046FFF716
:106A6000FAFA002870D12268136843F400731360A7
:106A700023681A69636A1A70626A531C6362238D01
:106A8000013B2385638D9BB2013B9BB263852368E9
:106A90001B695370636A01336362238D013B238555
:106AA000638D9BB2013B9BB26385ABE70200100094
:106AB0000000FFFF040001002A4631462046FFF790
:106AC000FEFC002842D123681A69636A1A70636A5F
:106AD00001336362228D013A92B22285638D9BB2AB
:106AE000013B9BB263852368596911F0040F89D07B
:106AF000032A0FD023681A69636A1A70636A013324
:106B00006362238D013B2385638D9BB2013B9BB266
:106B1000638577E71A6822F480621A60EAE7202327
:106B200084F83D30002384F83E3084F83C30A4E6FD
:106B30000227A2E60227A0E601279EE601279CE69F
:106B400001279AE6012798E6012796E6012794E6B1
:106B50002DE9F04385B00446884691461D46FFF76F
:106B60005BFA94F83D30DBB2202B03D0022005B055
:106B7000BDE8F083064600901923012257492046BC
:106B8000FFF769FA002840F0A08094F83C30012B10
:106B900000F09D80012384F83C3023681A6812F0CD
:106BA000010F03D11A6842F001021A6022681368CB
:106BB00023F400631360242384F83D300027276406
:106BC000474BE36240E023681B6813F4807F02D0E8
:106BD0004FF4007323640320C9E7A02384F83D30F9
:106BE00022685369C3F340035269C2F3802294F8C8
:106BF0003DC05FFA8CFCBCF1A00F09D043B93AB993
:106C0000FFF70AFA801BA842E7D8002DE8D1E4E795
:106C1000202384F83D3023685A6912F0020F31D1E5
:106C20001A6842F400721A6023686FF480625A6135
:106C300000961923012229492046FFF70CFA002863
:106C400049D101374F4538D22268136843F4807325
:106C5000136000962B4600224FF001112046FFF7EB
:106C6000FAF90028AFD1236808F0FE021A61FFF795
:106C7000D3F9064622685369C3F340035269C2F34D
:106C80008022B4E71A6842F400721A60002303936A
:106C900023685A6903929B690393039B0096192307
:106CA00001220E492046FFF7D6F990B9202384F837
:106CB0003D30002384F83C3059E7202384F83D30F0
:106CC000002384F83C30012051E702204FE70220E6
:106CD0004DE701204BE7012049E700BF020010000B
:106CE0000000FFFF026802F10C0353E8003F23F4A9
:106CF00090730C3242E800310029F3D1026802F1AE
:106D0000140353E8003F23F00103143242E800313A
:106D10000029F3D1036B012B05D0202380F84230EA
:106D2000002303637047026802F10C0353E8003F3D
:106D300023F010030C3242E800310029F3D1ECE7D4
:106D400010B504460268136923F44053C1680B432D
:106D50001361836802691A4343691A43C3691A437A
:106D60000168CB6823F4164323F00C031343CB6074
:106D70000268536923F4407381690B4353610368CC
:106D8000314A934206D002F58062934202D0FEF768
:106D900081FF01E0FEF78EFFE369B3F5004F29D0D4
:106DA0000021031849411B1841F10001C90041EAC3
:106DB0005371DB00181863684FEA83024FEA93733C
:106DC00041F10001FDF7B4FE204AA2FB0031490960
:106DD000642303FB11031B013233A2FB03235B0972
:106DE00003F0F00202EB011203F00F0321681344D9
:106DF0008B6010BD0023021843EB0301121841F110
:106E00000001C90041EA5271D200101841F100019D
:106E1000626892185B41FDF78BFE0C4AA2FB0031C1
:106E20004909642303FB1103DB003233A2FB032374
:106E30005B095A0002F4F87202EB011203F0070337
:106E4000216813448B60D4E7001001401F85EB518B
:106E50002DE9F04383B005460E4617469946DDF806
:106E600028802B681C6836EA04040CBF0124002427
:106E7000BC4228D1B8F1FF3FF3D0FFF7CDF8A0EB2B
:106E80000900404523D8B8F1000F22D02B68DA68FA
:106E900012F0040FE5D0802EE3D0402EE1D01A6826
:106EA00012F0080FDDD0002401941A6801925B688B
:106EB0000193019B2846FFF715FF08236B6485F8B3
:106EC0004040012000E0002003B0BDE8F083032033
:106ED000FAE70320F8E760B310B5044690F84130B4
:106EE00013B3242384F841302268D36823F4005379
:106EF000D3602046FFF724FF2268136923F49043F0
:106F000013612268536923F02A0353612268D3680E
:106F100043F40053D36000206064202384F84130A0
:106F200084F84230606310BD80F84030FEF74EF9BF
:106F3000D7E7012070472DE9F04182B01E4690F856
:106F40004130DBB2202B56D104460D469046002935
:106F500055D00AB901204FE000234364212380F873
:106F60004130FFF759F80746A4F82480A4F826809A
:106F7000A368B3F5805F02D04FF0000814E02369E6
:106F80002BB34FF000080FE0202384F8413003209A
:106F900032E038F8023B2268C3F308035360E28C06
:106FA00092B2013A92B2E284E38C9BB293B1009622
:106FB0003B46002280212046FFF74AFF0028E3D10C
:106FC000002DE6D015F8012B23685A60E7E7A846A4
:106FD0000025E9E700963B46002240212046FFF7C6
:106FE00037FF18B9202384F8413005E0202384F8C6
:106FF0004130032000E0022002B0BDE8F081012012
:10700000FAE70000034AD2F8883043F47003C2F86C
:107010008830704700ED00E000F1080343604FF056
:10702000FF328260C3600361002303607047002366
:107030000361704743684B609A688A605160996049
:107040000861036801330360704730B40D68B5F11F
:10705000FF3F11D000F108031C465B681A68AA4282
:10706000FAD963684B6099608C606160086103685D
:107070000133036030BC70470469F2E7036941687B
:1070800082688A60416851605A68824206D0002254
:1070900002611A68013A1A601868704782685A607B
:1070A000F5E710B5044601F025FDA26BE36B9A42AB
:1070B00004D0002401F040FD204610BD0124F9E772
:1070C00010B5044601F016FDA36B23B9012401F0AD
:1070D00033FD204610BD0024F9E770B5044615467F
:1070E000866B026C5AB903681BB100200136A66397
:1070F00070BD806800F0F4FF0023A360F6E76DB96F
:107100004068FBF725F86368226C13446360A2684B
:10711000934219D3236863602846E7E7C068FBF70A
:1071200017F8E368226C51429B1AE360226893428D
:1071300002D2A3680B44E360022D01D00020D5E702
:1071400026B1013E0020D1E72846CFE70020CDE759
:107150000346026C6AB110B50846D9681144D9607B
:107160009C68A14201D31968D960D968FAF7F0FF89
:1071700010BD704738B5054601F0BCFC95F8454098
:1071800064B201E0013C64B2002C0ADD6B6A43B1D9
:1071900005F1240000F0FAFE0028F3D000F08AFF89
:1071A000F0E7FF2385F8453001F0C6FC01F0A2FCB2
:1071B00095F8444064B201E0013C64B2002C0ADD61
:1071C0002B6943B105F1100000F0E0FE0028F3D078
:1071D00000F070FFF0E7FF2385F8443001F0ACFCCD
:1071E00038BD38B5E0B10D46044601F083FC236894
:1071F000E26B216C01FB0230A0600020A0636360A1
:10720000013A02FB0133E360FF2384F8443084F841
:107210004530FDB9236963B901F08EFC012038BD0A
:107220004FF0500383F31188BFF36F8FBFF34F8F7D
:10723000FEE704F1100000F0A9FE0028ECD04FF0AA
:10724000E0234FF08052C3F8042DBFF34F8FBFF3FC
:107250006F8FE1E704F11000FFF7DEFE04F1240078
:10726000FFF7DAFED8E738B51D46049C0B4649B94E
:107270002460E063236401212046FFF7B2FF84F815
:107280004C5038BD2260F4E740B94FF0500383F30F
:107290001188BFF36F8FBFF34F8FFEE710B584B037
:1072A0001C46844653B192B189B94FF0500383F321
:1072B0001188BFF36F8FBFF34F8FFEE74FF050037E
:1072C00083F31188BFF36F8FBFF34F8FFEE76AB16F
:1072D00050230393039B502B13D04FF0500383F3A1
:1072E0001188BFF36F8FBFF34F8FFEE70029EFD0F8
:1072F0004FF0500383F31188BFF36F8FBFF34F8FAD
:10730000FEE7039B012384F8463000949DF8183073
:107310006046FFF7A8FF204604B010BD40B94FF00B
:10732000500383F31188BFF36F8FBFF34F8FFEE7D6
:10733000F0B583B00D461446064601FB00F0503010
:1073400001F0AEFA074650B1002380F846300090B5
:10735000234600F1500229463046FFF784FF3846A5
:1073600003B0F0BDF0B585B0019288B10F461D465F
:107370000446B1B1022D20D1E36B012B1DD04FF09B
:10738000500383F31188BFF36F8FBFF34F8FFEE776
:107390004FF0500383F31188BFF36F8FBFF34F8F0C
:1073A000FEE7036C002BE5D04FF0500383F3118808
:1073B000BFF36F8FBFF34F8FFEE700F081FE0646ED
:1073C00058B9019B002B48D04FF0500383F311882C
:1073D000BFF36F8FBFF34F8FFEE700263DE02A46D5
:1073E00039462046FFF779FE636A7BB948B14FF012
:1073F000E0234FF08052C3F8042DBFF34F8FBFF34B
:107400006F8F01F099FB012005B0F0BD04F124005D
:1074100000F0BCFD0028F4D04FF0E0234FF0805284
:10742000C3F8042DBFF34F8FBFF36F8FE9E701F06F
:1074300083FB0020E8E702A800F0EEFD012619E03A
:10744000002384F8443021E0002384F8453023E011
:107450002046FFF78FFE00F077FC01F04BFBA26B9C
:10746000E36B9A42BBD3022DB9D0019B002BDED037
:10747000002EE0D001F060FB00F0CCFB01F03AFB05
:1074800094F8442052B2B2F1FF3FD9D094F845208D
:1074900052B2B2F1FF3FD7D001F04EFB01A902A8D2
:1074A00000F0C6FDD8B92046FFF7FBFD0028CFD07D
:1074B000019904F1100000F035FD2046FFF75AFE57
:1074C00000F042FC0028C8D14FF0E0234FF080527A
:1074D000C3F8042DBFF34F8FBFF36F8FBDE7204676
:1074E000FFF748FE00F030FC00208DE72DE9F8435F
:1074F00090B10F4616461C460546B1B1022C20D16C
:10750000EB6B012B1DD04FF0500383F31188BFF3B9
:107510006F8FBFF34F8FFEE74FF0500383F3118857
:10752000BFF36F8FBFF34F8FFEE7036C002BE5D0E7
:107530004FF0500383F31188BFF36F8FBFF34F8F6A
:10754000FEE701F0FDFBEFF311884FF0500383F3EA
:107550001188BFF36F8FBFF34F8FAA6BEB6B9A420B
:1075600006D3022C04D0002088F31188BDE8F883EC
:1075700095F845904FFA89F9AB6B22463946284673
:10758000FFF7ABFDB9F1FF3F06D009F101035BB294
:1075900085F845300120E7E76B6A0BB90120E3E786
:1075A00005F1240000F0F2FC18B126B10120306092
:1075B000DAE70120D8E70120D6E7F0B585B00192DF
:1075C00090B10F460446C1B100F07AFD064600BBFB
:1075D000019B002B5ED04FF0500383F31188BFF363
:1075E0006F8FBFF34F8FFEE74FF0500383F3118887
:1075F000BFF36F8FBFF34F8FFEE7036C002BE3D019
:107600004FF0500383F31188BFF36F8FBFF34F8F99
:10761000FEE700263EE039462046FFF799FD013D92
:10762000A563236923B901F087FA012005B0F0BDF5
:1076300004F1100000F0AAFC0028F4D04FF0E02381
:107640004FF08052C3F8042DBFF34F8FBFF36F8FFD
:10765000E9E701F071FA0020E8E702A800F0DCFC9D
:10766000012621E0002384F8443029E0002384F837
:1076700045302BE02046FFF77DFD00F065FB09E07B
:107680002046FFF777FD00F05FFB2046FFF718FD6F
:1076900000283FD101F02EFAA56B002DBBD1019B34
:1076A000002BD6D0002ED8D001F046FA00F0B2FA66
:1076B00001F020FA94F844305BB2B3F1FF3FD1D02F
:1076C00094F845305BB2B3F1FF3FCFD001F034FA0C
:1076D00001A902A800F0ACFC0028D1D12046FFF798
:1076E000EFFC0028C6D0019904F1240000F01AFC38
:1076F0002046FFF73FFD00F027FB0028CAD14FF0DE
:10770000E0234FF08052C3F8042DBFF34F8FBFF337
:107710006F8FBFE7002089E70023072B0CD8074AAB
:1077200052F833200AB10133F7E7044A42F8331024
:1077300002EBC30250607047704700BF380400205E
:1077400070B504460D46164601F0D4F994F844305D
:107750005BB2B3F1FF3F0DD094F845305BB2B3F1AB
:10776000FF3F0BD001F0E8F9A36B5BB12046FFF7B8
:1077700001FD70BD002384F84430EDE7002384F858
:107780004530EFE73246294604F1240000F0E2FBE1
:10779000ECE70000084B1B681B6823B9074B4FF050
:1077A000FF321A607047044B1B68DB68DB685A685D
:1077B000024B1A60704700BFE804002080040020DC
:1077C0002DE9F04780460D4617469946089EDDF89C
:1077D00024A00A9C9200A521206BF8F7BFFE236B22
:1077E00007F18042013A03EB820727F00707A5B3B0
:1077F0004FF0000CBCF10F0F09D815F80C3004EB5A
:107800000C0282F8343013B10CF1010CF2E70023C2
:1078100084F84330372E00D93726E662E664002527
:107820002565201DFFF703FC04F11800FFF7FFFB9F
:107830002461C6F13806A6616462656584F8585013
:107840004A464146384601F029F92060BAF1000F56
:1078500001D0CAF80040BDE8F087002384F8343036
:10786000D8E7000038B5002407E004EB8402930059
:107870000E481844FFF7D0FB0134372CF5D90C4DD6
:107880002846FFF7C9FB0B4C2046FFF7C5FB0A480B
:10789000FFF7C2FB0948FFF7BFFB0948FFF7BCFB36
:1078A000084B1D60084B1C6038BD00BF140500204C
:1078B00000050020EC040020D0040020BC040020BF
:1078C000A4040020E8040020E404002010B50446CD
:1078D00001F010F9224A136801331360214B1B6831
:1078E0005BB1214B1B686BB91E4B1B68DA6AE36AFC
:1078F0009A4207D81B4B1C6004E01A4B1C601368AB
:10790000012B29D0194A1368013313606364E06ABC
:10791000174B1B68984201D9154B186000EB80008B
:10792000211D144B03EB8000FFF784FB01F004F9E9
:107930000D4B1B687BB10B4B1B68DA6AE36A9A42FA
:1079400009D24FF0E0234FF08052C3F8042DBFF36B
:107950004F8FBFF36F8F10BDFFF784FFD2E700BFDB
:10796000A004002074090020940400208404002056
:10797000980400201405002010B5044690F85930F2
:1079800063B1012B11D0022B0ED04FF0500383F3C3
:107990001188BFF36F8FBFF34F8FFEE7006B01F0CD
:1079A00001F8204600F0FEFF10BD00F0FBFFFBE7F2
:1079B0000F4B1B68D3B110B501F09CF80D4BDB6881
:1079C000DC68201DFFF75AFB0B4A1368013B13606C
:1079D000074A1368013B136001F0AEF82046FFF739
:1079E000CBFF034B1B68002BE6D110BD704700BFD7
:1079F000B8040020BC040020A004002008B5FFF754
:107A0000D7FF074B1B68012BF9D94FF0E0234FF04C
:107A10008052C3F8042DBFF34F8FBFF36F8FEEE793
:107A20001405002070B504460D46174B1E68174B11
:107A300018680430FFF722FBB4F1FF3F0DD0344447
:107A4000124B1B685C60A64210D9114B18680F4B93
:107A500019680431FFF7F9FA70BD002DEFD00B4B18
:107A6000196804310B48FFF7E5FAF5E70A4B186887
:107A7000064B19680431FFF7E8FA084B1B68A3426C
:107A8000EAD9064B1C60E7E79C040020740900203B
:107A9000E4040020A4040020E80400208004002066
:107AA00030B587B00B9C7CB10C9DB5B15C250495BD
:107AB000049D5C2D1AD04FF0500383F31188BFF35F
:107AC0006F8FBFF34F8FFEE74FF0500383F31188A2
:107AD000BFF36F8FBFF34F8FFEE74FF0500383F379
:107AE0001188BFF36F8FBFF34F8FFEE7049D0C9D8E
:107AF0002C63022485F8594000240394029505ACB8
:107B000001940A9C0094FFF75BFE0C98FFF7DEFEE1
:107B1000059807B030BD2DE9F04385B0074688468B
:107B200014461E46900000F0BBFE08B381465C2060
:107B300000F0B6FE0546A8B1C0F83090002380F8EA
:107B40005930039302900D9B01930C9B0093334695
:107B5000224641463846FFF733FE2846FFF7B6FE79
:107B6000012007E0484600F01DFF4FF0FF3001E024
:107B70004FF0FF3005B0BDE8F083000010B588B0CD
:107B800000240594069407AA06A905A800F00CFE97
:107B9000059B0293069B019300942346079A17497D
:107BA0001748FFF77DFF174B1860C0B100F04CFB82
:107BB000012815D14FF0500383F31188BFF36F8F65
:107BC000BFF34F8F104B4FF0FF321A600F4B012263
:107BD0001A600F4B00221A6001F026F803E0002023
:107BE000B0F1FF3F01D008B010BD4FF0500383F358
:107BF0001188BFF36F8FBFF34F8FFEE748940008E3
:107C0000FD7900087C0400208004002094040020FA
:107C10009C040020024A136801331360704700BFC0
:107C200078040020014B1868704700BF9C040020B6
:107C3000F8B53A4B1B68002B69D1394B1D680135EB
:107C40001D60C5B9374B1B681B6843B14FF050032B
:107C500083F31188BFF36F8FBFF34F8FFEE7314A75
:107C60001168314B186810601960304A136801338D
:107C70001360FFF78FFD2E4B1B68AB423DD90027E9
:107C80002C4B1B68DB6A03EB83039A002A4B9B583F
:107C9000012B00D90127294B1B68002B3CD0012761
:107CA0003AE001271F4B1B681B6843B31D4B1B6841
:107CB000DB68DC6863689D4226D3261D3046FFF7EB
:107CC000DDF9A36A1BB104F11800FFF7D7F9E36AE5
:107CD0001B4A1268934201D9194A136003EB8303CC
:107CE0009A00314614481044FFF7A4F9E26A114B98
:107CF0001B68DB6A9A42D4D2D4E70027D2E70C4B48
:107D00004FF0FF321A60BBE7094A1360B8E70D4A2B
:107D100013680133136000273846F8BD780400204B
:107D20009C040020E8040020E404002088040020D3
:107D30008004002074090020140500208C04002019
:107D4000980400209004002038B5354B1B6843B9D7
:107D50004FF0500383F31188BFF36F8FBFF34F8F42
:107D6000FEE700F0C7FE2E4B1A68013A1A601B6846
:107D7000002B4FD12B4B1B680BB900244BE0002488
:107D8000294B1B681BB3284BDB68DC6804F1180027
:107D9000FFF774F9251D2846FFF770F9E06A234BB9
:107DA0001B68984201D9214B186000EB80002946DE
:107DB0001F4B03EB8000FFF73DF9E26A1D4B1B6888
:107DC000DB6A9A42DCD31C4B01221A60D8E70CB163
:107DD000FFF7E0FC194B1C6884B9174B1C68D4B141
:107DE0004FF0E0234FF08052C3F8042DBFF34F8FC4
:107DF000BFF36F8F01240EE0013C07D0FFF718FF9F
:107E00000028F9D00C4B01221A60F5E70B4B002239
:107E10001A60E2E7002400F08FFE204638BD00BF64
:107E200078040020A0040020D00400209804002042
:107E300014050020740900208C0400209004002008
:107E400010B5A8B10446104B1B6843B14FF0500366
:107E500083F31188BFF36F8FBFF34F8FFEE7FFF7F8
:107E6000D9FE00212046FFF7DDFDFFF76DFF48B981
:107E70004FF0E0234FF08052C3F8042DBFF34F8F33
:107E8000BFF36F8F10BD00BF78040020204B1B682C
:107E90001BB1204B01221A6070471E4B00221A6052
:107EA0001D4B1B6803EB83018A001C498A585AB991
:107EB0000BB1013BF6E74FF0500383F31188BFF39A
:107EC0006F8FBFF34F8FFEE7084603EB83018A00F5
:107ED000024451684968516003EB830C4FEA8C02FD
:107EE0000832024491420BD003EB830291000B4A0B
:107EF0000A445268D1680A4A1160074A1360704701
:107F0000486862469100054A0A445060ECE700BFA9
:107F1000780400208C040020980400201405002020
:107F20007409002058B110B50C46094A116818317F
:107F3000FFF78BF801212046FFF774FD10BD4FF0CD
:107F4000500383F31188BFF36F8FBFF34F8FFEE7AA
:107F50007409002038B570B10D4614460A4A1168FC
:107F60001831FFF767F80CB14FF0FF35214628466E
:107F7000FFF758FD38BD4FF0500383F31188BFF36E
:107F80006F8FBFF34F8FFEE77409002038B5C368C9
:107F9000DC6824B304F118052846FFF76FF8184B86
:107FA0001B682BBB251D2846FFF768F8E06A154BB8
:107FB0001B68984201D9134B186000EB80002946DA
:107FC000114B03EB8000FFF735F8E26A0F4B1B689B
:107FD000DB6A9A4211D901200D4B186038BD4FF071
:107FE000500383F31188BFF36F8FBFF34F8FFEE70A
:107FF00029460848FFF71EF8E7E70020EEE700BF34
:108000007804002098040020140500207409002042
:108010008C040020D0040020034B1B680360034B3A
:108020001B684360704700BF880400209C04002048
:10803000F8B5C8B10C460546F9B100F05BFD1B4B25
:1080400019686B68C81A2268B2F1FF3F26D0184E33
:1080500036682F68B74201D08B4224D9824215D8A6
:108060000023236001241AE04FF0500383F31188AA
:10807000BFF36F8FBFF34F8FFEE74FF0500383F3D3
:108080001188BFF36F8FBFF34F8FFEE75B1A134466
:1080900023602846FFF7C0FF002400E0002400F022
:1080A0004BFD2046F8BD0124F9E700BF9C040020E9
:1080B00088040020014B01221A6070478C040020C4
:1080C000054B1B6833B1054B1B680BB10020704793
:1080D000022070470120704794040020780400209B
:1080E00000283BD038B504461E4B1B68834208D09D
:1080F0004FF0500383F31188BFF36F8FBFF34F8F9F
:10810000FEE7036D43B94FF0500383F31188BFF3CB
:108110006F8FBFF34F8FFEE7013B0365C16AC26CEF
:1081200091421DD00BB1002038BD051D2846FEF739
:10813000A5FFE06CE062C0F13803A3610A4B1B6845
:10814000984201D9084B186000EB80002946074B84
:1081500003EB8000FEF76EFF0120E5E7002070478B
:108160000020E1E774090020980400201405002095
:10817000064B1A6813682BB90123036023B9D3682F
:10818000186870470023F8E700207047780A00203D
:1081900008B54160006191420CD8D21A83699A42B5
:1081A00001D3012008BD011D094B1868FEF74DFFE2
:1081B0000020F7E79A4201D2994206D2011D054BF1
:1081C0001868FEF742FF0020ECE70120EAE700BF55
:1081D000740A0020780A002030B583B000F08AFCD1
:1081E000114B1B681BB100F0A7FC03B030BD0F4D55
:1081F0002846FEF711FF0E4C2046FEF70DFF0D4BF3
:108200001D600D4B1C60002300930C4B0C4A102189
:108210000A20FFF739F8044B18600028E3D0094919
:10822000FFF77AFADFE700BF700A0020900A00200B
:108230007C0A0020780A0020740A002078090020B7
:10824000C80900205094000810B588B0FFF7C4FF9B
:10825000124B1B68CBB100240594069407AA06A90B
:1082600005A800F0ADFA059B0293069B019302233B
:1082700000932346079A0A490A48FFF711FC0A4B64
:10828000186010B1012008B010BD4FF0500383F307
:108290001188BFF36F8FBFF34F8FFEE7700A002086
:1082A00058940008AD8500086C0A0020B8B19C46BF
:1082B00003461848006858B300B585B00091019294
:1082C000029305291CDCFFF7FBFE022810D00023D7
:1082D0001A4669460F480068FFF744F815E04FF06A
:1082E000500383F31188BFF36F8FBFF34F8FFEE707
:1082F0000023069A694607480068FFF733F804E050
:10830000002362466946FFF7F1F805B05DF804FB0B
:1083100000207047700A002070B582B01B4B1B68AC
:108320001A6862B3DB681E68DC68251D2846FEF704
:10833000A5FE236A2046984794F8283013F0040FCE
:10834000ECD0A36933449E4207D26360246129467E
:108350000E4B1868FEF779FEE0E7002100910B460E
:1083600032462046FFF7A2FF0028D7D14FF0500336
:1083700083F31188BFF36F8FBFF34F8FFEE7044A7B
:10838000106802490860136002B070BD780A0020CE
:10839000740A002038B50546FFF744FC0446074B35
:1083A0001B68834205D800232B60044B1C602046C9
:1083B00038BDFFF7B1FF01232B60F6E7680A002004
:1083C00070B582B006460D4617490968C968CC6881
:1083D000201DFEF753FE94F828C01CF0040F08D1AE
:1083E0002CF0010C84F828C0236A2046984702B07C
:1083F00070BDA16933462A4631442046FFF7C8FEC6
:108400000028F1D0002100910B4632462046FFF7AC
:108410004DFF0028E8D14FF0500383F31188BFF3DC
:108420006F8FBFF34F8FFEE7780A002070B582B0E0
:1084300006460C46FFF7EEFB01A8FFF7ABFF019BDA
:1084400033BB0546E4B9B04213D22246711B124B2E
:108450001868FFF775F9FFF777FCD8B94FF0E023FC
:108460004FF08052C3F8042DBFF34F8FBFF36F8FCF
:1084700010E0FFF769FC29463046FFF7A1FF09E04D
:10848000064A126812680AB90124DEE71C46DCE7D6
:10849000FFF75AFC02B070BD700A0020740A002079
:1084A00010B588B002E0049B002B0FDA002204A96B
:1084B0003D4B1868FFF781F8002873D0049B002B10
:1084C000F1DA07990698059B9847ECE7069C6369E3
:1084D00013B1201DFEF7D2FD03A8FFF75BFF049B3D
:1084E000092BE3D8DFE803F0050505303750050513
:1084F000303794F8283043F0010384F82830059B86
:10850000A169024619442046FFF742FE0028CDD05B
:10851000236A2046984794F8283013F0040FC5D0FA
:10852000A269002100910B46059802442046FFF7FE
:10853000BDFE0028BAD14FF0500383F31188BFF37A
:108540006F8FBFF34F8FFEE794F8283023F00103BD
:1085500084F82830AAE794F8283043F0010384F81F
:1085600028300599A16131B10346024601442046F5
:10857000FFF70EFE9AE74FF0500383F31188BFF325
:108580006F8FBFF34F8FFEE794F8283013F0020F80
:1085900004D023F0010384F8283087E7204600F058
:1085A00001FA83E708B010BD700A002000B583B05F
:1085B00001A8FFF7DDFD0199FFF738FFFFF770FF16
:1085C000F6E708B54FF0E0231B69FFF779FD0128B6
:1085D00000D108BD00F0FEFAFBE70000EFF30583D1
:1085E0002BB9064B186828B901221A6070476FF042
:1085F000050070474FF0FF30704700BF5C1100204E
:10860000EFF3058373B90A4B1B68012B0DD110B52D
:108610000024084BDC77064B02221A60FFF7AEFA03
:10862000204610BD6FF0050070474FF0FF307047D7
:108630005C11002000ED00E0F0B587B00024059447
:10864000EFF3058474BB68B322B31568936903B96B
:1086500018235C1E372C49D8546814F0010F47D1F9
:1086600056696EB14FEA960C94682CB1D7685B2FAF
:1086700002D9176907B1C6B92CB14FF0FF340EE02B
:108680004FF0800CF0E7D4688CB9146994B14FF0C6
:10869000FF3404E01546002418234FF0800C012C11
:1086A0000AD0ACB1059807B0F0BD0124F7E74FF050
:1086B000FF34F4E70024F2E714699268029201940F
:1086C00000930B4662462946FFF7EAF90590E9E771
:1086D00005AA019200930B461FFA8CF22946FFF778
:1086E0001AFA0128DED000230593DBE70020DAE741
:1086F0000020D8E708B5EFF3058333B908B90020A7
:1087000008BDFFF79DFB0020FAE76FF00500F7E7D3
:1087100070B582B0EFF30583002B3AD114460028E0
:108720003BD000293BD06AB393684BB1D2684F2A43
:1087300006D9226922B101FB00F56669AE421BD25F
:1087400073B14FF0FF3363BB0022FEF7E7FD054630
:1087500005B304B1246821462846FEF7DDFF19E081
:10876000E3688BB9236913B14FF0FF33EBE763691B
:108770006BB14FF0FF33E6E700250095FEF784FD6F
:108780000546E5E70023DEE74FF0FF33DBE7002394
:10879000D9E70025284602B070BD0025FAE700257C
:1087A000F8E70025F6E70000034B0360034B0B607E
:1087B00080231360704700BF00110020000F0020CD
:1087C000034B0360034B0B604FF4807313607047DF
:1087D000A40E0020A40A0020124A12F0070F1ED097
:1087E000D11D21F00701C1F5705313440A460E480C
:1087F0000260002141601344083B23F007030B484B
:10880000036059601960991A51601360084B196030
:10881000084B1960084B4FF000421A6070474FF444
:108820007053E4E7801100207811002074110020BB
:108830006C1100207011002060110020164B1A46A8
:108840001B688342FBD3516802EB010C844509D0BD
:10885000416800EB010C634509D00360904219D0D8
:10886000106070474068014451601046F0E710B452
:108870000A4C2468A3420BD05B681944416013681A
:108880001B680360904200D010605DF8044B704795
:108890000460F7E7704700BF7811002074110020D2
:1088A00038B50446FFF7B6F9384B1B68B3B1384BFF
:1088B0001B681C4250D1002C50D004F1080214F067
:1088C000070F02D022F007020832002A55D0314BA0
:1088D0001B68934253D330490C6804E0FFF77CFFD8
:1088E000E5E721461C466368934202D22368002BC9
:1088F000F7D1264B1B68A34243D00D680835236887
:108900000B6063689B1A102B10D9A01810F0070F8A
:1089100008D04FF0500383F31188BFF36F8FBFF37C
:108920004F8FFEE743606260FFF788FF6268194976
:108930000B689B1A0B60194909688B4201D21749D1
:108940000B60134B1B681343636000232360144ABE
:1089500013680133136002E0002500E00025FFF7F3
:10896000F3F915F0070F0ED04FF0500383F3118881
:10897000BFF36F8FBFF34F8FFEE70025EFE70025B2
:10898000EDE70025EBE7284638BD00BF7411002055
:108990006011002070110020781100206C1100205F
:1089A00068110020002834D038B50446A0F108052D
:1089B00050F8043C174A1268134208D14FF0500394
:1089C00083F31188BFF36F8FBFF34F8FFEE750F82B
:1089D000081C41B14FF0500383F31188BFF36F8F30
:1089E000BFF34F8FFEE723EA020340F8043CFFF792
:1089F00011F954F8041C084A13680B441360284604
:108A0000FFF71CFF054A136801331360FFF79CF959
:108A100038BD7047601100207011002064110020E3
:108A200082B0002301930D4B1B68B3F1FF3F08D0C8
:108A30004FF0500383F31188BFF36F8FBFF34F8F55
:108A4000FEE74FF0500383F31188BFF36F8FBFF33E
:108A50004F8F019B002BFCD002B07047D401002047
:108A600008480068006880F308884FF0000080F331
:108A7000148862B661B6BFF34F8FBFF36F8F00DF0C
:108A800000BF000008ED00E0DFF80C00016841F4D1
:108A9000700101607047000088ED00E04FF08073C6
:108AA00040F8043C21F0010140F8081C054B40F857
:108AB0000C3C40F8202C6FF0020340F8243C443872
:108AC000704700BF218A000800000000000000007D
:108AD000074B19680868B0E8F04F80F30988BFF3C6
:108AE0006F8F4FF0000080F311887047AFF3008064
:108AF000740900204FF0500383F31188BFF36F8F88
:108B0000BFF34F8F0B4A136801331360012B00D062
:108B100070474FF0E023D3F8043D13F0FF0FF7D078
:108B20004FF0500383F31188BFF36F8FBFF34F8F64
:108B3000FEE700BFD4010020094B1B6843B94FF08A
:108B4000500383F31188BFF36F8FBFF34F8FFEE79E
:108B5000013B034A13600BB983F31188704700BFD0
:108B6000D401002000000000000000000000000010
:108B7000EFF30980BFF36F8F154B1A681EF0100FCB
:108B800008BF20ED108A20E9F04F10602DE90900A0
:108B90004FF0500080F31188BFF34F8FBFF36F8FFA
:108BA000FFF774F94FF0000080F3118809BC1968D1
:108BB0000868B0E8F04F1EF0100F08BFB0EC108A44
:108BC00080F30988BFF36F8F704700BFAFF3008059
:108BD0007409002008B54FF0500383F31188BFF3E8
:108BE0006F8FBFF34F8FFFF723F828B14FF0E023CB
:108BF0004FF08052C3F8042D002383F3118808BD81
:108C00004FF0E022002313619361054B1B68054977
:108C1000A1FB03139B09013B5361072313617047B9
:108C2000D0010020D34D62104FF0E023D3F8002D87
:108C30003D4B9A421CD04FF0E023D3F8002D3B4B24
:108C40009A421ED030B583B0394B1A78D2B2019215
:108C5000FF221A701B78DBB28DF803309DF80330C9
:108C600003F05003334A1370334B07221A601BE0A2
:108C70004FF0500383F31188BFF36F8FBFF34F8F13
:108C8000FEE74FF0500383F31188BFF36F8FBFF3FC
:108C90004F8FFEE7284A1368013B13609DF80330AD
:108CA0005B00DBB28DF803309DF8033013F0800FCA
:108CB000F0D1214B1B68032B08D04FF0500383F3F6
:108CC0001188BFF36F8FBFF34F8FFEE71B021A4A65
:108CD000136003F4E0631360019BDBB2144A13706A
:108CE0004FF0E024D4F8203D43F47003C4F8203D55
:108CF000D4F8203D43F07043C4F8203DFFF780FFD7
:108D000000250E4B1D60FFF7BFFED4F8343F43F043
:108D10004043C4F8343FFFF7A3FEFFF7B7F8FFF76F
:108D20007FFE284603B030BD71C20F4170C20F41B3
:108D300000E400E0844D0020804D0020D40100209C
:108D4000EFF305830F2B0FD9114A9B5CDBB2114A5D
:108D500012789A4208D94FF0500383F31188BFF379
:108D60006F8FBFF34F8FFEE74FF0E023D3F80C3D3A
:108D700003F4E063084A1268934208D94FF05003A5
:108D800083F31188BFF36F8FBFF34F8FFEE77047F8
:108D9000F0E300E0844D0020804D002010B584B049
:108DA0004FF47A7402940193009201230A4601461B
:108DB0000248FDF751FD40B204B010BD5003002041
:108DC00010B584B04FF47A74029401930092012399
:108DD0000A4601460248FDF78DFC40B204B010BDC2
:108DE0005003002010B50124FF2C0ED04FF47A73ED
:108DF000012221460648FDF7ABFE10B10134E4B272
:108E0000F2E720B2034B188010BD6820FCE700BFDA
:108E100050030020D801002010B582B084B2012395
:108E20000DF1070275212046FFF7B8FFE0BB9DF862
:108E30000730682B3BD100238DF8063001230DF15C
:108E400006026B212046FFF7BBFF98BB05238DF878
:108E5000063001230DF106021A212046FFF7B0FF6C
:108E600058BB07238DF8063001230DF106021921A6
:108E70002046FFF7A5FF18BB00238DF8063001231D
:108E80000DF106021C212046FFF79AFFD8B90023F6
:108E90008DF8063001230DF106021B212046FFF755
:108EA0008FFF98B902B010BD6FF00100FAE74FF0E4
:108EB000FF30F7E76FF00200F4E76FF00300F1E72F
:108EC0006FF00400EEE76FF00500EBE76FF00600CF
:108ED000E8E7000000B583B006236A463B211E4840
:108EE0000088FFF75BFF9DF800209DF8013043EA02
:108EF00002231BB207EE903AF8EEE76A174AC2ED7A
:108F0000006A9DF802109DF8033043EA01231BB26A
:108F100007EE903AB8EEE77A82ED017A9DF80410F8
:108F20009DF8053043EA01231BB207EE903AF8EEB4
:108F3000E77AC2ED027A9FED0A6A66EE866AC2EDB2
:108F4000006A27EE067A82ED017A67EE867AC2ED34
:108F5000027A03B05DF804FBD8010020884D0020A0
:108F60000000803800B583B006236A4643211E48BE
:108F70000088FFF713FF9DF800209DF8013043EAB9
:108F800002231BB207EE903AF8EEE76A174AC2EDE9
:108F9000036A9DF802109DF8033043EA01231BB2D7
:108FA00007EE903AB8EEE77A82ED047A9DF8041065
:108FB0009DF8053043EA01231BB207EE903AF8EE24
:108FC000E77AC2ED057A9FED0A6AC6EE865AC2EDCF
:108FD000035AC7EE066AC2ED046A87EE867A82ED0E
:108FE000057A03B05DF804FBD8010020884D00200D
:108FF0000000034300B583B0022301AA41210F48BA
:109000000088FFF7CBFE9DF804209DF8053043EA69
:1090100002231BB207EE903AF8EEE77A084BC3ED55
:10902000067ADFED086A87EEA67ADFED077A77EE3B
:10903000277AC3ED067A03B05DF804FBD80100205F
:10904000884D00200000AA43B81E124210B5034606
:109050000C4A0D490D48006840B10C4800680344B3
:10906000521A934206D8094A136010BD0748084CAB
:109070000460F2E7F7F798FB0C2303604FF0FF3032
:10908000F3E700BF0000022000040000A44D002010
:10909000A84D00200120704708B5F7F785FB16237F
:1090A00003604FF0FF3008BD08B54FF0FF31FFF708
:1090B000F3FFFEE770B50C461646002506E0AFF359
:1090C0000080214601F8010B01350C46B542F6DB64
:1090D000304670BD4FF0FF3070474FF400534B6087
:1090E000002070470120704700207047DFF834D01F
:1090F000FDF788FF0C480D490D4A002302E0D458C3
:10910000C4500433C4188C42F9D30A4A0A4C0023D1
:1091100001E013600432A242FBD3F7F795F8FBF7A6
:10912000DDFE70470000022000000020DC0100206E
:1091300044960008DC010020A84D0020FEE7000056
:10914000F8B500BFF8BC08BC9E467047F8B500BF34
:08915000F8BC08BC9E46704704
:1091580005000000190000007D000000000000006C
:10916800000000000000F03F000000000000244064
:1091780000000000000059400000000000408F403F
:10918800000000000088C34000000000006AF840AA
:109198000000000080842E4100000000D0126341CE
:1091A8000000000084D797410000000065CDCD4144
:1091B800000000205FA00242000000E87648374225
:1091C800000000A2941A6D42000040E59C30A242C3
:1091D8000000901EC4BCD64200003426F56B0C4338
:1091E8000080E03779C3414300A0D88557347643DF
:1091F80000C84E676DC1AB43003D9160E458E14340
:10920800408CB5781DAF154450EFE2D6E41A4B44B4
:1092180092D54D06CFF08044F64AE1C7022DB544F9
:10922800B49DD9794378EA44BC89D897B2D29C3C9A
:1092380033A7A8D523F649393DA7F444FD0FA53235
:109248009D978CCF08BA5B25436FAC642806C80A83
:109258000080E03779C34143176E05B5B5B893462A
:10926800F5F93FE9034F384D321D30F94877825AF6
:109278003CBF737FDD4F1575002020202020202063
:1092880020202828282828202020202020202020AE
:1092980020202020202020202088101010101010BE
:1092A800101010101010101010040404040404040A
:1092B80004040410101010101010414141414141A4
:1092C8000101010101010101010101010101010186
:1092D8000101010110101010101042424242424296
:1092E8000202020202020202020202020202020256
:1092F80002020202101010102000000000000000FE
:109308000000000000000000000000000000000055
:109318000000000000000000000000000000000045
:109328000000000000000000000000000000000035
:109338000000000000000000000000000000000025
:109348000000000000000000000000000000000015
:109358000000000000000000000000000000000005
:1093680000000000000000000000000000000000F5
:109378000000000000000000000000002D2D2D203E
:109388004D5055363035302044617461202D2D2DD7
:109398000D00000054656D70657261747572653AF0
:1093A80020252E326620430D0A00000041636365C4
:1093B8006C2028582C20592C205A293A20252E3246
:1093C800662C20252E32662C20252E32660D0A00AA
:1093D8004779726F2028582C20592C205A293A2076
:1093E800252E32662C20252E32662C20252E32661C
:1093F8000D0A00002D2D2D2D2D2D2D2D2D2D2D2D32
:109408002D2D2D2D2D2D2D2D0D0A0D00646174612E
:109418005175657565303100556172745461736BAF
:109428000000000053656E736F725461736B000027
:1094380050726F63657373696E675461736B000074
:1094480049444C4500000000546D72510000000072
:10945800546D722053766300494E4600696E66006B
:109468004E414E006E616E0030000000496E666924
:109478006E697479000000004E614E005245454EF9
:1094880054206D616C6C6F632073756363656564EC
:10949800656400002E2E2F2E2E2F2E2E2F2E2E2FCF
:1094A8002E2E2F2E2E2F6E65776C69622F6C6962B7
:1094B800632F7374646C69622F64746F612E630028
:1094C80042616C6C6F632073756363656564656482
:1094D80000000000303132333435363738394142F4
:1094E80043444546000000003031323334353637C6
:1094F800383961626364656600000000232D302BF3
:1095080020000000686C4C0065666745464700000F
:109518002C2066756E6374696F6E3A200000000037
:10952800617373657274696F6E20222573222066D9
:1095380061696C65643A2066696C6520222573222E
:109548002C206C696E65202564257325730A00003C
:109558002E2E2F2E2E2F2E2E2F2E2E2F2E2E2F2E1E
:109568002E2F6E65776C69622F6C6962632F737436
:10957800646C69622F6D707265632E630000000071
:1095880043000000504F5349580000002E000000CF
:109598001494000800000000000000000000000013
:1095A80000000000000000002094000800000000F7
:1095B800000000000000000000000000000400009F
:1095C8000800000000000000000000002C940008C3
:1095D8000000000000000000000000000000000083
:1095E800000400002000000000000000000000004F
:1095F800389400080000000000000000000000008F
:109608000000000000040000180000000000000036
:109618000000000000000000010203040000000038
:0C9628000000000001020304060708090E
:089634001C8BFF7F0100000008
:04963C0029020008F7
:04964000010200081B
:109644000000000003000000F801002010000020CA
:1096540000000000F801002060020020C802002081
:1096640000000000000000000000000000000000F6
:1096740000000000000000000000000000000000E6
:1096840000000000000000000000000000000000D6
:109694000000000000000000000000004300000083
:1096A40000000000000000000000000000000000B6
:1096B4000000000000000000000000004300000063
:1096C4000000000000000000000000000000000096
:1096D4000000000000000000000000004300000043
:1096E4000000000000000000000000000000000076
:1096F4000000000000000000000000004300000023
:109704000000000000000000000000000000000055
:109714000000000000000000000000004300000002
:109724000000000000000000000000000000000035
:1097340000000000000000000000000043000000E2
:109744000000000000000000000000000000000015
:1097540000000000000000000000000043000000C2
:1097640000000000000000000000000000000000F5
:10977400000000000000000000000000153D00088B
:109784004D3F0008000000008092000894950008F6
:1097940024950008249500082495000824950008C1
:1097A40024950008249500082495000824950008B1
:1097B40024950008FFFFFFFFFFFFFFFFFFFFFFFFF0
:1097C400FFFF00000100415343494900000000002D
:1097D4000000000000000000000000000000000085
:1097E400000000000000415343494900000000000C
:1097F4000000000000000000000000000000000065
:109804000000000000000000010000001000000043
:0C9814000024F400AAAAAAAA6800000020
:04000005080090ED72
:00000001FF
