:020000040800F2
:10000000307A01205D0300086F6D0008E55B000891
:100010006D6D00084D1D00084199000800000000AA
:100020000000000000000000000000009D02000829
:10003000E91E000800000000F90200087D6E0008BB
:1000400077030008770300087703000877030008A8
:100050007703000877030008770300087703000898
:100060007703000877030008770300086D1D000878
:10007000791D0008851D0008911D00089D1D0008C0
:10008000A91D0008B51D00087703000877030008C4
:100090007703000877030008770300087703000858
:1000A0007703000877030008770300087703000848
:1000B0004D6F0008896F0008C56F000877030008BE
:1000C0007703000877030008770300087703000828
:1000D0007703000877030008D9790008E57900085C
:1000E000ED1E00087703000877030008D9700008A8
:1000F000317100082571000877030008C11D000850
:1001000077030008770300080170000877030008F0
:100110007703000809750008770300083D700008A0
:1001200077030008770300087703000877030008C7
:1001300077030008770300087703000877030008B7
:1001400077030008770300087703000877030008A7
:10015000770300087703000877030008F1790008A7
:100160007703000877030008770300087703000887
:1001700077030008756D0008770300080000000091
:10018000770300087703000800F002F800F076F823
:100190000AA090E8000C82448344AAF10107DA45E2
:1001A00001D100F06BF8AFF2090EBAE80F0013F0BE
:1001B000010F18BFFB1A43F001031847300C010070
:1001C000500C01000A444FF0000C10F8013B13F0F2
:1001D000070408BF10F8014B1D1108BF10F8015BA0
:1001E000641E05D010F8016B641E01F8016BF9D193
:1001F00013F0080F1EBF10F8014BAD1C0C1B09D1EA
:100200006D1E58BF01F801CBFAD505E014F8016B5B
:1002100001F8016B6D1EF9D59142D6D370470000ED
:100220000023002400250026103A28BF78C1FBD8FF
:10023000520728BF30C148BF0B607047662910F0D5
:10024000A882642900F0E881632900F0D68673292A
:1002500000F0DB86002070471FB510F090FA9DE893
:10026000030000F0F9FB00F0EBFE04000020002189
:100270000FF0F4FCE0601FBD10B510BD01F005F8F3
:100280001146FFF7E9FF0CF0E9F901F023F803B498
:10029000FFF7F2FF03BC0AF044FA00002C4B196888
:1002A0000868B0E8F04F80F30988BFF36F8F4FF014
:1002B000000080F3118870470000000008480068C3
:1002C000006880F308884FF0000080F3148862B65D
:1002D00061B6BFF34F8FBFF36F8F00DF00BF00BF6A
:1002E00008ED00E0DFF80C00016841F470010160E6
:1002F000704700BF88ED00E0EFF30980BFF36F8F18
:10030000134B1A681EF0100F08BF20ED108A20E969
:10031000F04F106009B44FF0500080F31188BFF324
:100320004F8FBFF36F8F0EF0AFFC4FF0000080F3E4
:10033000118809BC19680868B0E8F04F1EF0100F6A
:1003400008BFB0EC108A80F30988BFF36F8F704745
:1003500080000020EFF305807047000009488047C7
:1003600009480047FEE7FEE7FEE7FEE7FEE7FEE797
:10037000FEE7FEE7FEE7FEE704480549054A064BAF
:1003800070470000316F00088901000830720120B9
:10039000307A01203074012030740120704770B52C
:1003A000064600F03DFB056806F10B0020F007044F
:1003B000B4429CBF002070BD2B466A68BAB1106879
:1003C000A04210D304F1080188423CBF5068586035
:1003D00007D35168101941601168091B016058600A
:1003E0001460101D70BD13465268002AE7D12146E3
:1003F000284600F01DFB0028DED170BD70B5044614
:10040000051F00F00DFB0068002C14BF446870BD90
:10041000002C18BFAC423CBF20466468F8D301688A
:100420000A18AA4218BF456003D12A68054611443C
:10043000016028684119A1421CBF6C6070BD6168F1
:10044000696021680844286070BD53EA020C00F01E
:1004500069802DE9F04B4FF00006002B1FBFB3FA67
:1004600083F503FA05F424FA05F65E4012BF16433D
:10047000B2FA82F502FA05F4C5F120051EBF22FA90
:1004800005FC44EA0C04203556EA044C4FEA1444B7
:1004900018BF641C4FF000084FF00009904271EB48
:1004A000030C39D3002919BFB1FA81F701FA07F615
:1004B000B0FA80F700FA07F6C7F120071EBF20FA4E
:1004C00007FC46EA0C062037B6FBF4FCA7EB050751
:1004D000103F07F01F0BCBF120060CFA0BFB2CFA98
:1004E00006F644BFB3460026202FA4BF5E464FF059
:1004F000000B5BEA060C08BF4FF0010B19EB0B0970
:10050000ABFB027C48EB0608C01B06FB02CC0BFBD6
:1005100003CC71EB0C01C1E70B460246414648464D
:10052000BDE8F08B13B54FF000004FF00001AFF3C2
:100530000080BDE81C4070470FB4044910B503AA01
:10054000029800F067FD10BC5DF814FB5C01002010
:100550000FB41CB5074B06AA7B446946009005986A
:1005600000F029FD0020694600F038FD1CBC5DF854
:1005700014FB0000810A000070B50446856900681C
:10058000C10601D5302600E02026C00707D070BD87
:10059000D4E9012130469047206A401C20626D1E3C
:1005A000F6D570BD70B5044685690078C00707D1DF
:1005B00070BDD4E9012120209047206A401C2062B0
:1005C0006D1EF6D570BD70B50C460546012A05D0E6
:1005D0002878800600D5EA69002302E0012305E0BF
:1005E0005B1C934202D2E05C0028F9D1A869E618AE
:1005F000C01AA861286A184428622846FFF7BCFF81
:1006000004E0D5E9012114F8010B9047B442F8D376
:100610002846FFF7C7FF70BD2DE9F04106460024CC
:1006200010687529314616A510D0AFF30080002858
:1006300002DA404213A507E031688A0701D512A506
:1006400002E0490704D511A5012401E0AFF30080C1
:1006500000210A2206F1240709E0B0FBF2FCB0FBFE
:10066000F2F302FB1C00303078541846491C002875
:10067000F3D123462A463046BDE8F04100F02DBABA
:10068000000000002D0000002B00000020000000F2
:100690002DE9F05F894604464FF0000ADFF824B1E7
:1006A000FB44C0F820A02046E168884700287DD0A0
:1006B000252806D0D4E901219047206A401C2062F9
:1006C000F1E700255F462046E16888472028064676
:1006D00007DB312E05D2B81910F8200C08B10543FC
:1006E000F1E7A80701D525F00405C4F81CA00027F0
:1006F000C4F818A02A2E09D030460AF00BF838B3F7
:1007000004EB8708303EC8F8186019E059F8041B5C
:10071000204604EB87029161E1688847012F064675
:1007200018D1E069002820DA25F020051DE0D8F86E
:10073000180000EB800006EB40003038C8F81800C5
:100740002046E1688847064609F0E4FF0028EED11C
:10075000012F0AD02E2E08D12046E16888477F1C41
:100760000646022F45F02005C4DBA069002803DA05
:10077000404245F00105A061E80701D025F01005D1
:10078000A6B1A6F14100192802D8203645F400652B
:100790004A463146204625604D46FFF74FFD60B181
:1007A000012807D0ED1D25F0070000E007E000F16B
:1007B000080978E705F1040975E730467AE7206A09
:1007C000BDE8F09FA403010010B5431C02E010F83F
:1007D000011B71B18107FAD14FF0013202C88C1AA6
:1007E0008C4314EAC211F9D0C01A0A0603D0C01E05
:1007F00010BDC01A10BD0A0401D0801E10BD090230
:10080000FCD0401E10BD032A40F2308010F0030CD3
:1008100000F0158011F8013BBCF1020F624498BF53
:1008200011F801CB00F8013B38BF11F8013BA2F1F0
:10083000040298BF00F801CB38BF00F8013B11F06B
:10084000030300F02580083AC0F0088051F8043B0B
:10085000083A51F804CBA0E80810F5E7121D5CBF78
:1008600051F8043B40F8043BAFF30080D20724BFAB
:1008700011F8013B11F801CB48BF11F8012B24BF3F
:1008800000F8013B00F801CB48BF00F8012B70478E
:1008900010B5203AC0F00B80B1E81850203AA0E81B
:1008A0001850B1E81850A0E81850BFF4F5AF5FEA4F
:1008B000027C24BFB1E81850A0E8185044BF18C902
:1008C00018C0BDE810405FEA827C24BF51F8043BA9
:1008D00040F8043B08BF7047D20728BF31F8023BFD
:1008E00048BF11F8012B28BF20F8023B48BF00F891
:1008F000012B704702F0FF0343EA032242EA02425F
:1009000000F002B84FF000020429C0F0128010F08D
:10091000030C00F01B80CCF1040CBCF1020F18BFDB
:1009200000F8012BA8BF20F8022BA1EB0C0100F06E
:100930000DB85FEAC17C24BF00F8012B00F8012B41
:1009400048BF00F8012B70474FF0000200B5134676
:1009500094469646203922BFA0E80C50A0E80C50DF
:10096000B1F12001BFF4F7AF090728BFA0E80C5090
:1009700048BF0CC05DF804EB890028BF40F8042B89
:1009800008BF704748BF20F8022B11F0804F18BFF6
:1009900000F8012B704700004FF0013C50F8042B89
:1009A00051F8043B9A4221D1A2EB0C03934313EA82
:1009B000CC1317D150F8042B51F8043B9A4215D1AF
:1009C000A2EB0C03934313EACC130BD150F8042B86
:1009D00051F8043B9A4209D1A2EB0C03934313EA6A
:1009E000CC13DBD04FF00000704700BFD01A01BA23
:1009F000B1FA81F101F0180122FA01F0CB40C1F106
:100A00002001DBB2C0B2C01A2CFA01F3D11A914313
:100A100011EAC311E6D170477047704770477047BD
:100A200000487047D8710120704770477047704781
:100A300038B504460A4600206946AFF30080002816
:100A400008BF38BD02460099204600F001FB012096
:100A500038BD012000F012BCF8B5AFF300800546A8
:100A600000200C46102000BF0646A819A0420DD950
:100A7000324669460020AFF30080070008BF00F04F
:100A8000FDFB0098A04218BF0546C419FFF7C8FF38
:100A900005600746F01D20F007004619284600F0C3
:100AA0000AF8B44208BFF8BDA21B31463868BDE859
:100AB000F84000F0CDBA00210160C0E90110704794
:100AC0001020704710B500F0BFFA006810BD10B5D7
:100AD000044600F0B9FA046010BD2DE9F0470D4658
:100AE00099469246044600F124080168880604D518
:100AF000E06921F01001216000E00120A84201DD41
:100B0000471B00E00027A1697A1902EB0900081AC7
:100B1000A0612078C00602D42046FFF72DFD0026F4
:100B200008E0D4E901211AF806009047206A401C29
:100B3000761C20624E45F4DB2078C0060AD520469C
:100B4000FFF71AFD06E0D4E9012130209047206A22
:100B5000401C2062381EA7F10107F4DC07E0D4E94D
:100B6000012118F805009047206A401C2062281EC9
:100B7000A5F10105F3DC2046FFF714FD20780006FF
:100B800002D50220BDE8F0870120FBE770472DE980
:100B9000FF4F0C461E464FF0FF378BB0D2E90001E5
:100BA000DDF860800A908A46C1F30A5505B93D46D2
:100BB000002108464FF00000BAF1000F00F4400099
:100BC00005DA00EB80004FF4400101EA50004FEAE3
:100BD0009059B9F1010F00DDB9460A9850EA4A0070
:100BE0000ED044F61050A5F2FF3545432F14B8F14E
:100BF000000F1ED07542291E1EDDC9F100021CE047
:100C0000B8F1010F4FF0000001D0302103E0F243B2
:100C100005E02154401CB042FBDB3046002200219D
:100C200021540B99C1F80880C1E900200FB0BDE83C
:100C3000F08FBD1B6D1CDEE74A4600DA694206A84C
:100C400000F0A6FA06AB93E8070003AB83E80700C1
:100C500050460A9900F08DFB8DE80700A0F5005082
:100C60001F3800900398002D0ADD42F21F014A460A
:100C70000844002303A90390684600F0F6FD09E04C
:100C8000A0F500504A461F38002303A90390684688
:100C900000F000FE8DE807000004000C03D04FF0C8
:100CA000FF30410800E01046B8F1000F03D00022E9
:100CB000009215461EE0751E05D400F0E3F93032AF
:100CC00062556D1EF9D5B3460122084302D00022B9
:100CD0007F1C04E02078302801D100227F1E002AEA
:100CE000099784D01DE0112D07DA00F0CBF93032DE
:100CF00062556D1C50EA0102F5D1084302D00098FC
:100D0000C8B10EE00021681E05E0235C625C6354FC
:100D10002254401E491C8142F7DBAB46A81B401EF3
:100D20000990002004F80B000B98099AC0F808807D
:100D3000C0E9002B7AE711264FF0000857E72DE9AC
:100D4000F04F88460446D21D22F0070191B0D1E948
:100D50000001CDE90A0108F0F4FD02460B98C00F2E
:100D600001D02D2007E02068810701D52B2002E06B
:100D7000202101EAC000032A099001D0072A05DBDF
:100D800003464146204600F0C3F90BE12078800677
:100D900001D5E06900E00620B8F1650F814606D074
:100DA000B8F1660F18D0B8F1670F70D131E00020AC
:100DB000B9F1110F009001DB112301E009F10103EA
:100DC0000AAA01A90CA8FFF7E2FEDDE90C700026D3
:100DD00009F10105834647E001204B4600904FF0A2
:100DE00000470AAA01A90CA8FFF7D1FEDDE90DB062
:100DF0000C995D46002610B909F101000D18B9EBF8
:100E0000050003D4C0F1FF3609F10105A5EB090087
:100E10002BE0B9F1010F01DA4FF001090020B9F11F
:100E2000110F0090484601DD112300E003460AAA95
:100E300001A90CA8FFF7ABFEDDE90C704D460026BA
:100E40008346207800070AD4AB4500DA5D4601A846
:100E5000012D04DD411911F8011C302907D04F453F
:100E600002DA17F1040F04DA012082460FE06D1E4A
:100E7000EEE7002F02DCED1B3E4403E0781CA842A5
:100E800000DD7D1CB81B00F1010A4FF000472078FF
:100E9000000703D4AA4501DB4FF0FF3A0021B7F168
:100EA000004F0DF143088DF8431024D002202B236E
:100EB000002F01DA7F422D230A21021EA0F101003A
:100EC00000DC5FB197FBF1FC97FBF1F201FB1C7CAE
:100ED00017460CF1300C08F801CDEEE7A8F101003F
:100EE00003702188090501D5452100E06521A0F1A5
:100EF000010800F8011C09980FA9A1EB0807FF1DC4
:100F000000B10120411901EBEA70A1693844081AC7
:100F1000401EA0612078C00602D42046FFF72CFBBB
:100F2000099828B1D4E901219047206A401C206229
:100F30002078C00622D52046FFF71EFB1EE0002EBB
:100F400004DBB34502DD01A8805D00E03020D4E978
:100F500001219047206A401C2062761CAAF1010002
:100F60005FEA000A0AD100F06BF8C0680168405CD3
:100F7000D4E901219047206A401C2062281EA5F177
:100F80000105DCDC07E0D4E9012118F8010B9047EA
:100F9000206A401C2062381EA7F10107F3DC2046BE
:100FA000FFF700FB032011B041E6000001694A1C75
:100FB00002610878704700B58FB0CDE9013100219A
:100FC000059105497944CDE9031011466846FFF7BC
:100FD0005FFB0FB000BD0000E5FFFFFF0A6802F8ED
:100FE000010B0A60704710B5436913B1AFF300807D
:100FF00001E0FFF7E8FA012010BD127800F12401AA
:101000000A7000224A700122EDE711684FF0FF32AA
:10101000E9E70000074B70B50D467B44FFF7CBFFB7
:101020000446284600F026F910B14FF0FF3070BD9D
:10103000204670BDDBA7000000487047D07101203A
:1010400000487047F071012000487047D0710120BE
:10105000034640688C46002818BF88423CBF0346C0
:101060004068F8D318681844884207D00CF1030090
:1010700020F00700001D411A521A0146081D0A609F
:10108000FFF7BCB930B5B0F10A024FEA900E71F12A
:1010900000034EEA817EB0EB0E0061EB91014FEA56
:1010A000101E4EEA017E10EB0E0041EB11114FEACB
:1010B000102E4EEA016E10EB0E0041EB11214FEAAB
:1010C000104E4EEA014E10EB0E0041EB114140185C
:1010D00041F100014FEAD00040EA41704FEAD101EE
:1010E00010EB80054FEA810444EA907444EB01045C
:1010F0006D1944EB0404521BA3414FF0000348BF99
:101100000A3200D530BD401C41F1000130BD000065
:101110002DE9F0411F46044603260168072A01F421
:10112000006004DB08B116A505E016A503E008B1D0
:1011300015A500E015A521F010002060A069C01ED3
:10114000A0610FB1401EA0612046FFF715FA4FB114
:10115000D4E9012138469047206A401C2062C01C17
:10116000206206E0206AFAE7D4E9012115F8010BB4
:101170009047761EF8D22046FFF714FABDE8F081BA
:101180004E414E006E616E00494E4600696E66002B
:101190002DE9F047814616468AB0354878440DC897
:1011A0008DE80D0032487844801C03AC0DC884E8FB
:1011B0000D0041F69B300844372190FBF1F290FB83
:1011C000F1F5A5F1800501FB12041B3C02D5644238
:1011D000012000E00020DFF898A080460027FA44B4
:1011E000AAF1BE0A0EE0E0070AD03246684607EBD5
:1011F000470101230AEB810100F04CFB8DE8070059
:1012000064107F1C002CEED1194F7F44AE3F19E0D3
:10121000E80715D007EB04100DF1180A90E80E004E
:101220008AE80E00C068F04201D198190890324651
:10123000012306A903A800F02DFB03AB83E80700F8
:101240006D10641C002DE3D14FF001033246694656
:10125000B8F1000F03A802D000F007FB01E000F096
:1012600019FBC9E90001C9F808200AB0BDE8F087F8
:1012700064FA0000007B00F08000704710B500F0B9
:1012800037F8BDE8104000F02EB87546FFF7D4FEE1
:10129000AE4605006946534620F00700854618B063
:1012A00020B5FFF769F8BDE820404FF000064FF089
:1012B00000074FF000084FF0000B21F00701AC468B
:1012C000ACE8C009ACE8C009ACE8C009ACE8C009AA
:1012D0008D46704710B50446AFF300802046BDE848
:1012E0001040FEF7D4BF002801D009F01ABA7047A9
:1012F00010B5012805D0002103A000F021F801203D
:1013000010BD09A1F8E7000053494752544D454D1F
:101310003A204F7574206F662068656170206D6596
:101320006D6F7279000000003A2048656170206D91
:10133000656D6F727920636F727275707465640089
:1013400070B505460C460A2000E06D1C09F0EAF96C
:1013500035B128780028F8D102E0641C09F0E2F9E0
:1013600014B120780028F8D1BDE870400A2009F0B7
:10137000D9B95FEA400C08BF91F0000F4FEA8C2307
:101380004FEAC12243EA51514FEA1C5018BF00F501
:10139000F0404FEA300018BF41F000415FEA6C5C5A
:1013A00000F02980BCF1FF3F08BF40F0804070474B
:1013B000130C06BF12044FF0100C4FF0000C130E6C
:1013C00004BF12020CF1080C130F04BF12010CF140
:1013D000040C930F04BF92000CF1020CD30F04BF56
:1013E00052000CF1010C11464FF00002A0F11F0059
:1013F000A0EB0C00704711F0004F08BF704731F0B0
:1014000000413FF4D5AF0B0C06BF09044FF0100CA0
:101410004FF0000C0B0E04BF09020CF1080C0B0F6F
:1014200004BF09010CF1040C8B0F04BF89000CF1FF
:10143000020CCB0F04BF49000CF1010CCCF12003CE
:10144000A0EB0C0022FA03F302FA0CF241EA0301CA
:1014500000F10100704720F07F4C80EA030023F088
:101460007F47ACEB070303F57C5300F0004003F12A
:10147000FF032DE980494FEA154B09B44FEA1443A5
:1014800025EA0B4E24EA03480FF2042606EB132745
:1014900049083E785FEA320203FB0667C7F500079A
:1014A00007FB06F64FEA54374FEAD64606F1020626
:1014B00007FB066CCCF1005C4FEA1C472CEA074C9A
:1014C00007FB06F40CFB06F504EB15464FEA9616EF
:1014D00034BF00204FF000404FEAD13706FB07FC35
:1014E0004FEA1C4C0CFB0BF7D21B03FB0CF761EB18
:1014F00007010CFB0EF7B0EB074072EB17420CFB39
:1015000008F734BFA2EB0742B2EB074261EB174189
:101510004FEA0C444FEA910706FB07FC4FEA1C4CCC
:101520000CFB0BF7B0EBC74072EB573203FB0CF729
:1015300034BFA2EBC742B2EBC74261EB57310CFBA1
:101540000EF7B0EBC70072EB57720CFB08F734BF15
:10155000A2EBC702B2EBC70261EB5771039F4FEAE0
:10156000816141EA921104EBCC044FEAD1374FEA92
:10157000826206FB07FC42EA90124FEA80604FEA63
:101580001C4C0CFB0BF7D21B03FB0CF761EB0701A8
:101590000CFB0EF7B0EB074072EB17420CFB08F7A1
:1015A00034BFA2EB0742B2EB074261EB17414FEAAF
:1015B0008C554FEA910704EB9C2406FB07FC4FEA8D
:1015C0001C4C0CFB0BF7B0EBC74072EB573203FB24
:1015D0000CF734BFA2EBC742B2EBC74261EB573105
:1015E0000CFB0EF7B0EBC70072EB57720CFB08F761
:1015F00034BFA2EBC702B2EBC70261EB577115EB28
:101600004C254FEA816141EA92114FEA82624FEA2A
:10161000D13742EA901206FB07FC44F100044FEA7E
:1016200080604FEA1C4C0CFB0BF7D21B03FB0CF742
:1016300061EB07010CFB0EF7B0EB074072EB1742B2
:101640000CFB08F734BFA2EB0742B2EB074261EB99
:10165000174115EB1C154FEA813141EA92414FEADF
:10166000823242EA90424FEA80304FEA0C7644F1EF
:10167000000448EA03434EEA0B484FF0000EB2EB79
:10168000080C71EB030724BF624639464EEB0E0E81
:101690004FF0000B0018524149414BEB0B0BB2EBE2
:1016A000080C71EB03077BF1000B24BF624639463F
:1016B0004EEB0E0E4FF0000B0018524149414BEB20
:1016C0000B0BB2EB080C71EB03077BF1000B24BF93
:1016D000624639464EEB0E0E51EA020718BF46F03D
:1016E000010616EB0E7655F1000254F1000103D508
:1016F000BDE88901BDE80088BDE88901BDE8004872
:10170000B619524141EB0101A3F1010370478080FA
:101710007F7E7D7C7B7A797877767675747372714B
:1017200071706F6E6E6D6C6C6B6A6A696868676603
:1017300066656464636362616160605F5F5E5E5D95
:101740005D5C5C5B5B5A5A59595858575756565509
:1017500055555454535352525251515050504F4F6B
:101760004F4E4E4D4D4D4C4C4C4B4B4B4A4A4A49BB
:1017700049494848484747474746464645454544FE
:101780004444444343434342424242414141002B8B
:101790009C4630D477002BD01CB54FEA370703B4F2
:1017A0004FF010004FF01001BAF1000F06D0BCF15D
:1017B000000FDCBF40F0080040F008014FF00000CF
:1017C0000FBCBDE810400BF1010BBBF1010F08BFCE
:1017D0005FEA170722BF12F1010211F101014FF078
:1017E000004143F1000300F0004043EA000070476D
:1017F000F9D35708D0E746EA064613F1400F4FEAFF
:1018000016461FDD13F1200FDFBF16430A460021E5
:1018100020335B42BED0C3F1200746EA064602FAF7
:1018200007F74FEA164646EA0706C3F1200722FAF1
:1018300003F201FA07F721FA03F14FF0000342EA3D
:101840000702A7E746EA020646EA06464FEA1646B8
:1018500046EA0106BCBF46EA0646360C4FF00003D6
:101860004FF000024FF0000194E72DE9804C9A46BA
:10187000934670B491E8380007C831EA400C48BF7D
:1018800034EA430C03D5FFF7E6FDFFF780FFF0BC19
:10189000BDE8008C2DE9804C9A46934670B491E8DF
:1018A000380007C810F0804F08BF13F0804F03D1F5
:1018B00000F005F8FFF76BFFF0BCBDE8008C20F0EE
:1018C0007F4780EA030023F07F4C07EB0C03A3F56E
:1018D0007C5300F00040A3F1FE0392F0000F00F0F3
:1018E000B38095F0000F00F077802DE901494FEAB1
:1018F00011404FEA144621EA004800FB06FC24EAA6
:10190000064708FB06F607FB08F800FB07F718EB8D
:1019100006484CEB164C4FEA124B18EB07484FEABF
:1019200015464CEB174022EA0B4E0BFB06FC25EA52
:1019300006470EFB06F607FB0EFE0BFB07F71EEB3A
:10194000064E4CEB164C4FF000061EEB074E4CEBD0
:10195000174B18EB0B0840F1000018EB0E0B58EB7F
:10196000000840F100008F1A4FF000013CBFC9434E
:10197000661B14BFB5EB040C00213CBFC943F61B2A
:101980004FEA17444EEA8E0E27EA04454FEA1C47F9
:1019900004FB07622CEA074C05FB07F70CFB05F676
:1019A00004FB0CFC16EB074642EB174216EB0C4609
:1019B00042EB1C421BEB060658EB0202414146EA91
:1019C0009E0601D5BDE80189B619524141EB0101DE
:1019D000A3F10103BDE801894FEA14454FEA11471D
:1019E00024EA054621EA074C05FB07F406FB07F746
:1019F0000CFB06F105FB0CFC11EB074144EB174413
:101A00004FEA124711EB0C4144EB1C4422EA074C0D
:101A100005FB07F206FB07F70CFB06F605FB0CFCC3
:101A200016EB074642EB174216EB0C4642EB1C4501
:101A30006A1854F1000148BF7047B619524141EB92
:101A40000101A3F10103704795F0000F37D04FEA71
:101A500011424FEA144721EA024624EA074C02FBEE
:101A600007F106FB07F70CFB06F402FB0CFC14EB7A
:101A7000074441EB17414FEA154714EB0C4441EB87
:101A80001C4125EA074C02FB07F506FB07F70CFB98
:101A900006F602FB0CFC16EB074645EB174516EB6A
:101AA0000C4645EB1C42121951F1000148BF70472A
:101AB000B619524141EB0101A3F1010370474FEA0E
:101AC00014454FEA114724EA054621EA074C05FB75
:101AD00007F106FB07F70CFB06F24FF0000605FBCB
:101AE0000CFC12EB074241EB174112EB0C4251EB9D
:101AF0001C4148BF7047921841EB0101A3F101035B
:101B0000704710B50146806B026C12F0500F05D083
:101B1000026CD20626D500F0C9FB10BD016C41F461
:101B20000071016401688A6812F0405F17D1027E7B
:101B3000AAB9CA6A12F4700F02D08A6852050ED48C
:101B40004A6822F020024A60016C21F4807101642D
:101B5000016CC90403D4016C41F00101016400F07F
:101B6000A3FB10BD806BC26CBDE810400846104757
:101B700010B5806B40210164416C41F00401416467
:101B800000F094FB10BD10B5806B00F08EFB10BD13
:101B9000464910B54A6822F440324A604A684368B0
:101BA0001A434A6001684A6822F480724A600168F8
:101BB0004A68036942EA03224A6001684A6822F0DF
:101BC00040724A6001684A6883681A434A60016843
:101BD0008A6822F400628A6001688A68C3681A43CE
:101BE0008A60816A6FF07062D14201688A6822F06F
:101BF00070628A6001688A680CD0836A1A438A60BE
:101C000001688A6822F040528A6001688A68C36A63
:101C10001A4301E022F040528A6001688A6822F08B
:101C200002028A6001688A68037E42EA43028A608F
:101C300090F82010002901684A680FD042F4006231
:101C40004A6001684A6822F460424A6001684A6852
:101C5000174C436A04EB43331A4301E022F4006259
:101C60004A600168CA6A22F47002CA620168CA6ADC
:101C7000838B104C04EB03531A43CA6201688A68D1
:101C800022F400728A6001688A6890F8303042EA73
:101C900043228A6001688A6822F480628A6001684F
:101CA0008A68406942EA8020886010BD00230140B4
:101CB00000E0FFFF0000F0FF4FF416724FF4AF6337
:101CC000904209DA914201DA44207047994201DDDD
:101CD0004220704743207047984209DD914201DA63
:101CE00046207047994201DD4820704747207047E1
:101CF000914201DA45207047994201DD4120704749
:101D0000492070476FF03B02904209DA914201DAB4
:101D1000442070473C2901DD422070474320704732
:101D20003C2809DD914201DA462070473C2901DD5B
:101D30004820704747207047914201DA452070479C
:101D40003C2901DD4120704749207047FEE710B56E
:101D5000C378002202219B1C03E0445C491C2244FE
:101D600092B28B42F9DCD043C0B210BD014800F002
:101D7000C1BC000090330020014800F0BBBC000053
:101D8000B0340020014800F0B5BC0000DC27002082
:101D9000014800F0AFBC000010350020014800F001
:101DA000A9BC00001C290020014800F0A3BC0000D1
:101DB000F0330020014800F09DBC000050340020AA
:101DC000014800F097BC00003C280020016818235F
:101DD000CAB2103AB2FBF3F2054B6FF30901032AC2
:101DE0009B5CC36500D9091D8165084670470000EA
:101DF000000A010810B5014600208B698A6A4FF07D
:101E0000C07453B1B3F5005F15D072B1012A0CD084
:101E1000022A0AD0032A09D104E01AB1012A06D005
:101E2000022A03D1C96AC90100D5012010BDC96ABF
:101E3000A142FAD010BD002AF7D0012AF2D0022A1E
:101E4000F3D0032AF3D010BD30B50468256825F41B
:101E500080252560046863608368402B036803D095
:101E600099600068C26030BD9A600068C16030BD92
:101E700070B504460020024604EB8001401CC1F806
:101E800084241028F8D300204FF400752118401C3A
:101E900081F81C22A842F9D3227062700120A07040
:101EA000C4F8C42420764021A171627684F81C24F1
:101EB00084F81D0484F81F2484F81E24294604F1A4
:101EC0001C00FEF741FD294604F50770FEF73CFDB6
:101ED000122104F22640FEF715FD3E2104F587602D
:101EE000FEF732FD002070BD704700000548016814
:101EF000C90405D581140160034800680AF0FCBFDD
:101F000070470000143C01405000002072B6FEE70C
:101F1000002229B101291AD002291BD04FF44072A6
:101F20000E490B6823F440730B600B6813430B607E
:101F30000A6822F0F8020A600A68022303EBC00074
:101F400002430A60086840F48030086070474FF42C
:101F50008072E5E74FF40072E2E70000103C0240B7
:101F60001348016889050FD5016821F400710160EB
:101F7000016841F400610160016821F400610160C1
:101F8000016841F400710160016849050FD50168DD
:101F900021F480610160016841F4805101600168B1
:101FA00021F480510160016841F480610160704753
:101FB000003C024008490A6822F440720A600A683C
:101FC00042F004020A600A684FF4803343EA0020BA
:101FD00002430A6070470000103C0240064A136842
:101FE00023F44073136013681360136843F0010314
:101FF0001360017070470000103C0240094910B5A1
:102000000C6824F440740C600C6844F440740C6058
:102010000C6844F001040C600260BFF36F8F4360F2
:1020200010BD0000103C0240074A136823F44073BF
:102030001360136843F480731360136843F0010363
:102040001360018070470000103C0240074A13688B
:1020500023F440731360136843F400731360136830
:1020600043F001031360016070470000103C024020
:1020700017490868C206174805D5C26942F0100220
:10208000C26110220A600A68920605D5C26942F050
:102090000802C26120220A600A68520605D5C26998
:1020A00042F00402C26140220A600A68120605D5A5
:1020B000C26942F00202C26180220A600A68920785
:1020C00005D5C26942F02002C26102200860704753
:1020D0000C3C02402436002070B511490446002013
:1020E000C86100F027FE05460E4E09E0601C07D0CF
:1020F00024B100F01FFE401BA04201D9032070BD97
:102100003068C003F2D43068C00701D001203060CD
:10211000306810F0F200F2D0FFF7AAFF012070BD86
:10212000243600200C3C024070B588B00D460446B1
:10213000164605A902A80BF0E1FE05A890EC030ADB
:1021400002A8D0EC031A09F073FBC4ED000A85ED78
:10215000000A86ED001A08B0012070BD78B5002491
:10216000009490F83C20012A19D0012280F83C20EC
:102170000A6807250368092A13D9DE680A3A02EBC0
:1021800042029540AE43DE600A788B680A3A02EB61
:10219000420293400268D5682B43D36010E00220CE
:1021A00078BD1E6902EB42029540AE431E610A787B
:1021B0008B6802EB42029340026815692B4313615E
:1021C0004A681F25072A13D203685E6B521E02EB72
:1021D00082029540AE435E630A8893B20A79521E2A
:1021E00002EB820293400268556B2B43536327E056
:1021F00003680D2A12D21E6BD21F02EB8202954099
:10220000AE431E630A8893B20A79D21F02EB8202A0
:1022100093400268156B2B43136311E0DE6A0D3A9D
:1022200002EB82029540AE43DE620A8893B20A79DD
:102230000D3A02EB820293400268D56A2B43D362C7
:10224000164B0568144A9D4206D10D68122D03D124
:10225000556845F48005556005689D4218D10B68A6
:10226000102B01D0112B13D1536843F4000353609A
:10227000096810290CD10A490A4A0968B1FBF2F130
:1022800001EB8101490000E0491E00910029FBD1CA
:1022900080F83C40002078BD002301400020014030
:1022A0007000002040420F0070477047704770B5C3
:1022B00004004FF0000603D0206C002510B107E0A9
:1022C000012070BD204600F01DF8656484F83C5084
:1022D000206CC00610D4206C20F4885040F002001E
:1022E00020642046FFF754FC6564206C20F0020057
:1022F00040F00100206400E0012684F83C503046A4
:1023000070BD000070B586B0064614216846FEF721
:102310001BFB1D493068884234D11C4800250168E8
:1023200041F480710160006800F4807005901748E6
:102330001438016841F0020101600068694600F04C
:1023400002000590012000900320CDE9010510480E
:1023500000F0FEFB104C0F48C4E900050015A56015
:10236000C4E90350400060618000A0614011C4E9ED
:1023700007052046656200F08DFA08B1FFF7C6FD3B
:10238000B463A66306B070BD00200140443802402B
:1023900000040240106402402827002018B50022E3
:1023A000009290F83C10012907D0012180F83C10E0
:1023B00001688B68DB0702D011E0022018BD8B6832
:1023C00043F001038B602E492E4B0968B1FBF3F1FA
:1023D00001EB410100E0491E00910029FBD1016899
:1023E0008B68DB0742D0036C40F20164A34343F4E3
:1023F000807303644B685B0505D5036C23F40053BD
:1024000043F480530364036CDB0404D5436C23F072
:102410000603436400E0426480F83C201A4A6FF0EF
:1024200022030B6051680068CA06184906D088422A
:1024300024D1816811F0405F13D01FE08842F8D0AA
:10244000134A904203D1D1F80423D206F1D0114AA5
:10245000904213D1D1F8041301F01F011029E8D3E1
:102460000CE0816841F08041816007E0016C41F03F
:1024700010010164416C41F001014164002018BD6C
:102480007000002040420F00002301400020014066
:102490000021014000220140F8B5002304460093CA
:1024A00090F83C00012807D0012084F83C00206807
:1024B0008568ED0702D011E00220F8BD856845F07F
:1024C000010585604048414D0068B0FBF5F000EB28
:1024D000400000E0401E00900028FBD12068856885
:1024E000ED0503D5856825F48075856020688568CD
:1024F000ED075FD0256C40F20166B54345F4807569
:1025000025644068400505D5206C20F4005040F457
:1025100080502064206CC00404D5606C20F006005C
:10252000606400E0636484F83C30A36B2948284D64
:10253000D863A36B28481864A36B2848D864236821
:102540006FF0220018602068436843F080634360A6
:102550002068836843F480738360134620680A46CA
:10256000A66B00F14C01304600F0FEF968681C498A
:10257000C006206806D0884224D1816811F0405FEF
:1025800013D01FE08842F8D0164A904203D1D1F808
:102590000423D206F1D0144A904213D1D1F8041387
:1025A00001F01F011029E8D30CE0816841F080415F
:1025B000816007E0206C40F010002064606C40F007
:1025C000010060640020F8BD7000002040420F0050
:1025D00000230140031B0008871B0008711B000833
:1025E00000200140002101400022014010B50400FC
:1025F00002D0607910B106E0012010BD00202071EA
:10260000204600F005F801206071002010BD000098
:1026100008B500680649884208D10648016841F4B7
:1026200080510160006800F48050009008BD0000F7
:1026300000300240303802402DE9F0410446876DF9
:1026400000F078FB054694F835000026022806D0F5
:102650008020606584F834600120BDE8F081206846
:10266000016821F0160101602068416921F08001B4
:102670004161206C08B9A06C20B12068016821F08C
:10268000080101602068016821F0010101600CE08F
:1026900000F050FB401B052807D92020606503206F
:1026A00084F8350084F83460D7E720680068C007F4
:1026B000EED194F85C103F208840B860012084F887
:1026C000350084F834600020C7E790F835100229FF
:1026D00003D08021416501207047052180F8351025
:1026E0000068016821F00101016000207047406D21
:1026F000704700002DE9F84304464FF00009CDF87B
:10270000009063484FF41651A56D0068B0FBF1F7D7
:102710002E6894F85C20082101FA02F030420FD0B4
:102720002068026852070BD5026822F0040202609A
:1027300094F85C008140A960606D40F00100606524
:1027400094F85C104FF0010808FA01F0304208D00C
:1027500021684969090604D5A860606D40F002004F
:10276000606594F85C1004208840304208D02168ED
:102770000968890704D5A860606D40F004006065B1
:1027800094F85C1010208840304218D02168096805
:10279000090714D5A86020680168490304D50068BA
:1027A000000308D5A16C07E00168C90503D40168DE
:1027B00021F008010160216C09B12046884794F896
:1027C0005C1020208840304231D021680968C90659
:1027D0002DD5A86094F8350005282068016806D03A
:1027E000490347D5006800031DD4616C1CE021F04B
:1027F000160101602068416921F080014161206C6F
:1028000008B9A06C20B12068016821F008010160BE
:1028100094F85C103F208840A86084F8358084F8E4
:102820003490216D1FE0E16B09B120468847606D4F
:1028300000282BD0606DC00714D0052084F8350027
:102840002068016821F0010101600098401C00909F
:10285000B84203D820680068C007F6D184F83580F4
:1028600084F83490E16C002910D001B02046BDE816
:10287000F04308470168C905D5D4016821F010016B
:10288000016084F8358084F83490CCE7BDE8F883A3
:10289000700000202DE9F041044600F04BFA054697
:1028A0005CB1022084F83500002684F8346020688A
:1028B000016821F0010101600DE00120BDE8F08117
:1028C00000F038FA401B052805D920206065032058
:1028D00084F83500F2E720680068C007F0D121686D
:1028E0000A6820480240D4E901031843D4E90335BB
:1028F0002B43184363691843A3691843E3691843DA
:10290000236A18431043626A042A03D1D4E90B23D3
:102910001A431043086020684069656A20F0070187
:1029200028460D43012704280CD1A06A0543E06A1C
:1029300040B12046FFF75EFA20B14020606584F880
:102940003570BAE7206845612046FFF73FFA94F8F2
:102950005C203F2191408160666584F835700020DD
:10296000ACE700003F8010F02DE9F0410446866D91
:1029700090F83400002501280DD0012084F834009F
:1029800094F835700020012F07D084F83400022518
:102990002846BDE8F0810220FBE7022784F8357065
:1029A00060652046FFF750FA94F85C103F2088409D
:1029B000B0602068016841F016010160206C20B110
:1029C0002068016841F0080101602068016841F059
:1029D00001010160DCE7000070B5044600F0AAF9CF
:1029E0000546601C02D004480078044400F0A2F9B7
:1029F000401BA042FAD370BD740000202DE9F047BF
:102A0000044622480E46017E01290AD00121804653
:102A100001764CF250394846FFF75EFB020003D0C6
:102A20002FE00220BDE8F0874FF0FF3030602068D3
:102A3000174F012801D0A5681CE0207C6168FFF7D2
:102A4000B9FA4846FFF748FB0246386820F0040010
:102A5000386014E0217C2846FFF75AFA4846FFF711
:102A60003BFB0200386820F0FA00386001D0356086
:102A700005E06D1CD4E902100844A842EAD8FFF72B
:102A80006FFA002188F818101046CBE72436002092
:102A9000103C02400348016841F000410160002001
:102AA00070470000103C02402DE9F0471B4E0546E0
:102AB0001446307E1F468946012808D00120307612
:102AC0004CF250384046FFF707FB18B114E00220E3
:102AD000BDE8F0879DB1012D16D0022D19D02246F8
:102AE0003B464846FFF78AFA4046FFF7F5FA0C499D
:102AF0000A6822F001020A6000213176E8E7E1B2BB
:102B00004846FFF76BFAEFE7A1B24846FFF78CFAA9
:102B1000EAE721464846FFF799FAE5E72436002020
:102B2000103C0240074900200A68002A09DA054AD9
:102B3000054B0C3A1360054B13600968002900DA55
:102B400001207047103C024023016745AB89EFCD5F
:102B50002DE9F84FDFF89C910022A9F1040B03271F
:102B60004FF00F0C09F1040AABF1040E01250B68BC
:102B700095402B40AB426ED10C7904F00304012C3C
:102B800001D0022C15D18668540007FA04F826EA11
:102B90000806D1F80C8008FA04F848EA0608C0F8DC
:102BA00008804468AC430D79C5F300159540254372
:102BB00045600C79E443A40708D0C568540007FABF
:102BC00004F6B5438E68A6402E43C6600C7904F027
:102BD0000304022C11D1D40800EB8406356A540793
:102BE000E40E0CFA04F825EA0805D1F8108008FA7A
:102BF00004F848EA0508C6F820800568540007FA7A
:102C000004F6B5430E7906F00306A6402E4306608F
:102C10004C6814F4403F66D0374C256845F4804535
:102C20002560246822F0030504F480440094334CAA
:102C300005EB0408D8F808589407260F0CFA06F498
:102C4000A5432F4CA04201D1002424E02D4CA042EA
:102C500002D101241FE046E02B4CA04201D1022406
:102C600019E02A4CA04201D1032414E0284CA042D0
:102C700001D104240FE0274CA04201D105240AE031
:102C8000254CA04201D1062405E0244CA04201D1EC
:102C9000072400E00824B4402C43C8F80848D9F8B9
:102CA00000404D464E689C43F60200D51C432C6004
:102CB000DAF8004055464E689C43B60200D51C43E6
:102CC0002C60DBF800405D464E689C43B60300D59F
:102CD0001C432C60DEF8004075464E689C43F603AA
:102CE00000D51C432C60521C102AFFF43FAFBDE8F6
:102CF000F88F0000083C0140443802400030014099
:102D0000000002400004024000080240000C0240A3
:102D1000001002400014024000180240001C024053
:102D20000069084000D0012070470AB181617047F6
:102D30000904FBE701488068704700007400002028
:102D4000D0F8DC0305F0BCBDD0F8DC0305F0CEBD47
:102D5000006806F06FBA006806F070BAC1EB0111A6
:102D600000EB8100002200F81A2F4270C2728272BA
:102D700010467047C1EB011100EB810090F84C0048
:102D80007047C1EB011100EB8100806B704710B5FB
:102D9000044690F8D403012809D0012084F8D40314
:102DA000206806F056FA002084F8D40310BD0220F3
:102DB00010BD2DE9FF4F83B00546DDE9117690F88F
:102DC000D403DDF8408093468A4601281CD0CAEB24
:102DD0000A10012305EB800485F8D4334FF0000975
:102DE00084F819900698207584F815A084F8267048
:102DF0000BF07F00A07551462846FFF7AFFF5FEA52
:102E00000B6005D5E37505E0022007B0BDE8F08F43
:102E100084F81790286806F011FA012F06D1B8F14E
:102E2000010F03D110B9BC2E00D9BC2684F818803C
:102E3000B0B22085CDF80080CDE9017028685A46EF
:102E40005146069B06F070FA85F8D493DDE7D0F87A
:102E5000DC0305F0C5BD2DE9F0030E46DDE906C92A
:102E6000DDE90874C1EB061100EB81010225CA758A
:102E700081F82630BCF1000F0AD081F82A500024D6
:102E800063B1012B31D0022B28D0032B16D125E0C2
:102E90004FF0030881F82A804C76F0E7BCF1010F6F
:102EA0000CD11AB18A7E012A19D007E0D7B90122C4
:102EB00081F83D2000E0C2B181F82A50C1F82C9081
:102EC0004F6381F84C408C634E7581F84D40827998
:102ED0000068BDE8F003143106F0B6BA12B191F8FB
:102EE0003C20E8E791F83D20E5E781F82A40E5E756
:102EF0002DE9F04104460068064606F0A6F90128CF
:102F000076D1206806F05AFC002871D0206806F0BF
:102F100055FC800203D521684FF4001048612068F9
:102F200006F04CFCC00203D521684FF480104861C4
:102F3000206806F043FC400103D521684FF0806013
:102F40004861206806F03AFC800702D5216802201B
:102F50004861206806F032FC800018D521684FF0E7
:102F600000504861D6F84004C00710D11021304607
:102F700006F042F9304606F023F9607A022803D1C0
:102F80000121206806F0F6FB2046FFF7DDFE2068F1
:102F900006F014FCC00102D5204602F096FD206820
:102FA00006F00CFC000705D5204600F0C0F82168AB
:102FB00008204861206806F001FC800123D52068C4
:102FC00006F03EFA074600254FF0010814E005F030
:102FD0000F0108FA01F038420DD006EB4510D0F889
:102FE0000005E9B20004204603D502F03DFA02E0F4
:102FF0001CE002F0F7FB6D1C6079A842E7D821685D
:103000004FF000704861206806F0D8FBC043C0064E
:103010000CD42068816921F010018161204602F002
:103020009EFD2068816941F010018161BDE8F08159
:10303000F8B5040005D094F8D5032568002610B132
:1030400006E00120F8BD84F8D463204600F028F89B
:10305000032084F8D503B5F1A04F00D1A6712068F4
:1030600006F07AF8207C8DF8000094E80F0006F056
:1030700013F8022560B90121206806F0DBFB38B99E
:10308000207C8DF8000094E80F0006F00BFB10B1D7
:1030900084F8D553D5E7012084F8D5030020F8BD86
:1030A00010B586B0044614216846FDF74DFC17495B
:1030B0002068884227D1164C0020216841F0020187
:1030C0002160216801F0020105914FF44041009117
:1030D0000221CDE90110032003900C2004906946E1
:1030E0000C48FFF735FD206840F000502060206854
:1030F000002200F00050059005214D2000F0A8FBB3
:103100004D2000F097FB06B010BD00000000044009
:103110003038024000040240D0F8DC0305F07DBCEA
:10312000D0F8DC0305F07DBC006806F06ABBD0F87F
:10313000DC0305F01BBC10B5044690F8D40301284D
:103140000DD0012084F8D4030121206806F01CF87A
:10315000206806F02FF8002084F8D40310BD022068
:1031600010BD10B5044690F8D403012809D0012001
:1031700084F8D403206806F08BFB002084F8D40385
:1031800010BD022010BD000070B5040025D094F8D9
:103190003D00002520B984F83C50204600F052FA4A
:1031A000242084F83D002068016821F001010160BD
:1031B0002068016841F4004101602068016821F441
:1031C0000041016000F038FC4D4B6168994201D824
:1031D0004C4900E04C49884201D2012070BD4B4966
:1031E0002268B0FBF1F1566826F03F060E435660A8
:1031F00062689A4206D94FF4967251434FF47A723C
:10320000B1FBF2F12268491C166A26F03F063143F1
:1032100011626168994210D84900401EB0FBF1F27A
:10322000521CC2F30B02042A01D2042022E0B0FB9C
:10323000F1F0401CC0F30B001CE0A268F2B301EBFC
:10324000C10303EB0116431EB3FBF6F35B1C43F40F
:1032500080431B0549D092B301EBC10202EB01117F
:10326000401EB0FBF1F0401CC0F30B0040F4804066
:1032700040F400402168CA694CF6FF739A4310433A
:10328000C861D4E9071001432068026822F0C00237
:1032900011430160D4E9030101432068826848F2C8
:1032A000FF339A4311438160D4E90510014320683C
:1032B000C26822F0FF021143C16001E00EE016E097
:1032C0002068016841F0010101602564202084F834
:1032D0003D00256384F83E50002070BD01EB41069F
:1032E000431EB3FBF6F35B1CB3E70120C2E701EB1F
:1032F0004101401EB0FBF1F0401CC0F30B00B7E7EA
:10330000A086010080841E0000093D0040420F009D
:103310002DE9FF4F83B09A46DDE9118793460446B5
:10332000DDF84090FFF706FD054694F83D002028A3
:1033300070D11923012274492046009502F067FDDF
:103340000028F5D194F83C00012863D0012084F8CE
:103350003C0020680168C90703D1016841F0010100
:1033600001602068016821F400610160222084F876
:103370003D00402084F83E0000262664C4F82490D6
:10338000A4F82A80608D20856048E062CDE9007550
:1033900053465A462046049902F03CFC002879D155
:1033A000208DD0B1012821D00228206824D0416985
:1033B00080690090208D032866D801282BD05449BD
:1033C00002283B464FF00002009557D08846204621
:1033D00002F01DFD00285DD13AE020684169816955
:1033E0000091016841F4007101607DE0206801688E
:1033F00021F480610160F0E7016821F480610160DF
:103400002068016841F400610160206841698069B9
:10341000009069E075E02A463946204602F098FDA2
:1034200088BB54E02068016841F4007101602068A5
:103430000069616A0870606A401C6062218D491EE3
:103440002185618D491E618521680969017042E00D
:103450002068016821F48061016020680069616A68
:103460000870606A401C6062208D401E2085608D5F
:10347000401E60853B46002241460095204602F0F2
:10348000C6FC00B9CEE705E02A463946204602F0E0
:103490005FFD18B1012007B0BDE8F08F206800691A
:1034A000616A0870606A401C6062208D401E81B2B3
:1034B0002185608D401E608520684269D243520795
:1034C00012D4032903D1016821F4806101602068CE
:1034D0000069616A0870606A401C6062208D401E4D
:1034E0002085608D401E6085208D00287FF462AFAE
:1034F000202084F83D0084F83E6084F83C60002081
:10350000C9E70220C7E70000020010000000FFFF2B
:10351000040001002DE9FF4F83B09A46DDE91197C1
:1035200093460446DDF84080FFF704FC054694F816
:103530003D0020287FD119230122404920460095D3
:1035400002F065FC002876D194F83C00012872D086
:10355000012084F83C0020680168C90703D1016894
:1035600041F0010101602068016821F400610160FF
:10357000212084F83D00402084F83E000026266487
:10358000C4F82480A4F82A90608D20852C48E0623D
:10359000CDE9007553465A462046049902F0B8FB1F
:1035A00070B930E02A463946204602F00BFD58B18A
:1035B000206C042804D12068016841F40071016086
:1035C000012007B0BDE8F08F606A216800780861CB
:1035D000626A521C6262208D401E80B22085618D1D
:1035E000491E618521684B69DB435B070BD468B1D9
:1035F00010780861606A401C6062208D401E208542
:10360000608D401E6085208D0028CBD12A4639462A
:10361000204602F0D1FB0028CAD154F83D0B0168C6
:1036200041F400710160202004F81E09E6776677F6
:103630000020C6E7FFE70220C3E7000002001000F9
:103640000000FFFF2DE9F04387B0044614216846CF
:10365000FDF77AF92D492068884254D12C4800257D
:10366000016841F0020101600068694600F0020053
:1036700005904FF4406000901220019001200290CC
:1036800003200390042004902248FFF761FA2048A9
:103690001030016841F48001016000681F4E00F4A1
:1036A000800005901C4830604FF06067C6E90175E6
:1036B0004FF48068C6E9035875614FF44039B5612D
:1036C000C6E9075930467562FFF7E4F808B1FEF71E
:1036D0001DFCA663B463114E0F4860367830E6E8EF
:1036E00002074020A6E821010C4846F81459603032
:1036F000B561C6E907597562FFF7CCF808B1FEF766
:1037000005FC6663B46307B0BDE8F0830058004071
:10371000303802400004024040600240DC270020B4
:10372000024881680278114481607047740000206B
:103730000B4810B5016841F400710160016841F463
:1037400080610160016841F480710160032000F034
:103750009FF8002000F006F800F050F8002010BD9F
:10376000003C024030B505461F4887B00024016880
:1037700041F480710160006806A900F48070059032
:10378000684600F039F90398A8B100F055F94000F7
:103790001649174AB0FBF1F11648491E026040F283
:1037A000E732C0E90324C0E90114846100F0A6FCFB
:1037B000040003D015E000F03FF9E9E70D4800F000
:1037C00041FD04000DD12D2000F034F8102D07D25A
:1037D000002229462D2000F03BF80748056000E054
:1037E000012407B0204630BD4038024040420F005F
:1037F0000020004070350020780000200C4882B086
:10380000016841F480410160006800F4804000904C
:103810000748001F016841F08051016000680022E4
:1038200000F0805000900F21901E02B000F010B800
:1038300044380240002809DB00F01F0201219140BA
:103840004009800000F1E020C0F80011704700003E
:10385000F0B40E4B1B68C3F30223C3F10704042C1E
:1038600000D904241D1D072D01D2002300E0DB1E1A
:10387000012606FA04F56D1E0D409D409E40761E01
:10388000164045EA0601F0BC06F086B80CED00E0F3
:10389000064A00F0070110684FF6FF03184040EA9F
:1038A0000120034908431060704700000CED00E060
:1038B0000000FA05704700002DE9F0470D460400AE
:1038C00065D0DFF81491D9F80000EFB200F00700DE
:1038D000A84207D289F80070D9F8000000F007006C
:1038E000A84254D120683D4E810712D5400703D528
:1038F000306840F4E05030602078000703D530682D
:1039000040F4604030603068A16820F0F000084367
:1039100030602078C0072DD0304960680839012810
:1039200012D0022813D0032811D009688907002972
:103930002DDA316821F0030101433160FFF7FAF914
:10394000804641F2883A0EE009688903EFE709688A
:103950008901ECE7FFF7EEF9A0EB0801514502D928
:103960000320BDE8F0873068616800F00C00B0EB20
:10397000810FEFD1D9F80010484601F00701A942A4
:1039800007D90770006800F00700A84201D00120A5
:10399000E7E72078400705D53068E16820F4E0507B
:1039A000084330602078000706D53068216920F48C
:1039B000604040EAC100306000F05EF83168084ABB
:1039C000C1F30311515CC84006490860064800680D
:1039D000FFF7C8FE0020C4E7003C02400838024060
:1039E000E80901087000002078000020014901204A
:1039F000C8647047000047420F2202600C4A1368F7
:103A000003F003034360136803F0F003836013685B
:103A100003F4E053C36012684FF4E05303EAD202A8
:103A200002610448006800F0070008607047000069
:103A300008380240003C0240044805490068096813
:103A4000044AC1F38221515CC840704770000020D5
:103A500008380240F8090108044805490068096867
:103A6000044AC1F34231515CC840704770000020E5
:103A700008380240F8090108104810B5006810F035
:103A80000C010F4818D0042916D0082914D10B4C6A
:103A9000241F216801F03F02216821680023C1F33F
:103AA0008811A1FB0001FCF7D0FC2168C1F30141A2
:103AB000491C4900B0FBF1F010BD0000083802407D
:103AC0000024F400054810B50068000605D5FFF78E
:103AD000F1FE02498020891C087010BD0C3802409C
:103AE0002DE9F84F040075D02078DFF838A3C0071F
:103AF000AAF1040548D00AF104000168C1F381016C
:103B0000012908D00068C0F3810002280AD1DAF840
:103B10000000400206D52868800335D5606800287B
:103B2000E1D031E06068B0F5803F10D0B0F5A02F53
:103B3000286810D020F480302860286820F4802085
:103B400028606068A0B1FFF7F5F806460CE0286829
:103B500040F48030F4E740F480202860F7E7FFF776
:103B6000E9F8801B642871D828688003F7D50BE03A
:103B7000FFF7E0F8064604E0FFF7DCF8801B642856
:103B8000F1D828688003F7D42078DFF89C9280076A
:103B90004FF0000B3DD5A348001D016811F00C0F3C
:103BA00008D00068C0F3810002280AD1DAF80000CA
:103BB000400206D42868800715D5E068012809D19D
:103BC00011E0E068B8B10120C9F80000FFF7B2F8D1
:103BD000064605E022E1FFF7ADF8801B0228C2D8B7
:103BE00028688007F7D52868216920F0F80040EAA6
:103BF000C10028600DE0C9F800B0FFF79BF8064649
:103C000004E0FFF797F8801B02281FD82868800778
:103C1000F7D42078000722D5824F84486169703735
:103C200071B101210160FFF785F8064604E0FFF756
:103C300081F8801B022809D838688007F7D50EE084
:103C4000C0F800B0FFF776F8064605E082E0FFF71F
:103C500071F8801B02287DD838688007F7D4207857
:103C6000400765D56F484FF000083C300068C00041
:103C70000BD46C483C30016841F080510160006811
:103C80004FF0010800F080500090694F3868C0057F
:103C90000FD4386840F480703860FFF74BF8064660
:103CA00004E0FFF747F8801B022853D83868C005A6
:103CB000F7D55C4FA0686C3701280FD0052838680D
:103CC00010D020F001003860386820F0040038601F
:103CD000A068B0B1FFF72EF806460EE0386840F055
:103CE0000100F4E740F004003860F7E7FFF722F83E
:103CF000811B41F28830814263D838688007F5D54E
:103D00000DE0FFF717F8064606E0FFF713F8811BF2
:103D100041F28830814254D838688007F5D4B8F130
:103D2000000F05D03F483C30016821F08051016010
:103D3000A069B8B33B49091D0968C1F38101022993
:103D400046D00228584606D0C9F86000FEF7F2FFB8
:103D5000044639E035E04F46C9F86000FEF7EAFF57
:103D6000064604E0FEF7E6FF801B022829D82868F3
:103D70008001F7D4D4E907010843A16A2D4A490814
:103D800002EB0141626A41EA8211084394F82C1067
:103D900040EA0161CAF8001001203866FEF7CAFF48
:103DA000044605E03CE0FEF7C5FF001B022808D8EA
:103DB00028688001F7D533E0FEF7BCFF001B02281E
:103DC00002D90320BDE8F88F28688001F4D427E0E9
:103DD0000128F7D0DAF80000E26900F4800191428E
:103DE0001CD1226A00F03F01914217D147F6C07101
:103DF000626A0140B1EB821F10D1A26A4FF0FF331B
:103E000000F4403103EB5202B1EB024F06D194F8BB
:103E10002C1000F07060B0EB016F01D00120D1E7F1
:103E20000020CFE70438024000004742800E47429E
:103E3000007000400000FFFF7047704770B504003D
:103E400009D0606A002540B125616561A56294F8DA
:103E5000510040B120E0012070BD6068B0F5827F64
:103E6000F4D0E561F2E784F850502D48A0652D4864
:103E7000E0652D4820662D4860662D48A0662D48D7
:103E8000E0662D4820672D486067A06F08B92C4870
:103E9000A067014620468847022084F85100206828
:103EA000016821F040010160A088218900F482703E
:103EB00001F404410843A18901F400610843217C15
:103EC00001F002010843217D01F001010843218B2B
:103ED00001F400710843217F01F03801084394F890
:103EE000201001F080010843218D01F400510843A6
:103EF00021680860A069042101EA104094F82410A8
:103F000001F010010843216848602068C16921F46C
:103F10000061C1616565012084F85100002070BD19
:103F200009400008054000080D4000080B4000084B
:103F3000074000080F4000083B3E0008393E0008DB
:103F4000453F00082DE9F04186B006461421684639
:103F5000FCF7FAFC25493068884243D12448002503
:103F6000016841F4804101600068214900F480400B
:103F700010390590086840F004000860086800F0F7
:103F800004000590086840F00200086008680224F8
:103F900000F002000590082003274FF005088DE887
:103FA000B10169461348FEF7D3FD20038DE8B10146
:103FB00069461148FEF7CCFD114C1048C4E90005D4
:103FC0004020C4E902050001C4E90405A561E561DA
:103FD000256220466562FEF75DFC08B1FDF796FF9D
:103FE000B464A66306B0BDE8F0810000003800406C
:103FF0004038024000080240000402407060024065
:104000001C29002070477047704770477047704701
:1040100070477047704710B590F83C20012A22D0B5
:10402000012280F83C20CA688C6822F44072224346
:104030004C6822F4806222430C6822F4006222431E
:104040000C6922F4805222434C6922F4005222432C
:10405000C969002322F480420A4301684A6480F857
:104060003C30002010BD022010BD000070B590F85B
:104070003C20012A32D0012580F83C50022280F8F1
:104080003D2002685368946823F070060B68334340
:104090005360134B02689A4214D0B2F1804F11D092
:1040A000104B9A420ED0104B9A420BD00F4B9A42B3
:1040B00008D00F4B9A4205D00E4B9A4202D00E4BBD
:1040C0009A4204D1496824F080031943916080F832
:1040D0003D50002180F83C10084670BD022070BDA4
:1040E000000001400004004000080040000C0040B7
:1040F00000040140004001400018004010B50400D9
:1041000003D094F83D0010B10EE0012010BD002056
:1041100084F83C00204603F091F9A06C08B91148DE
:10412000A064014620468847022084F83D00211DF6
:10413000206803F035F8012084F8460084F83E003A
:1041400084F83F0084F8400084F8410084F842007D
:1041500084F8430084F8440084F8450084F83D0066
:10416000002010BD6941000808B500682D4A2E499D
:10417000904207D1086840F001000860086800F02C
:1041800001000BE0284A294B121F984208D1106801
:1041900040F020001060106800F02000009008BD82
:1041A000234B984207D1086840F4803008600868C3
:1041B00000F48030F2E71F4B984207D1086840F4C2
:1041C00000300860086800F40030E7E71A4B9842B6
:1041D00007D1086840F480200860086800F4802057
:1041E000DCE71649884211D1106840F040001060A9
:1041F0001068002200F04000009005212B20FFF7FE
:1042000027FBBDE808402B20FFF714BB0C49884270
:10421000C5D1106840F080001060106800F0800088
:10422000BCE7000000000140443802400014004098
:104230000040014000440140004801400018004097
:10424000001C004090F83D10012901D0012070476A
:10425000022180F83D100168CA6842F00102CA607C
:1042600000681149884214D0B0F1804F11D00F4935
:1042700088420ED00E4988420BD00E49884208D0A1
:104280000D49884205D00D49884202D00C49884228
:1042900004D1816801F00701062903D0016841F0CB
:1042A000010101600020704700000140000400404F
:1042B00000080040000C00400004014000400140A4
:1042C0000018004070B5044690F83C000025012815
:1042D00017D0012684F83C60022084F83D00206855
:1042E000826822F0770222F47F42826008685028B8
:1042F00038D00DDC20284FD005DC90B3102811D128
:104300004AE0022070BD302846D040280AD13BE068
:1043100060282FD070280DD0B0F5805F03D0B0F5A5
:10432000005F12D0012584F83D60002084F83C0035
:10433000284670BDCB68D1E90121206802F0A9FFB1
:104340002068816841F0770109E0CB68D1E901215B
:10435000206802F09EFF2068816841F480418160FE
:10436000E1E719E0CA684968206803F09DF8502128
:10437000206806E0CA684968206803F0A6F8602152
:10438000206802F090FFCEE7CA684968206803F011
:104390008BF840212068F4E7226801461046F0E7D8
:1043A0002DE9F0410D46040003D094F83D0018B10A
:1043B0000FE00120BDE8F081002084F83C00204699
:1043C00003F03CF8206F08B92248206701462046D8
:1043D0008847022084F83D002068816844F2070283
:1043E00091438160211D206802F0DAFE2068816817
:1043F0008269066A2B68AF690B4340F203318A4336
:1044000042EA0722A968EF6911434FF6FC42914343
:10441000EA6841EA07210A4329692F6A090141EA4A
:10442000073717436A686D6926F0AA0141EA05114A
:104430000A4383602068876154F8460B02620120BA
:1044400004F81F09E0752076E0762077A07500203B
:10445000B0E7000059440008F0B587B004461421C5
:104460006846FCF771FA55492068544A103902250C
:1044700001240326524B534F4FF0000CB0F1804FF4
:1044800026D0DFF844E1704556D1106840F00200B4
:104490001060106800F002000590086840F002000B
:1044A00008600868694600F00200059030208DE839
:1044B0002110CDE903653846FEF74AFB00220521AD
:1044C0001D20FFF7C5F91D20FFF7B4F907B0F0BDB7
:1044D000106840F001001060106800F001000590C5
:1044E000086840F001000860086800F001000590CD
:1044F000086840F0020008600868694600F00200A1
:1045000005904FF400400090CDE90154CDE90364DB
:104510001846FEF71DFB08200090CDE90154CDE9B7
:10452000036469463846FEF713FB002205211C2070
:10453000FFF78EF91C20C7E7DFF890E070451FD128
:10454000106840F004001060106800F0040005904E
:10455000086840F0020008600868694600F0020040
:104560000590C0208DE82110CDE903C53846FEF73F
:10457000EFFA002205211E20FFF76AF91E20A3E7AB
:10458000134FB842A2D1106840F0080010601068C4
:1045900000F008000590086840F001000860086815
:1045A000CDE9006500F00100CDE90450CDE90246F7
:1045B00069461846FEF7CCFA88E70000403802400A
:1045C00000000240000402400004004000080040D7
:1045D000000C004070B590F83E50044690F83F3013
:1045E00090F8422090F84300022621B104290BD014
:1045F000012D16D10FE0012D13D1012A11D184F81C
:104600003E6084F8426016E0012B0AD1012808D1EF
:1046100084F83F600DE0012B03D1012A01D101286C
:1046200001D0012070BD84F83E6084F83F6084F8BA
:10463000426084F8436091B1042904D00122002132
:10464000206802F019FE01220421206802F014FE05
:104650002068016841F001010160002070BD012265
:1046600000212068F2E77047704770472DE9F0415C
:1046700004460068C66805694FF00007A90715D50C
:10468000B10713D5F91E01610120207720688069E8
:10469000800702D0D4F8901005E0D4F89810204696
:1046A0008847D4F89C10204688472777680718D594
:1046B000700716D521686FF004000861022020778A
:1046C0002068806910F4407F02D0D4F8901005E093
:1046D000D4F8981020468847D4F89C102046884784
:1046E0002777280717D5300715D521686FF0080000
:1046F0000861042020772068C069800702D0D4F8C0
:10470000901005E0D4F8981020468847D4F89C1003
:10471000204688472777E80618D5F00616D5216881
:104720006FF010000861082020772068C06910F43D
:10473000407F02D0D4F8901005E0D4F898102046BD
:104740008847D4F89C10204688472777E80709D087
:10475000F00707D021686FF001000861D4F88010DD
:1047600020468847280609D5300607D521686FF00E
:1047700080000861D4F8B01020468847680609D543
:10478000700607D521686FF040000861D4F88810E2
:1047900020468847A8060BD5B00609D521686FF0DA
:1047A000200008612046D4F8A810BDE8F041084771
:1047B000BDE8F08170B586B0044614216846FCF768
:1047C000C3F8294D21680023284A02242848A94219
:1047D00011D1116841F0100111601168029301F0CC
:1047E000100105914FF4D441CDE900140121CDE928
:1047F000034169460DE01F4E0325B1420DD11168FA
:1048000041F010011160116801F010010591602163
:1048100010E0FEF79DF906B070BD174E1748B14283
:104820000FD1116841F002011160116801F002011D
:10483000059181150091CDE90143CDE90335694624
:10484000E7E70F4EB142E6D1116841F00201116075
:10485000116801F0020105917115CDE9001402AE55
:10486000694686E83800D4E700000140303802404D
:10487000001002400040014000440140000402409A
:104880000048014070B5044690F83C00002501281E
:104890000FD0012084F83C006AB1042A0FD0082A06
:1048A00011D00C2A13D00125002084F83C002846A2
:1048B00070BD022070BD206802F0FEFCF4E72068A5
:1048C00002F02AFDF0E7206802F05CFDECE72068CA
:1048D00002F08CFDE8E7704710B5040003D094F8AF
:1048E0003D0010B10EE0012010BD002084F83C0016
:1048F000204602F0A3FDA06D08B91148A06501464D
:1049000020468847022084F83D00211D206802F0DF
:1049100047FC012084F8460084F83E0084F83F00FC
:1049200084F8400084F8410084F8420084F8430091
:1049300084F8440084F8450084F83D00002010BD50
:1049400045490008704770B5044690F83C000026C1
:104950000D4601280FD0012084F83C006AB1042ADA
:104960001DD0082A2FD00C2A3FD00126002084F821
:104970003C00304670BD022070BD206802F09CFCF7
:104980002068816941F0080181612068816921F016
:1049900004018161206881692A69114311E020685E
:1049A00002F0BAFC2068816941F4006181612068ED
:1049B000816921F480618161206881692A6941EA05
:1049C00002218161D2E7206802F0DCFC2068C16925
:1049D00041F00801C1612068C16921F00401C16191
:1049E0002068C1692A69114311E0206802F0FEFCC9
:1049F0002068C16941F40061C1612068C16921F486
:104A00008061C1612068C1692A6941EA0221C161EE
:104A1000ACE7000010B5040003D094F83D0010B1DD
:104A20000EE0012010BD002084F83C00204602F07A
:104A300005FD206E08B911482066014620468847CA
:104A4000022084F83D00211D206802F0A9FB01200E
:104A500084F8460084F83E0084F83F0084F8400063
:104A600084F8410084F8420084F8430084F844004C
:104A700084F8450084F83D00002010BD814A0008FC
:104A8000704770477047000010B5044649B10429CB
:104A90000AD008290BD094F8410001280AD001203F
:104AA00010BD94F83E00F8E794F83F00F5E794F85D
:104AB0004000F2E70220B1B3042938D0082939D0E8
:104AC00084F841000122206802F0D6FB1B492068CF
:104AD0001B4A884201D0904203D1436C43F4004307
:104AE00043642068884213D0B0F1804F10D015493C
:104AF00088420DD0144988420AD01449884207D010
:104B0000904205D01249884202D01249884204D10D
:104B1000816801F00701062903D0016841F0010115
:104B20000160002010BDFFE784F83E00CAE784F86A
:104B30003F00C7E784F84000C4E7000000000140E0
:104B4000000401400004004000080040000C004048
:104B5000004001400018004030B504460D46006892
:104B6000002202F089FB194941F2111220689310CA
:104B7000884202D01649884209D1016A114206D101
:104B8000016A194203D1416C21F40041416420685B
:104B9000016A114206D1016A194203D1016821F06C
:104BA0000101016001203DB1042D08D0082D09D07C
:104BB00084F84100002030BD84F83E00FAE784F814
:104BC0003F00F7E784F84000F4E7000000000140F0
:104BD0000004014000680349884201D1FEF7A0BDEE
:104BE000704700000020004070477047704738B59C
:104BF000044690F84200202801D0022038BD51B16F
:104C00004AB10120206300206063204602F062FE6A
:104C1000010002D005E0012038BD206B012802D040
:104C20000121084638BD206802684068009020686D
:104C30000C3050E8002F42F0100240E80023002B17
:104C4000F5D1EEE77047704770B5044620680C3028
:104C500050E8001F21F4907140E80012002AF5D1BD
:104C60002068143050E8001F21F0010140E80012D4
:104C7000002AF5D1206B012809D120680C3050E8BA
:104C8000001F21F0100140E80012002AF5D1206831
:104C900040694FF00005400615D52068143050E8F3
:104CA000001F21F0400140E80012002AF5D1E06B1E
:104CB00048B10565E06BFDF7BFFC20B1E06BFDF787
:104CC00016FD202806D0E585202084F842002563C3
:104CD000002070BD10206064032070BD70477047D5
:104CE00070470000F8B5016804460868CA684B6957
:104CF00010F00F0F4FF0000556D003F0010602F43C
:104D00009077374361D0C10705D0D10503D5616CD9
:104D100041F001016164410705D5D90703D0616CF9
:104D200041F002016164810705D5D90703D0616CA8
:104D300041F004016164010707D502F0200131430D
:104D400003D0616C41F008016164616C00293BD0C3
:104D5000800604D5900602D5204602F0D3FC2068D8
:104D60004069616CC0F38010090700D440B320464D
:104D700002F06DFC2068406940061ED520681430A2
:104D800050E8001F21F0400140E80012002AF5D150
:104D9000E06B90B16E490165E06BFDF796FC002871
:104DA00012D0E06B016DCFE083060ED593060CD5D3
:104DB0002046BDE8F84002F0A5BC2046A16DC3E046
:104DC000A16D204688476564F8BD266B2023012E1F
:104DD0007FD1C6067DD5D6067BD508684868009089
:104DE00048694FF00206400641D5E16B086840680B
:104DF0000004000CE8D0A28D8242E5D9E085C869A4
:104E0000B0F5807F2DD020680C3050E8001F21F4D1
:104E1000807140E80012002AF5D12068143050E873
:104E2000001F21F0010140E80012002AF5D120689E
:104E3000143050E8001F21F0400140E80012002A21
:104E4000F5D184F84230256320680C3050E8001F0B
:104E500021F0100140E80012002AF5D1E06BFDF7C7
:104E6000EBFB6663A08DE18D401A81B22AE0A08D34
:104E7000E18D401A81B2E08D0028A5D00029A3D091
:104E800020680C3050E8002F22F4907240E8002790
:104E9000002FF5D12068143050E8002F22F00102D5
:104EA00040E80027002FF5D184F8423025632068C0
:104EB0000C3050E8002F22F0100240E80023002BB5
:104EC000F5D16663E26E01B02046BDE8F0401047C0
:104ED000FFE705062CD515062AD594F841002128B0
:104EE0007FF472AFA068B0F5805F01D12069B0B1E6
:104EF000206A411C2162216800784860E08C401ED5
:104F00000004000CE084EBD12068C16821F080012E
:104F1000C1602068C16841F04001C160F8BD206AED
:104F20000088C0F308004860206A801C2062E5E722
:104F30004006F3D55006F1D5CA68204622F040025B
:104F4000CA6084F84130E16C01B0BDE8F040084728
:104F50001575000870B5040004D094F841000025D0
:104F600010B10DE0012070BD84F84050204602F0E1
:104F7000A3FB206F08B914482067014620468847E4
:104F8000242084F841002068C16821F40051C160E8
:104F9000204602F019FC2068016921F4904101616A
:104FA0002068416921F02A0141612068C16841F40B
:104FB0000051C1606564202084F8410084F84200FB
:104FC0006563002070BD0000CD4F00082DE9F04F53
:104FD00087B0044614216846FBF7B6FCA0489F4FF3
:104FE0000221D4F800C09E4B10380322DFF874E28F
:104FF00000258E064FF0080B4FF48069BC4545D163
:105000001F6847F480171F601B6803F48013059323
:10501000036843F004030360036803F0040305938B
:10502000036843F00803036000688A4600F0080044
:105030000590C802CDE9000ACDE9025290465F46CC
:105040006946CDF810B07046FDF782FD0420CDE929
:10505000000ACDE90258694604978348FDF778FDB8
:10506000834F82483860C7E90165C7E90359801555
:105070007D61C7E906500002C7E908053846FDF71B
:1050800009FC08B1FCF742FFE76371E0DFF8E48157
:10509000DFF8CCA107270AF1040AC4451BD1DAF8CE
:1050A000004044F01004CAF80040DAF8003003F081
:1050B00010030593036843F001030360006800F0E8
:1050C000010005904FF4C0608DE82300CDE903276F
:1050D00069466948BEE0DFF8A481C4454CD1D3F8E5
:1050E00000C04CF4003CC3F800C01B6803F400335C
:1050F0000593036843F008030360006800F00800AC
:10510000059060208DE82300CDE9032769465648C5
:10511000FDF71EFD564F5548603778303860C7E9B7
:105120000165C7E90359B0467D614FF48036BD6122
:10513000C7E9075638467D62FDF7ACFB08B1FCF7BE
:10514000E5FEE763BC634A4F4848C0379030E7E864
:1051500002084020A7E82102454847F81459C0300A
:10516000BD61C7E907567D6251E0FCF7CFFE52E012
:10517000BC6307B0BDE8F08FDFF80481C4454CD1B3
:10518000D3F800C04CF4802CC3F800C01B6803F4B3
:1051900080230593036843F008030360006800F070
:1051A000080005904FF440708DE82300CDE90327F7
:1051B00069462D48FDF7CCFC2C49324F1831384652
:1051C0003960C0E90165C0E90359B0464E464FF465
:1051D0000039C7F8209089157D61C7E906517D62C5
:1051E000FDF758FB08B1FCF791FEE763BC63254F60
:1051F0001E4860374830E7E80208402061C7214870
:1052000047F814596030BD61C7E907597D62FDF761
:1052100041FB0028A9D1A763AAE71B4B9C45A8D155
:10522000DAF8004044F02004CAF80040DAF8003010
:1052300003F020030593036843F004030360006850
:1052400000F004000590C0208DE82300CDE9032B79
:1052500069467046FDF77CFC8BE70000005000407B
:105260004038024000080240000C0240106002403A
:105270009033002000100140000002400044004034
:1052800000480040B03400200014014010B5002355
:105290003AB190F84140202C09D090F841400CB32D
:1052A00024E0416C41F020014164012010BD0D2932
:1052B0001CD2DFE801F007090B0D0F1113151B1BA2
:1052C0001B222400826416E0C26414E0026512E02E
:1052D000426510E082650EE0C2650CE002660AE0FD
:1052E000426608E00B2908D00C2908D0416C41F037
:1052F000200141640123184610BD0267FBE74267A5
:10530000F9E70022A1B190F84030012B16D001231B
:1053100080F8403090F84130202B11D0416C41F0A2
:10532000200141640122002180F84010104670479E
:10533000416C41F020014164012070470220704718
:10534000C166F0E7704770472DE9F843044690F8CE
:1053500041001F4615460E46202802D00220BDE817
:10536000F8838EB185B100206064212084F841006B
:10537000FDF7E0FCA5848146E584A0684FF0200895
:10538000B0F5805F02D003E00120E8E7206910B1AA
:10539000354600260EE000250CE08021204602F074
:1053A000E3FAA0B9BDB115F8010B21684860E08CA3
:1053B000401EE084E08C4B464FF00002009700282E
:1053C000EBD14FF04001204602F0CEFA40B184F814
:1053D00041800320C3E736F8020BC0F30800E4E77E
:1053E00084F841800020BAE737B5044690F84100C0
:1053F000202801D002203EBD019951B34AB3216259
:10540000A284E28400206064212384F84130A56BEB
:10541000114BEB63A56B114B2B64A56B104BEB642D
:10542000A36B186520681346A56B021D2846FDF77F
:105430009BFA21686FF0400008602068143050E843
:10544000001F41F0800140E80012002AF5D1002041
:105450003EBD01203EBD00000B76000849760008E5
:1054600021750008704770472DE9F05F0546006818
:105470000E46074604F09AF9C6EB061140074FF0B6
:1054800007084FF0040905EB810401D5484633E0D5
:105490003146286804F08AF9C0054FF0080A08D59B
:1054A00007EB46114FF48070C1F8080584F84DA051
:1054B00028E03146286804F079F9000705D507EBA4
:1054C0004611C1F808A506200CE03146286804F012
:1054D0006DF9400509D507EB46114FF48060C1F81E
:1054E0000805092084F84D000CE03146286804F0D6
:1054F0005DF900060AD5802007EB4611C1F80805C2
:1055000084F84D803146286803F0A3FE31462868B0
:1055100004F04CF980052868314604D503F099FE63
:105520004FF4007059E104F041F9C0074FF0200B2F
:105530004FF0010A4FF000084ED007EB4617C7F8AE
:1055400008B5E07E012807D184F81B80D7F8040550
:1055500020F48030C7F80405A87930B1206BD7F863
:105560001015C1F31201401AA06384F84DA0C4F8CD
:1055700044805246C7F808A594F8260030B10228A6
:1055800004D003280AD0012808D013E03146286847
:1055900003F05FFE1020C7F808050BE0D7F8000500
:1055A00040F00050C7F8000584F84C2031462846EA
:1055B000FDF74DFCA879012807D1208DA16B01448E
:1055C000491EB1FBF0F0C00704D014F83C0F80F086
:1055D00001002070BDE8F09F3146286804F0E6F82D
:1055E00080060CD507EB4611C1F808B5A07E01284E
:1055F000F0D184F81BA0032084F84D00B4E03146BC
:10560000286804F0D3F880074FF0050B75D507EB39
:1056100046100222C0F8082594F84D10012916D032
:10562000062919D007291CD009291AD0052933D0F9
:10563000032963D004297DD008297ED00229C9D04E
:1056400094F84C2031462846FDF701FCC2E784F867
:105650004D2084F84CA0F3E784F84D2084F84CB03A
:10566000EEE784F84D20616C491C6164022910D971
:10567000C4F84480A27E4146012A07D1E176217711
:10568000D0F8041521F48031C0F8041584F84C904A
:10569000D6E784F84C2022E084F84D20E17E0129F1
:1056A000CED194F826100329F3D1A16C491CA16432
:1056B000022911D9C4F8488084F81B80616C032941
:1056C00001D284F81CA0D0F8041521F48031C0F870
:1056D000041584F84C9002E084F84C20B0E794F86C
:1056E000261009B10229ABD1D0F8001521F0804174
:1056F00041F00041C0F80015A2E724E084F84D20F5
:10570000E17E01299CD184F84C20D0F8041541F4A5
:105710008031C0F80415D0F80C1541F04001C0F8F4
:105720000C15D0F80C1521F02001C0F80C15D6E7A7
:1057300000E002E084F84D20ABE784F84D20606C77
:10574000401C6064A2E73146286804F02FF8400648
:1057500010D507EB46114020C1F8080584F84DB07C
:10576000A07E08B9C4F8448031462868BDE8F05FDF
:1057700003F06FBD3146286804F018F8C0067FF5C5
:1057800065AF94F82600032803D028B1022803D07F
:105790000FE0C4F8448006E0C4F84480A87910B152
:1057A000E07E012818D184F84D903146286803F036
:1057B00050FDE07E01280FD107EB461084F81B80D6
:1057C000D0F8041521F48031C0F80415D0F80C1578
:1057D00041F02001C0F80C15102007EB4611C1F86C
:1057E0000805F7E62DE9F05F054600680F46064616
:1057F00003F0DCFFC7EB071140074FF0040A05EB8D
:10580000810405D506EB4711C1F808A5072089E0FA
:105810003946286803F0CAFF80064FF000084FF0B1
:1058200001094FF0020B28D506EB47112020C1F8E3
:105830000805607E0326012809D184F8198084F8C0
:105840004CB084F84D603946286803F002FDA07E14
:10585000012810D1E07E00280DD194F826000128FF
:1058600001D084F81B9084F84D603946286803F015
:10587000F0FCC4F84480BDE8F09F3946286803F086
:1058800095FF800506D506EB47114FF40070C1F86F
:10589000080549E03946286803F088FFC00720D092
:1058A000C4F844803946286803F080FF400606D5D6
:1058B00006EB471184F819904020C1F80805E07EF6
:1058C00048B106EB471084F81B80D0F8041521F48A
:1058D0008031C0F8041506EB47114846C1F8089519
:1058E00020E03946286803F061FF40060ED5052008
:1058F00084F84D00A07E08B984F81990C4F844805B
:105900003946286803F0A5FC402028E0394628687D
:1059100003F04CFF00070DD506EB47110820C1F836
:105920000805062084F84D0039462868BDE8F05F78
:1059300003F08FBC3946286803F038FFC00613D542
:10594000C4F8448084F84DA0607E18B9207E08B960
:1059500084F819903946286803F07BFC102006EB88
:105960004711C1F8080586E73946286803F01EFF8D
:1059700000061CD5A87970B1606C401C60640228D8
:1059800011D9C4F84480524684F84CA039462846C0
:10599000FDF75DFA09E0072084F84D0039462868D4
:1059A00003F057FC01E084F84CB08020D7E739467B
:1059B000286803F0FBFE400509D5092084F84D0056
:1059C0003946286803F045FC4FF48060C7E7394644
:1059D000286803F0EBFE8007C5D506EB47115A4651
:1059E000C1F808B594F84D00012817D003283AD023
:1059F000042840D005284ED006284FD0072801D0D3
:105A00000928B0D184F84D20606C401C60640228E5
:105A10004AD9C4F8448084F84CA04FE084F84D2063
:105A200084F84C9094F82600022801D0032845D130
:105A3000A87928B994F83D0080F0010084F83D0071
:105A4000A87901283AD1606B20B3218D0844401E0B
:105A5000B0FBF1F0C00731D094F83D0080F00100B8
:105A600084F83D002AE084F84D20E07E012825D10D
:105A700084F84C2022E084F84D2084F84C20E07E0D
:105A800001281BD184F81B80D1F8040520F4803054
:105A9000C1F8040512E084F84D20E9E784F84D20B0
:105AA000052084F84C0009E084F84C20D1F800056A
:105AB00020F0804040F00040C1F8000594F84C20F0
:105AC00039462846FDF7C3F9D5E67CB50468054696
:105AD000D4F840040190D4F8400420F02E00009047
:105AE0000198800709D50198C00702D02846FDF724
:105AF00027F9009840F0020000900198000724D593
:105B0000009840F008000090019840071AD5687A84
:105B1000022803D0E87901280CD00FE00198C0F3E7
:105B200041400228286803D0012103F023FE05E04C
:105B30000221FAE74EF66020C4F804042846FDF777
:105B4000EFFA02E02846FDF7E7FA01988006009890
:105B500002D540F020000090C4F840047CBD2DE93F
:105B6000F041024600680746016AC1F3434301F071
:105B70000F06C1F30A15022B2ED1002D2CD0C6EB37
:105B8000061102EB8104E16A002925D0A26B636B48
:105B90002A449A4222D82A4603F014FEE06A284496
:105BA000E062A06B2844A06307EB4610D0F8101504
:105BB000228DC1F3C941AA420ED100290CD0D0F8E0
:105BC000001521F0804141F00041C0F8001514F8A3
:105BD0003C0F80F001002070BDE8F081042084F8C3
:105BE0004C00F9E7FEE701684A69D24352050FD439
:105BF0006FF480624A61002140F8301F2022427316
:105C00008173026942F0040202610173012070474E
:105C1000002070472DE9F84F0446006889460B9E26
:105C200001689846174641F4806101602068016868
:105C300041F48071016000964FF0011B002259462B
:105C400020460A9B00F0E3F84FF4007A40B1206848
:105C50000068C00501D5C4F840A00320BDE8F88F56
:105C6000216809F0FE0008613346284920460A9A57
:105C700000F011F9F0BB206841698069009032465C
:105C800020460A9900F09EF940B1206C04283AD1D0
:105C90002068016841F40071016034E0FDB2B8F1A0
:105CA000010F09D02168380A0861324620460A9956
:105CB00000F088F90028E8D12068056132462046C6
:105CC0000A9900F07FF90028DFD12068016841F4CB
:105CD0008071016000960022594620460A9B00F020
:105CE00096F80028B3D1216809F0FF0040F00100C8
:105CF000086100E007E03346044920460A9A00F0B4
:105D0000CAF80028AAD00120A8E70000020001007C
:105D10002DE9F843044600680D46DDE9089701685F
:105D20009846164641F4807101604B4600224FF0C0
:105D300001112046009700F06AF848B12068006819
:105D4000C00502D54FF4007020640320BDE8F8833D
:105D5000216805F0FE0008613B464A461549204689
:105D600000F099F888B920684169806900903A4646
:105D70004946204600F026F948B1206C042804D199
:105D80002068016841F4007101600120DEE7F5B28E
:105D9000B8F1010F09D02168300A08613A46494636
:105DA000204600F00FF90028E7D1206805610020A7
:105DB000CCE700000200010070B516460D4604460F
:105DC0001EE02046FFF70FFF08B1012070BD681CE0
:105DD00016D0FCF7AFFF801BA84200D885B9206819
:105DE0004069C04340070BD5002044F8300F202104
:105DF0006173A073216941F0200121612073E4E700
:105E000020684069C0434007DBD4002070BD2DE905
:105E1000F0471E4690460D460446C1F30747DDF89D
:105E2000209026E0701C24D0FCF784FFA0EB090032
:105E3000B04200D8EEB92068012F16D0806925EA5B
:105E400000000004000C12D00020404511D10020B9
:105E500044F8300F20216173A073216941F02001C3
:105E6000216120730120BDE8F0874069E7E7012048
:105E7000EBE72068012F0AD0806925EA00000004C2
:105E8000000C06D000204045CCD00020EBE7406954
:105E9000F3E70120F7E72DE9F047984616460D464F
:105EA00004464FF000094FF0200AC1F3074723E0F2
:105EB00020684069C043400515D42068016841F45A
:105EC0000071016021686FF480604861C4F830900F
:105ED00084F83DA084F83E90216C41F004012164D7
:105EE00084F83C9020E0701C06D0FCF723FFA0EB68
:105EF0000800B04203D816B1012F1ED020E0206860
:105F0000012F14D0806925EA00000004000C17D08E
:105F100044F8309F84F80DA084F80E90216941F078
:105F20002001216184F80C900120BDE8F0874069D0
:105F300025EA00000004000CEAD12068406901E075
:105F40002068806925EA00000004000CB0D1ECE76D
:105F50002DE9F04116460D46044600274FF0200873
:105F600029E04069C043C0060DD454F8301B6FF0DF
:105F70001000486144F80D7B04F81D89A777206A5A
:105F80002062277714E0FCF7D5FE801BA84200D8DA
:105F90008DB920684069C04340060CD544F8307F75
:105FA00084F80D80A773206940F0200020612773DA
:105FB0000120BDE8F08120684169C9434906D0D479
:105FC0000020F6E770B516460D4604461EE0204652
:105FD000FFF709FE08B1012070BD681C16D0FCF760
:105FE000A9FE801BA84200D885B920684069C0433B
:105FF00000060BD5002044F8300F20216173A073F8
:10600000216941F0200121612073E4E720684069A3
:10601000C0430006DBD4002070BD000010B51B4C4F
:1060200020680AF03BFB41EC100B19A153EC102B3C
:1060300004F10C00FAF78CFA04F10C0117A0FAF73E
:106040007BFA60680AF02AFB41EC100B14A153ECB8
:10605000102B04F10C00FAF77BFA04F10C010FA0ED
:10606000FAF76AFAA0680AF019FB41EC100B0FA1CD
:1060700053EC102B04F10C00FAF76AFA04F10C014E
:10608000BDE8104005A0FAF757BA0000A87101203A
:10609000526F6C6C203A25332E32660025730A004D
:1060A00050697463683A25332E326600596177204F
:1060B000203A25332E3266007FB500211B4800911F
:1060C00001910291184A0391026001254FF4403278
:1060D0000561C0E90121017680F82010144AC0E969
:1060E0000A210224C461C16080F830104161FCF7CC
:1060F000DEF808B1FBF70AFF1120CDE90005072003
:10610000029069460948FCF729F808B1FBF7FEFE42
:106110000820CDE9000469460448FCF71FF8002870
:1061200001D0FBF7F3FE7FBD00200140E0260020F8
:106130000100000F074910B5054808600846FCF744
:1061400055FA002803D0BDE81040FBF7DFBE10BDB4
:106150000030024064000020154808B5016841F491
:1061600000110160016801F400110091016841F41F
:10617000800101600068002200F480000090052189
:106180000F20FDF765FB0F20FDF754FB00220521D2
:106190001020FDF75DFB1020FDF74CFB00220521D0
:1061A0001120FDF755FBBDE808401120FDF742BB6B
:1061B0003038024010B5594A0021012006F04CFE4B
:1061C000574C564A0021A0641032012006F044FECC
:1061D000524AE06420320021012006F03DFE4F4A81
:1061E000206530320021012006F036FE4B4A606502
:1061F00040320021012006F02FFE484AA0655032AF
:106200000021012006F028FE444BE065603B00229F
:106210000121444806F0DEFE404B2063503B002243
:106220000121414806F0D6FE3C4B6063403B002212
:1062300001213E4806F0CEFE384BA063303B0022E1
:1062400001213B4806F0C6FE344BE063203B0022B0
:106250000121384806F0BEFE304B2064103B00227E
:106260000121354806F0B6FE2C4A6064C03A04218C
:10627000402006F0D3FC294A2062A83A04211020CD
:1062800006F0CCFC254A6062903A0121202006F0FD
:10629000C5FC224A0821A062783A084606F0BEFCF6
:1062A000E062264A0021264806F050FE234A20607C
:1062B00024320021234806F049FE204A606048321B
:1062C0000021214806F042FE1C4AA0606C320021E9
:1062D0001E4806F03BFE194AE060903200211C483F
:1062E00006F034FE154A2061B4320021194806F048
:1062F0002DFE124A6061D8320021174806F026FEB2
:10630000064AA061E43A0021144806F01FFEE0614D
:106310000248603006F00BFC206610BD78090108C9
:1063200000000020E5AF0008F5C10008B9C2000870
:1063300089B10008E5AB00081D6000089807010856
:10634000716E0008E1BB000887D000087DD000080E
:10635000B5E1000851BA000829A9000891AD00086C
:106360002DE9F04F87B014216846FAF7EDFA70482E
:106370000024016841F010010160016801F0100182
:106380000591016841F004010160016801F0040118
:106390000591016841F080010160016801F0800110
:1063A0000591016841F001010160016801F00101FE
:1063B0000591016841F002010160016801F00201EC
:1063C0000591016841F00801016000684FF4C07652
:1063D00000F008000590002231465648FCF7A5FC65
:1063E0000122970239465348FCF79FFCDFF848A189
:1063F00001224FF4B0415046FCF797FC0022F9000F
:106400005046FCF792FCDFF834B14FF4807801225B
:1064100041465846FCF789FC002279105846FCF7A3
:1064200084FC00224FF4C8514548FCF77EFC49F239
:106430001C000325CDE90005694602943D48FCF7A0
:1064400087FB4EF63740CDE9000569460294584671
:10645000FCF77EFBFC20CDE9000569460294384834
:10646000FCF776FB0620CDE90005DFF8D8906946F9
:1064700002944846FCF76CFB0096012669462D48BD
:106480000196CDE90245FCF763FB0097CDE9016475
:10649000694628480396FCF75BFB300300904FF4F5
:1064A0008810CDE9010469464846FCF751FB48F2E3
:1064B0009340CDE90005694602945046FCF748FB3D
:1064C0004FF4F040CDE9000669465046CDE902455B
:1064D000FCF73EFB28020227CDE90006CDE9024782
:1064E00069465846FCF734FBCDE9008669461448F6
:1064F000CDE90245FCF72CFBE802CDE90006CDE929
:10650000024769460E48FCF723FB0820CDE900044A
:10651000694650460294FCF71BFBCDE900546946DE
:1065200004480294FCF714FB07B0BDE8F08F0000AC
:106530003038024000100240000C024000080240C7
:1065400000000240000402400D4810B50B490160F4
:106550000C494FF48042C0E901120021C0E9031246
:1065600041618161C1610162FCF70EFE002803D028
:10657000BDE81040FBF7CABC10BD00000058004049
:1065800088270020801A060010B5002205210B2064
:10659000FDF75EF90B20FDF74DF9002205210C20D7
:1065A000FDF756F90C20FDF745F9002205210D20D5
:1065B000FDF74EF90D20FDF73DF9002205210E20D3
:1065C000FDF746F90E20FDF735F9002205212620BA
:1065D000FDF73EF92620FDF72DF9002205212720A1
:1065E000FDF736F92720FDF725F90022052128209F
:1065F000FDF72EF92820FDF71DF9002205212C209A
:10660000FDF726F92C20FDF715F9002205212F2092
:10661000FDF71EF92F20FDF70DF90022052132208C
:10662000FDF716F93220FDF705F900220521352086
:10663000FDF70EF93520FDF7FDF800220521372082
:10664000FDF706F93720FDF7F5F800220521472070
:10665000FDF7FEF8BDE810404720FDF7EBB800005D
:106660000F4810B50D4901604FF48271416000215F
:106670008160C1604FF400720161C0E90512C1611F
:106680000162416281620A21C162FDF7D7FB0028E5
:1066900003D0BDE81040FBF739BC10BD0038004006
:1066A0009C28002010B588B01C216846FAF74CF9E8
:1066B000164815490024016040F24731C0E9011431
:1066C00040F2E731C0E9031480218161FDF716FD36
:1066D00008B1FBF71BFC0D48FEF79CF908B1FBF76E
:1066E00015FC6020CDE900040420049000226946D6
:1066F00002940648FEF727F908B1FBF707FC0348A8
:10670000FEF758F808B010BD00440140682E002084
:1067100010B588B01C216846FAF716F916481549D5
:106720000024016040F24731C0E9011440F2E73132
:10673000C0E9031480218161FDF7E0FC08B1FBF79B
:10674000E5FB0D48FEF766F908B1FBF7DFFB6020BB
:10675000CDE9000404200490002269460294064812
:10676000FEF7F1F808B1FBF7D1FB0348FEF722F87A
:1067700008B010BD004801401C2F002030B58BB080
:1067800000240794089409941C2168460A94FAF797
:10679000DBF81C4D1A48286040F24730C5E9010477
:1067A0006320C5E903048020A8612846FDF7A6FC04
:1067B00008B1FBF7ABFB4FF48050079007A91148D5
:1067C000FDF780FD08B1FBF7A1FB0E48FEF784F84A
:1067D00008B1FBF79BFB3220CDE900400294002278
:1067E000694608480494FEF74DF808B1FBF78EFBA4
:1067F0002868816941F0080181610BB030BD00005B
:1068000000180040D02F002030B587B01C2168460A
:10681000FAF79AF8164C1548002520605320C4E971
:10682000010541F28730C4E903058020A0612046BC
:10683000FDF764FC08B1FBF769FB0D48FEF74CF867
:1068400008B1FBF763FB00950195029500226946AC
:1068500007480495FEF716F808B1FBF757FB2068C8
:10686000816941F00801816107B030BD001C004022
:106870008430002010B596B000240F941094119429
:10688000129413941C2168461494FAF75DF82021A1
:1068900007A8FAF759F836483449016040F2473101
:1068A000C0E9011440F2E731C0E903148021C0E9D6
:1068B0000541FDF723FC08B1FBF728FB4FF480509E
:1068C0000F900FA92A48FDF7FDFC08B1FBF71EFB4E
:1068D0002748FEF79FF808B1FBF718FB139413A99C
:1068E00023481494FDF7C2FB08B1FBF70FFB6020AF
:1068F000CDE9000404200294CDE903400594002270
:1069000069461B480694FEF71EF808B1FBF7FEFA2D
:10691000042269461648FEF716F808B1FBF7F6FAA6
:10692000082269461248FEF70EF808B1FBF7EEFAA6
:106930000C2269460E48FEF706F808B1FBF7E6FAA6
:106940000794089409944FF400500A94CDE90B4041
:1069500007A907480E94FDF75EFB08B1FBF7D6FACE
:106960000348FDF727FF16B010BD000000000140EE
:106970007C29002010B58CB024216846F9F7E4FF8B
:106980000024164809944FF080410A94C0E900148D
:106990004EF66021C0E9024180210461816103203B
:1069A000CDE900040120CDE902040494CDE90540BD
:1069B0000794694609480894FDF7F2FC08B1FBF713
:1069C000A5FA099409A905480A94FDF74FFB002888
:1069D00001D0FBF79BFA0CB010BD0000302A00205C
:1069E00010B58CB024216846F9F7AEFF0024164894
:1069F000099414490A94C0E900144EF66021C0E9D4
:106A000002418021046181610320CDE9000401205D
:106A1000CDE902040494CDE90540079469460A488B
:106A20000894FDF7BDFC08B1FBF770FA099409A9B9
:106A300005480A94FDF71AFB002801D0FBF766FA17
:106A40000CB010BD00040040E42A002010B58CB04A
:106A500024216846F9F778FF002416480994144960
:106A60000A94C0E900144EF66021C0E90241802179
:106A7000046181610320CDE900040120CDE9020415
:106A80000494CDE90540079469460A480894FDF747
:106A900087FC08B1FBF73AFA099409A905480A945A
:106AA000FDF7E4FA002801D0FBF730FA0CB010BD76
:106AB00000080040982B002010B58CB024216846B7
:106AC000F9F742FF00241648099414490A94C0E9D2
:106AD00000144EF66021C0E9024180210461816109
:106AE0000320CDE900040120CDE902040494CDE99E
:106AF0000540079469460A480894FDF751FC08B11F
:106B0000FBF704FA099409A905480A94FDF7AEFABF
:106B1000002801D0FBF7FAF90CB010BD000C0040C2
:106B20004C2C00201CB500240F4800940D49019402
:106B300001605321C0E9011442F20F71C16080214C
:106B40008161FDF7DBFA08B1FBF7E0F900946946D3
:106B500005480194FDF78AFA002801D0FBF7D6F921
:106B60001CBD000000140040002D002010B58CB0AA
:106B700000240794089409941C2168460A94F9F7A4
:106B8000E3FE1F481D49016040F24731C0E901148E
:106B900040F2E731C0E9031480218161FDF7AEFACC
:106BA00008B1FBF7B3F94FF48050079007A91448D8
:106BB000FDF788FB08B1FBF7A9F91148FDF72AFF9B
:106BC00008B1FBF7A3F96020CDE90004042004908C
:106BD0000022694602940A48FDF7B5FE08B1FBF7AA
:106BE00095F9042269460648FDF7ADFE08B1FBF7AA
:106BF0008DF90348FDF7DEFD0CB010BD00400140EB
:106C0000B42D00200E4810B50C4901600D494160BB
:106C10004FF4805181604900C160C91001610421B5
:106C2000416100218161C161FEF794F9002803D020
:106C3000BDE81040FBF76AB910BD000000500040ED
:106C400038310020A08601000C4810B50A490160C7
:106C50004FF4E1314160002181600C22C160C0E944
:106C600004128161C161FEF775F9002803D0BDE807
:106C70001040FBF74BB910BD00100140B0310020AF
:106C80000C4810B50A4901604FF4165141600021CB
:106C900081600C22C160C0E904128161C161FEF70C
:106CA00059F9002803D0BDE81040FBF72FB910BDFB
:106CB00000440040283200200C4810B50A49016009
:106CC0000B494160002181600C22C160C0E90412BF
:106CD0008161C161FEF73EF9002803D0BDE8104094
:106CE000FBF714B910BD000000480040A03200209E
:106CF00040420F000C4810B50A4901604FF4E131E1
:106D00004160002181600C22C160C0E904128161F0
:106D1000C161FEF71FF9002803D0BDE81040FBF762
:106D2000F5B810BD001401401833002010B5002242
:106D30000B490C4801F06AFD08B1FBF7E7F80A4976
:106D4000084802F04BF908B1FBF7E0F8054802F0FB
:106D500088F9002803D0BDE81040FBF7D7B810BD74
:106D6000799000082CD3002038010020FEE7FCF7C2
:106D7000A9FEFEE70148FCF7BBB800004CCF00209D
:106D80001C49884201D2002070471B49884201D229
:106D9000012070471949884201D2022070471849E2
:106DA000884201D2032070471649884201D204204C
:106DB00070471549884201D205207047134988421F
:106DC00001D2062070471249884201D2072070473D
:106DD0001049884201D2082070470F49884201D2E9
:106DE000092070470D49884201D20A2070470B20C4
:106DF00070470000004000080080000800C0000844
:106E00000000010800000208000004080000060855
:106E10000000080800000A0800000C0800000E0826
:106E20002DE9F0410122104D0E460746140221467D
:106E30002846FBF77AFF002280212846FBF775FFE2
:106E40004FF47A73324639460848FEF77DFA00223D
:106E500021462846FBF769FF2846BDE8F04101229C
:106E60008021FBF762BF00000010024018330020B1
:106E7000FFF75CFF012005F04DFEFBE710B54FF07A
:106E8000E020006908F0C2FC012803D0BDE81040F2
:106E900007F0DABF10BD000030B593B0302168466E
:106EA000F9F752FD14210CA8F9F74EFD1E480025F4
:106EB000016841F080510160006800F0805011903D
:106EC0001A48016841F4804101600068022400F41E
:106ED0008040119001200090000401908001CDE9D4
:106EE000064008200890A820CDE9090407200B904F
:106EF0006846FCF7F5FD08B172B6FEE70CA90F2055
:106F000081E831004FF4A0500F904FF48050109062
:106F100005210CA8FCF7D0FC08B172B6FEE7FCF71F
:106F200065FD13B030BD00004038024000700040E5
:106F30000548016841F47001016003494FF00060A9
:106F4000803908607047000088ED00E00C4908684F
:106F50000269D243D20712D1921E0261086800680A
:106F6000C10608484068D0E9021203D5491E42F123
:106F7000FF3202E0491C42F10002C0E902127047F0
:106F8000302A002094D800200C4908680269D243B6
:106F9000D20712D1921E026108680068C106084833
:106FA000C068D0E9021203D5491E42F1FF3202E067
:106FB000491C42F10002C0E902127047E42A002095
:106FC00094D800200C4908680269D243D20712D134
:106FD000921E026108680068C10608488068D0E90E
:106FE000021203D5491E42F1FF3202E0491C42F170
:106FF0000002C0E902127047982B002094D80020AC
:107000000C4908680269D243D20712D1921E02616C
:1070100008680068C10608480068D0E9021203D574
:10702000491E42F1FF3202E0491C42F10002C0E970
:10703000021270474C2C002094D8002070B51F48D5
:107040002DED028B00680169C943C90732D1891E41
:1070500001611B480068426A1A4D9FED1B8A00239C
:107060002868B0EE480A04F08BFB18480068426AB2
:107070000023B0EE480A686804F082FB14480068F8
:10708000426A0023B0EE480AA86804F079FB114870
:107090000068426A0023B0EE480AE86804F070FB1A
:1070A0000024B0EE480A55F8240004F0EFFA641CFE
:1070B000042CF6DBBDEC028B70BD0000002D00201F
:1070C0004C2C002094D800200AD7233C302A0020E2
:1070D000982B0020E42A002070B5104E3268106909
:1070E0000F4DC043C0074FF4807406D1801E10615D
:1070F000012221462846FBF718FE32681069C0437A
:10710000800709D46FF00200106121462846BDE8CF
:1071100070400022FBF709BE70BD0000D02F002098
:10712000000002400148FDF7A1BA000070350020C0
:1071300070B5184D28680169174EC943174C890767
:107140000DD46FF002010161206856F82000416AF9
:1071500000208847206803281AD0401C2060286837
:107160000169C943C90712D1891E0161206856F817
:107170002000416A01208847206856F8200006F068
:1071800031FD2068296856F820000069486370BD09
:107190000020E3E784300020A4D800206C00002009
:1071A000F0B50268294D2A4E2A4FDFF8ACC02B4BB0
:1071B0004FF0804EA84209D0704507D0B04205D0AC
:1071C000B84203D0604501D0984203D122F0700448
:1071D0004A682243A8421BD0704519D0B04217D04C
:1071E000B84215D0604513D0984211D01C4CA04233
:1071F0000ED01C4CA0420BD01B4CA04208D01B4C04
:10720000A04205D01A4CA04202D01A4CA04203D191
:1072100022F44074CA6822434C6922F0800222435F
:1072200002608A68C2620A688262A84201D09842FB
:1072300001D109690163012141610169C90703D0D5
:10724000016921F001010161F0BD00000000014071
:107250000004004000080040000C00400004014011
:107260000040014000440140004801400018004037
:10727000001C00400020004010B501F01F01012358
:10728000046A8B409C430462036A8A40134303628E
:1072900010BD10B5846842EA032224F47F440A43F7
:1072A0002243826010BD826822F070020A4342F0DD
:1072B0000701816070470000F0B5026A036A23F09D
:1072C0000103036243688469114E24F073050C685E
:1072D000104F2C4322F002058A682A43B04201D0A5
:1072E000B84205D122F00805CA682A4322F00402F8
:1072F000B04201D0B84205D14D6923F440731D431B
:107300008B692B4343608461496841630262F0BD2D
:107310000000014000040140F0B5026A036A23F056
:1073200010030362436884690D6824F4E64444EA68
:1073300005248D6822F0200242EA05120F4D104EFE
:10734000A84201D0B04206D1CF6822F0800242EAC2
:10735000071222F04002A84201D0B04207D14D6985
:1073600023F4406343EA85038D6943EA8503436060
:107370008461496881630262F0BD00000000014041
:1073800000040140F0B5026A036A23F480730362CB
:107390004368C46922F4007224F073050C68124E2D
:1073A0002C438D6842EA05220E4DA84201D0B0421E
:1073B00006D1CF6822F4006242EA072222F48062FA
:1073C000A84201D0B04207D14D6923F4405343EAAB
:1073D00005138D6943EA05134360C4614968C163BD
:1073E0000262F0BD000001400004014030B5036AB4
:1073F000026A22F4805202624268C4690D6824F471
:10740000E64444EA05248D6823F4005343EA053337
:10741000084DA84202D0084DA84204D14D6922F47B
:10742000804242EA85124260C46149680164036295
:1074300030BD000000000140000401400D4940F84B
:10744000801F0D4941600D4981600D49C1600D49A2
:1074500001610D4941610D4981610D49C1610D49CC
:1074600001620D4941620D4981620D49C1620D49B8
:1074700001637047D54B0008E94B0008EB4B00084F
:10748000ED4B0008694600086B460008D748000825
:10749000834A0008854A0008674600081340000830
:1074A000154000081140000810B5046A036A23F073
:1074B00001030362836923F0F00343EA021324F01B
:1074C0000A020A438361026210BD10B5036A046AAE
:1074D00024F010040462846923F0A00324F47044AF
:1074E00044EA023243EA01118261016210BD10B523
:1074F00006F046FB002805D0D0E90012BDE8104098
:107500001046084710BD00000148FDF7EBBB000026
:1075100038310020806B0021C185C184816D08470E
:1075200070B5846B2068406994F84110C0F3C010B6
:107530000025212904D118B1E584204600F0AEF8D9
:107540002068406994F84210C0F38010222904D1C9
:1075500018B1E585204600F07AF8606C40F0100024
:1075600060642046A16DBDE87040084730B4014614
:10757000806B096809684FF00003C9052ED4C385E4
:1075800001680C3151E8002F22F4807241E8002498
:10759000002CF5D10168143151E8002F22F00102CE
:1075A00041E80024002CF5D10168143151E8002F86
:1075B00022F0400241E80024002CF5D1202180F87F
:1075C0004210016B012909D101680C3151E8002FEB
:1075D00022F0100241E80024002CF5D14363016B36
:1075E000012902D0416D30BC0847818DC26E30BC8C
:1075F0001047806B01214163016B012901D0016DAE
:107600000847818DC26E490810470146806B0968A2
:107610000968C90516D40021C1840168143151E8F4
:10762000002F22F0800241E80023002BF5D10168F1
:107630000C3151E8002F42F0400241E80023002BBA
:10764000F5D17047C16C0847806B816C08470168B1
:107650000C3151E8002F22F4907241E80023002BF6
:10766000F5D10168143151E8002F22F0010241E800
:107670000023002BF5D1016B012909D101680C31E0
:1076800051E8002F22F0100241E80023002BF5D131
:10769000202180F8421000210163704701680C31FD
:1076A00051E8002F22F0C00241E80023002BF5D161
:1076B000202180F841107047094981640949C1645B
:1076C0000949016509494165094981650949C1655A
:1076D00009490166094941660949C16670470000C8
:1076E00067540008655400084753000845530008D4
:1076F000E14C0008474C0008DF4C0008DD4C000856
:10770000454C000808B590F84210222901D002200B
:1077100008BD81684FF48053994201D1026922B1BA
:10772000826A99421BD049B10AE00268816A5268B4
:10773000C2F308020A80816A891C08E0016971B1FC
:107740000168496801F07F011170816A491C8162FA
:10775000C18D491E0904090CC18503D01BE00168D5
:107760004968F1E70168CA6822F02002CA6001682E
:10777000CA6822F48072CA6001684A6922F0010274
:107780004A61202180F8421000214163026B012AE6
:1077900003D0416D8847002008BD016301680C31AA
:1077A00051E8002F22F0100241E80023002BF5D110
:1077B00001680A68D20602D50A6849680091C26E5B
:1077C000818D9047E7E7000070B5044600680169C5
:1077D000E26821F4405111430161A1682069E26926
:1077E00001436069104301432068C26849F20C6399
:1077F0009A430A43C26020684169A26921F440713A
:107800001143416131492068884202D030498842A1
:1078100002D1FCF721F901E0FCF70EF9E26900233F
:10782000192164253226B2F5004F626828D0A0FBEA
:107830000101930F9200F8F708FE0146B0FBF5F046
:107840006FF01802504301EB800006EB0010B0FB14
:10785000F5F000F0F002B1FBF5F002EB0012B1FB25
:10786000F5F06FF01803584301EB800006EB0010B1
:10787000B0FBF5F000F00F0021681044886070BD87
:10788000A0FB010192185B41F8F7DFFD0146B0FB58
:10789000F5F00201B1FBF5F06FF01803584301EB6E
:1078A000800006EBC000B0FBF5F000F0F80002EB42
:1078B0004002B1FBF5F0584301EB800006EBC0003D
:1078C000B0FBF5F000F00700D6E700000010014023
:1078D0000014014037B582B01346039A8262044611
:1078E000838500206064222184F84210E56B1B49E7
:1078F000E963E56B1A492964E56B1A49E964E16BB0
:1079000008652168E06B091DFBF72EF82068016807
:1079100040680090206948B120680C3050E8001F92
:1079200041F4807140E80012002AF5D1206814303B
:1079300050E8001F41F0010140E80012002AF5D193
:107940002068143050E8001F41F0400140E8001268
:10795000002AF5D105B0002030BD00006D7500088B
:10796000F3750008217500082DE9F8431F4690467D
:107970000D460446089E23E0701C21D0FBF7DAF97F
:10798000C01BB0421AD8CEB12068C168490717D5CC
:10799000802D15D0402D13D00168C94309070FD49D
:1079A00001680025406800902046FFF750FE08203F
:1079B000606484F840500120BDE8F8830320FBE7B1
:1079C0002068006835EA000004D000204045D3D08C
:1079D0000020F1E70120F9E70148FDF783B9000035
:1079E000283200200148FDF77DB90000A0320020B8
:1079F0000148FDF777B900001833002030B5034681
:107A000000224FF6FF7403EB8205B5F884542D0471
:107A100004D5521CD2B2102AF5D32246A24207D076
:107A200002F00F0300EB830041F40041C0F884141E
:107A3000D0B230BD10B500F03AFF002010BD827802
:107A4000012A07D1022202740122427400224282DA
:107A50008182C2820022114600F011B87FB5002455
:107A600001250DF1040C00958CE816001E462346F6
:107A70002A46314601F012F804B0002070BD2DE90D
:107A8000F0410446012580782E464FF0030804F5A6
:107A90009C67012802D002281ED105E0A160A281C6
:107AA00026760220A0700EE0204600F00FFD0500B3
:107AB00004D0032D02D0022D04D004E0A6700020D3
:107AC000207600E0A670C4F8E08400231A46394608
:107AD000D4F8D80405F0CEF82846BDE8F0817FB58B
:107AE0001D460C4690F81D34089903B1002101236E
:107AF000CDE90034CDE9022100231A46294600F0E1
:107B0000CDFF04B0002070BD7FB500230824CDE96F
:107B100000311546CDE902431A46294600F0BEFF62
:107B200004B0002070BDFAF757BF70B505460020BD
:107B300005F5876500EB800404EBC00405EB440405
:107B4000E67B0A348E4201D0FF2909D1A6799642FC
:107B500001D0FF2A04D1E4799C4206D0FF2B04D047
:107B6000401CC0B20228E5D3FF2070BD102907D207
:107B700000EB8100B0F88414C1F30E01C0F8841446
:107B80000020704730B40C4685780299012D0FD142
:107B900044F0800404740624447403244282B4EB49
:107BA000122F02D140F2094200E000228282C182FB
:107BB0000A4630BC1946FFF762BF0A8803781A44A8
:107BC0000A80017808447047F8B54FF400720C46FB
:107BD000064600F11C05914201D90320F8BD2B4651
:107BE000002130460094FFF7CDFF0028F6D1224651
:107BF00029463046BDE8F84000F06BBFF8B50C46AA
:107C00000546B1F5007F01D90320F8BD05F50773DE
:107C10001E464FF48072002128460094FFF7B2FF01
:107C20000028F2D1224631462846BDE8F84000F04F
:107C3000F6BFF8B51E461446B3F5007F17D8B4B1A9
:107C400041F4407200F507731D4600210096FFF7CE
:107C500099FF00280CD16978032909D129788A1E57
:107C6000B24200D816460021B2B2AD1C06E0032095
:107C7000F8BD6B5C891C04F8013B89B29142F8D3D2
:107C800000212170F8BD01004FF0000004D001294F
:107C900001D0022901D00220704701207047F8B5B9
:107CA0000546D0F87C040126C4696079062853D2C1
:107CB000DFE800F003522D03354005F11C00ED8B89
:107CC000092D0DD90921ADF8001005E06946FFF72F
:107CD00074FF4178212905D0BDF80010A942F5D3E1
:107CE00002201AE0017884F82610417884F82710E1
:107CF00041882185017984F82A10417984F82B1074
:107D0000817984F82C10B0F80700E085E8E7E18D70
:107D1000284600F0FBF990B9042060711CE00022B5
:107D20003221284600F0B5FB052108B1032813D104
:107D3000617111E00021284600F0B8FB10B1032862
:107D400009D009E001206071D5F8D4240221284629
:107D50009047002600E002263046F8BD2DE9FC41A0
:107D6000044600F0B1F9FF287ED1204600F0C4F9A6
:107D7000040079D020208DF80000A0786E4F6F4D60
:107D8000010707F1020806D5401C00F0070041304A
:107D90008DF8000007E098F8021081420AD04920CF
:107DA0008DF80000387000231A466946286804F0F0
:107DB00061FF15E094F9041094F90300F9F7A2FFAC
:107DC0008DF80000492802D13878492805D00023D1
:107DD0001A466946286804F04DFF9DF80000387087
:107DE00094F9061094F90500F9F78CFF06467878A7
:107DF000492801D1492E09D006F109008DF8040067
:107E000000231A4601A9286804F034FF7E702088F8
:107E1000800505D500231A4649A1286804F02AFFE9
:107E20002088000505D500231A4646A1286804F0DD
:107E300021FFB8F800004646C00408D42088C004DA
:107E400005D500231A4640A1286804F013FF3088A6
:107E5000C00508D42088C00505D500231A463BA1DB
:107E6000286804F007FF00E064E03078400708D499
:107E70002078400705D500231A4635A1286804F06C
:107E8000F9FE3078000708D42078000705D50023D4
:107E90001A4630A1286804F0EDFE3088400408D46A
:107EA0002088400405D500231A462BA1286804F039
:107EB000E1FE3078C00708D12078C00705D0002344
:107EC0001A4626A1286804F0D5FE3078800608D42A
:107ED0002078800605D500231A4621A1286804F0E1
:107EE000C9FE3088000408D42088000405D500238A
:107EF0001A461CA1286804F0BDFE3078800708D41B
:107F00002078800705D500231A4617A1286804F0B9
:107F1000B1FE3078400608D42078400605D500230D
:107F20001A4612A1286804F0A5FE206847F8020F3F
:107F300060687860BDE8FC81D00100202800002046
:107F4000700000006C0000006A0000006E0000007D
:107F500054000000530000006100000062000000B7
:107F6000630000006400000065000000660000007F
:107F700000238380C380837202810160704770B5E3
:107F8000837A0025BBB901238372002311E0C488E2
:107F90008688B44212D00668345D01F8014BC4886B
:107FA000641CA4B2C4800689B44200D1C5805B1CA5
:107FB0009BB29342EBD38572104670BD8572184612
:107FC00070BDF0B5837A0027F3B9012383720023D3
:107FD00018E08488C5882646641CAC4217D0B0F8E7
:107FE00008C0644500D195B1056811F8014BAC5546
:107FF0008488641CA4B284800589AC4200D1878047
:108000005B1C9BB29342E4D387721046F0BD87722B
:108010001846F0BD10B5D0F87C04C469228B1AB3A1
:10802000124904F10800FFF7AAFF218B88421BD1F7
:108030000E48017D022917D0C1884ABA0C490A802E
:1080400043790F229A438A704278803ACA708278C4
:10805000C2F17F020A71C278803A4A710079C0F198
:108060007F008871002010BD022010BD28D800209C
:108070003001002070B50146D0F87C040022114C7C
:10808000C3690F4804F120050280C2700271427179
:108090008271104622542A54401C2028FAD3188B8F
:1080A000202801D9202018834FF4A07203F1080082
:1080B00001F507715D61FFF75BFF002070BD0000F7
:1080C0003001002028D800200246FF2011780B291B
:1080D0000ED192F8241401EB810303EBC10102EBF2
:1080E000410191F84914012903D0022900D101204E
:1080F000704702207047000010B5FFF78BFF08B1F2
:10810000002010BD004810BD3001002008B5B1F5B9
:10811000007F01D9032008BD009100F507734FF4DB
:1081200008520121FFF72EFD08BD30B41446A125E9
:10813000029A05740125457444EA01214182002117
:108140008182C28230BC1946FFF799BC70B50546E2
:10815000D0F87C040026C469617839B12846FFF75D
:1081600069FC61782846FFF701FD6670217839B116
:108170002846FFF75FFC21782846FFF7F7FC2670BA
:10818000D5F87C04C06920B1F8F738F9D5F87C043B
:10819000C661002070BD00002DE9FE430546D0F801
:1081A0007C040026FF23017932462846FFF7BDFCF8
:1081B0000746FF2830D0022F2ED20146284600F075
:1081C0001BFF48BB3420F8F7EAF8D5F87C140446C6
:1081D000C861200020D03421F8F7B6FB0720A0703A
:1081E00007EB870000EBC70005EB400797F8490451
:1081F00001282DD002282DD0B5F83004A0F5A061BB
:10820000263903D0A0F5A061753905D1B5F82E0443
:10821000A0F51451633902D00220BDE8FE83204846
:1082200020630020A070607197F84E04A076B7F824
:108230005004208397F85204A083322801D23220C0
:10824000A08397F84604022800D90220804622E045
:108250001448E5E71448E3E707EBC60090F84E142E
:10826000080616D521712846FFF7C8FB607095F8FF
:108270001D14238B03228DE80E00014695F81C3453
:108280002279284600F01BFC61780022284600F085
:10829000E4FB761CF6B24645DED30020BDE70000C5
:1082A00075800008AD8200080583000870B501469E
:1082B000D0F87C040022124CC3691048A4F10805D0
:1082C00042708270C270027142718271C271027218
:1082D000104622542A54401C0828FAD3188B082828
:1082E00001D908201883502203F1080001F5077115
:1082F0005D61FFF73DFE002070BD00003CCF002017
:108300000801002070B50146D0F87C040022104C12
:10831000C3690F48641D04F1080502704270827041
:10832000C2700271104622542A54401C0828FAD305
:10833000188B082801D908201883502203F108005F
:1083400001F507715D61FFF713FE002070BD0000AD
:10835000100100202DE9F84F0546D0F87C040026D6
:108360000227C4694FF0040A4FF00108A17805F50F
:108370009C6907296CD2DFE801F0040A6B6B2D269B
:108380003C00216B2846884784F802804FE0207E1D
:1083900000900022012128466369FFF7C6FE06000F
:1083A0004FF0050007D0012E07D0032E08D007207C
:1083B000A07002263BE0A07039E084F8028000E063
:1083C000A070002633E0D5F8C404C0072FD084F88D
:1083D00002A02CE06378227E2846616900F056FAFC
:1083E0000620A070D5F8C4042062002084F8240080
:1083F0002EE06178284600F0B5FA01286178284619
:1084000004D000F0AFFA05281BD021E000F095FA67
:1084100094F82410E1B9D8B1228B04F10800616905
:10842000FFF7CFFD84F824802846FFF797FCC5F8B6
:10843000E07400231A464946D5F8D80404F01AFC23
:1084400006E0A17E2846FFF7FAFA08B984F802A0F0
:108450003046BDE8F88F10B5D0F87C14C9698A7829
:10846000062A14D1D0F8C4240B6AD21A8B8B9A42F4
:108470000DD304228A700221C0F8E014D0F8D84449
:10848000002300F59C611A46204604F0F3FB00200F
:1084900010BD212303740A23437442EA012141825F
:1084A00000218182C1820A46FFF7E9BA21220274C3
:1084B0000B224274002209B1428201E00121418273
:1084C0008282C28200221146FFF7D9BA2DE9F84F05
:1084D000027E044601250B2700F59C6003262946F1
:1084E0004FF009084FF007094FF0050A4FF00D0B48
:1084F00000900C2A19D2DFE802F0BC060E2F3B4593
:1085000051646F7E8AA2627904F110012046FFF760
:10851000FBFA02202AE06179204600F023FA0128C4
:1085200004D0042816D0022814D0A2E0207CE18ACE
:1085300000F0800031B1802801D1267675E084F802
:1085400018A072E0802802D184F818806DE084F8C9
:1085500018906AE0277668E0D4F8C404E0812379B3
:10856000A2892046A168FFF779FA0420207680E0EE
:108570002179204600F0F6F90128E5D005284ED1F2
:10858000032552E000916379A2892046A168FFF794
:10859000A6FAD4F8C404E0810620E7E76179204612
:1085A00000F0E0F90128D2D0052804D00228C6D076
:1085B000042803D05DE00C202076E1E72776022531
:1085C00033E00022237911462046FFF747FAD4F81A
:1085D000C404E0810820C9E72179204600F0C2F9EF
:1085E000012804D00428B5D00528C9D041E084F87A
:1085F00018B0002519E00091002263791146204649
:10860000FFF76DFAD4F8C404E0810A20AEE761797F
:10861000204600F0A7F9012804D0022894D00428AD
:1086200098D026E0002584F818B0C4F8E064002350
:108630001A46D4F8D804009904F01CFB19E0607EB7
:10864000401CC0B26076022802D82176A17010E0EA
:10865000D4F8D42406212046904700256576617918
:108660002046FFF783FA21792046FFF77FFA25702D
:1086700002252846BDE8F88F2DE9FE4F01264178F6
:10868000002505270446B1464FF00D0800F5077296
:1086900000F59C6A08290CD2DFE801F0042A3C6945
:1086A000718791AA08212046FFF7A8FA10B1032884
:1086B0000DD0A8E094F82D04A07184F8019094F8EE
:1086C0001D140091CDE9015094F81C3438E094F861
:1086D0001E04401CC0B284F81E04032817D8617918
:1086E0002046FFF743FA21792046FFF73FFA5AE088
:1086F00012212046FFF782FAA8BB02203DE094F841
:108700001E04401CC0B284F81E04032842D984F819
:10871000008078E00121204600F079FC10B10328A8
:1087200022D070E00220FFF7FEF984F81C940320A9
:108730006070A07994F81D14CDE900154B460290A5
:1087400021798022204600F0BAF9A07994F81D140E
:108750000091CDE9015094F81C3461790022204643
:1087600000F0ADF94FE010E084F8008033E009211B
:108770002046FFF729FA40B90420607043E0B4F8BE
:108780003A142046FFF720FA10B10328B7D03AE098
:10879000677038E061792046FFF7E8F921792046D3
:1087A000FFF7E4F9657025702DE094F83414062580
:1087B00099B1FF232046FFF73CFA70B108E094F826
:1087C0003514072549B1FF232046FFF732FA10B1CF
:1087D000032802D017E0657015E06570C4F8E074F6
:1087E00000231A465146D4F8D80404F043FA0AE0AC
:1087F00094F8361431B1FF232046FFF71AFA08B176
:10880000032800D100263046BDE8FE8F70B50E4625
:1088100004002ED084F8CC240025C4F87C54C4F87D
:10882000805404F58464F9F723FBE57025706570C6
:10883000A570A4F584640EB1C4F8D46400220421A8
:10884000102004F0EBF9C4F8D8040E480AA102463F
:1088500001604FF4006141611821816121460A489D
:1088600004F074FBC4F8DC04204600F08FF800200C
:1088700070BD022070BD0000555342485F517565C0
:108880007565000018CF0020B98F00087FB501255D
:108890000DF1040C002400958CE816001E460323FD
:1088A0002A46314600F0FAF804B0002070BD10B539
:1088B000D0F8D004FAF76BFABDE81040FFF7E3B93F
:1088C00010B5012280F82024002180F8211480F8BE
:1088D0002214C0F8E0240B460A46D0F8D84400F52C
:1088E0009C61204604F0C6F9002010BD70B501253A
:1088F000044680F82154002084F8200484F82304DE
:10890000204600F0C2F821792046FFF72FF961795F
:108910002046FFF72BF9C4F8E05400231A4604F56B
:108920009C61D4F8D80404F0A5F9002070BD10B5FE
:10893000C820FAF751F8002010BDD0F8D004FAF79B
:1089400020BA10B50124D0F8D004FAF704FA20B107
:10895000012805D0022803D101E0002400E0022410
:10896000204610BDD0F8D004FAF704BAD0F8C414E9
:10897000491CC0F8C41401780B2905D1D0F87C1427
:10898000002901D0896908477047000010B50446E6
:1089900090F8CC04F0B9104810490222C0F8DC432A
:1089A000C4F8D00401600C2141710121C171002182
:1089B000817142728172C17281730174FAF738FB5E
:1089C00008B1F9F7A3FA0448FAF7C2F901462046BC
:1089D00000F040F8002010BD4CCF00200000044003
:1089E00010B50121C0F8E014D0F8D844002300F5F8
:1089F0009C611A46204604F03DF9002010BDFEB5EA
:108A000008AF97E870008DE87000D0F8D004FAF74E
:108A1000D0F9BDE8FE40FFF736B9002180F82314F5
:108A20007047012130B480F82314C0F8E014D0F866
:108A3000D84400F59C612046002330BC1A4604F05F
:108A400019B910B5D0F8D004FAF76EFBBDE81040A4
:108A5000FFF719B9C0F8C4147047D0F8D004C1EBBF
:108A6000011100EB8100C17D11B180F83C2001E0D3
:108A700080F83D200020704710B5D0F8D004FAF7F8
:108A80005AFBBDE81040FFF7FEB810B5D0F8D0048F
:108A9000FAF767FBBDE81040FFF7F5B82DE9FF4195
:108AA0000DF1280898E8F0008DE8F000D0F8D00427
:108AB000FAF7D1F904B0BDE8F041FFF7E4B8FEB52C
:108AC00008AF97E870008DE87000FFF798FF00206E
:108AD000FEBD2DE9F74F82B04FF0000B029ED84645
:108AE00006F5876601B3087830704878707048885A
:108AF0004FF400730C46984200D3184670800879F2
:108B00003071487970718879B071C879F071207AC4
:108B1000307231780920092900D03070092A7CD9B7
:108B20008246ADF8000061E0022005B0BDE8F08F9C
:108B300069462046FFF741F804464078042852D1A0
:108B40002078092801D084F800A008EB880101EB07
:108B5000C80006EB4009207889F80A00607889F897
:108B60000B00A07889F80C00E07889F80D002079D6
:108B700009F10A05022800D3022028716179697180
:108B8000A179A971E179E971217A297200271BE0A5
:108B900069462046FFF711F804464078052813D1AE
:108BA0006879012804D1A87902282DD003282BD078
:108BB0000720207009EBC70122461431029800F00B
:108BC0006CF87F1C8346FFB22879B84204D97088BC
:108BD000BDF800108842DBD82879B84211D808F1D6
:108BE000010000F0FF08B8F1020F04D27088BDF850
:108BF000001088429CD83079022800D302204045DA
:108C00000BD9032091E708E0E8790028D2D1207839
:108C10000928CFD084F800A0CCE7584685E770B586
:108C2000054600F22640002441B30B7803704B78D0
:108C300043704B8843800B7903714B7943718B7977
:108C40008371CB79C37195F81D540826C5B1012DE8
:108C500016D0022D1DD00324082A0DD90A890281BD
:108C60004A8942818A8982818A7B8273CA7BC273E4
:108C70000A7C0274497C4174204670BD022070BD9C
:108C8000082BE9D0102BE7D0202BE5D0402B02D1C8
:108C9000E2E7082BE0D0C671DEE7F0B513780B7081
:108CA00053784B7093788B70D478CC709388074648
:108CB0008B80002092794FF480658A716E101BB111
:108CC000AB4201D8B34200D9032097F81D1421B15B
:108CD00001291AD002292DD00DE004F00301022948
:108CE00007D0A50709D001290AD0E143890707D099
:108CF00001E0B34200D90320F0BD402BFBD8F0BD0A
:108D0000002AF8D0102AF6D8F0BD04F00301022999
:108D1000F3D0A607F1D0012907D0E1438907EAD1B2
:108D2000002AE8D0AB42E6D2F0BD002AE3D0102AF8
:108D3000E3D9E0E7A10707D0E1438907DBD1002AA7
:108D4000D9D0082BD7D8F0BD082BD4D1F0BD2DE950
:108D5000FE4F022304468DF8003094F821140020C1
:108D6000012901D103212170227801260D27002538
:108D700004F59C694FF005084FF0080A0C2A7ED2D2
:108D8000DFE802F0061636F7F36BD8888F98ADED62
:108D900094F82004002872D02670C820FEF7C3FE85
:108DA0002046FFF74EFE84F81C54C4F8C854FAE07D
:108DB00094F8230401280ED0D4F8C804B0F57A7FC3
:108DC0000FD994F81F04401CC0B284F81F04032874
:108DD00005D92770E7E084F81F542370E3E025707D
:108DE000E1E00A30C4F8C8040A20FEF79CFEDAE08D
:108DF000D4F8D42412B10421204690476420FEF711
:108E000092FE2046FFF79DFD84F81D0484F8008043
:108E100000212046FEF7F2FD607180212046FEF71A
:108E2000EDFD2071A17994F81D240092CDE9015146
:108E3000014694F81C3480222046FFF740FEA079BA
:108E400094F81D140091CDE9015094F81C34617917
:108E500000222046FFF733FEA5E02046FFF70CFC7A
:108E60008DF800009DF8000000287ED184F824547D
:108E700094F83704012803D0072020706AE043E00B
:108E80005046FAE700231A464946D4F8D80403F0BE
:108E9000F1FE6AE0D4F8D424B2B301212046904711
:108EA000EEE794F83D14204600F0BFF868BB0920B7
:108EB000207078E094F83F044FF00A0580068ED5C4
:108EC0000121204600F0BFF88DF800009DF8000059
:108ED000002884D09DF80000032880D063E0D4F8F7
:108EE000801421B3C4F87C5494F8471404EB800236
:108EF000D2F8782412798A4208D104EB8000D0F8A5
:108F00007804C4F87C0406E02FE04CE0401C10F02C
:108F1000FF00EBD0284658B181682046884738B911
:108F200006202070D4F8D42403212046904711E075
:108F300027700FE0D4F87C040028F9D0016920469E
:108F400088478DF800009DF8000030B19DF80000C2
:108F50000228EDD0C4F8E08494E70B208DE7D4F824
:108F60007C0410B14169204688470020BDE8FE8F8F
:108F7000FFE784F821542046F8F77AFFD4F87C0400
:108F800020B1C16820468847C4F87C54D4F8D42462
:108F900012B105212046904794F82204012805D0FB
:108FA0002046FFF769FDC4F8E0646BE784F82254BB
:108FB000204600F056F8F6E704464FF0FF3600F57D
:108FC0009C65334600222946D4F8D80403F0F4FD0A
:108FD0000028F6D12046FFF7BAFEF2E7024600204D
:108FE00011B1D2F880340BB1022070470123C2F8CE
:108FF0008034C2F8781470470246002092F83C345E
:109000008B4202D982F8241470470220704782787C
:10901000012A06D100220274052343744182828210
:10902000C28200221146FEF72ABD8278012A06D1AB
:10903000002202740923437441828282C282002288
:109040001146FEF71CBD8278012A06D10022027467
:109050000323437441828282C28200221146FEF7BA
:109060000EBD10B50446FFF707FD01212046FFF7AE
:109070005EFC002010BD000001290AD0054802292D
:1090800006D0042903D0052903D1032100E00121E2
:10909000017070472501002070B50D460446C2F3EB
:1090A000072004991E4601281BD0E06840F04000CC
:1090B000E060204600F032F8C6F307210029A16BDA
:1090C00026D021F48031A163C5F30741012907D1DE
:1090D000A16841F00601A160A16841F02001A160F2
:1090E00070BDA06B20F48030A063E0680A4A104095
:1090F000E060E06820F44010E060C8B2012803D1CD
:10910000E06840F48010E060204600F007F8DBE7FC
:1091100041F48031D7E70000BFFFBDFF08B5002351
:109120004FF0706200930099491C009191420CD855
:1091300001690029F7DA0093016941F00101016139
:109140000099491C0091914201D9032008BD016991
:10915000C907F5D1002008BD816821F001018160B7
:109160000020704700EB4110064AC0F81025D0F8E7
:10917000001521F0804141F00041C0F800150020A9
:10918000704700000000088008B5D0F8402422F0A5
:109190002E020092D20405D4012909D1009941F48C
:1091A000805103E021B9009921F48051C0F84014A6
:1091B000002008BD816841F00101816000207047F6
:1091C00008B500234FF0706200930099491C00918C
:1091D00091420AD801690029F7DA10210093016150
:1091E0000099491C0091914201D9032008BD0169F1
:1091F000C906F5D4002008BD18B500244FF07063EF
:109200000094009A521C00929A420CD80269002ADB
:10921000F7DA202242EA8111009401610099491C89
:109220000091994201D9032018BD01698906F5D43E
:10923000002018BDD0F8080480B2704708B5D0F8F7
:1092400040040090C0F3414008BD406900F00100B7
:10925000704738B5002200EB41110092D1F800258B
:10926000D1F80035C2F38142D1F80445DB0F85689F
:10927000E40FAD0605D524B93BB3012A25D0032A56
:1092800023D04FF47A736AB1022A0BD0D1F80025AB
:1092900042F08042C1F80025D0F8100410F47F0F8E
:1092A0002BD00CE0D1F8002542F08042C1F8002517
:1092B0008268920603D4C06A10F47F0F07D0D1F8F9
:1092C000000540F00040C1F80005002038BDD1F88D
:1092D000000520F00040C1F80005D1F8000540F07D
:1092E0000040C1F800050098401C00909842ECD85E
:1092F000D1F800050028F6DBE7E7D1F8000520F0FB
:109300000040C1F80005D1F8000540F00040C1F868
:1093100000050098401C00909842D6D8D1F800056E
:109320000028F6DBD1E700002DE9F0431E46DDE919
:109330000785002700EB41147B1EDDF82490C4F85C
:10934000083515B3012D3BD0022D1ED0032D30D092
:1093500001270023C4F80435D4F80C3543F0020388
:10936000C4F80C35D0F8183401F00F0C012101FAC3
:109370000CF10B43C0F81834816941F00071816130
:1093800011062AD54FF4004128E040F29D43C4F86D
:109390000C35130604D5D4F80C3543F4807319E06A
:1093A000DFF898C06045D4D1D4F80C3543F06003A1
:1093B00010E040F29D63C4F80C351306EBD4C8E707
:1093C00040F22523C4F80C351306C2D5D4F80C3569
:1093D00043F4C073C4F80C35BBE70021FFF72EFF40
:1093E000B8F1020F04D1022802D04FF4003000E09F
:1093F00000204FF0FE5303EA86534FF4F04606EA8E
:10940000C22213434FF4402202EA85421343C9F3B8
:109410000A0213430B43034343F48010C4F80005CE
:10942000032D01D0012D05D1D4F8000540F00050E6
:10943000C4F800053846BDE8F08300000000044091
:10944000D0F8140480B27047F8B5954C4B784FF4BF
:109450008075A04216D1012A02D00C797CB111E0AE
:109460008C7C0CB1022C0DD18C795CB900EB4314CF
:10947000D4F80C6526F07006C4F80C6502E04C794F
:10948000012C10D08C79012C11D00C6A9CB38E8ADF
:10949000A7197F1EB7FBF6F7BFB2AF4235D92F46EB
:1094A0003502CD6131E01946FFF75CFEF6E0CC787D
:1094B00001270CB18C8A2CE08C7C012C02D0012A73
:1094C0001CD01FE00C6ABC2C0DD98C8ACC610C62BC
:1094D000CC68012C05D0022C03D00124CC60CC69CF
:1094E00018E00224FAE7CC61CC68012C04D0022CED
:1094F00002D00424F2E707E00324EFE78C8A0D6A28
:10950000A54206D80C6A04E00127CD780DB18C8AFB
:109510007C43CC616FF06045C4F3120405EAC74593
:109520002C438D7D4FF0C04606EA45752C4300EB79
:1095300043130546C3F8104512B18C69C3F81445AE
:10954000D5F80844D3F8005544F3000425F000553D
:10955000C3F80055D3F80055641C45EA4474C3F8B9
:1095600000458C790025012C0DD0C3F80455D3F8A3
:10957000004524F080440094CC78002C009C58D006
:1095800044F4004457E04E7C0C7C4FF0004747EA1F
:10959000C6163443C3F80445D3F80C4544F06004C0
:1095A000C3F80C45CC79012C0DD1CC785CB9D3F83B
:1095B000044544F48034C3F80445D3F80C4544F022
:1095C0004004C3F80C458C7C012C01D0032CCED177
:1095D000CC79012C08D1CC78012C05D1D3F80445E5
:1095E00044F48034C3F804458C7C012CBFD1CC7882
:1095F000002CBCD1CC68012C0CD0022C0FD0032C39
:1096000012D0042CB3D1D3F8044544F44044C3F839
:109610000445ACE7D3F8044544F40044F7E7D3F835
:10962000044544F00E04F2E7D3F8044544F48044C2
:10963000EDE724F4004444F000440094C3F80045EE
:1096400062BBCA7852BB0B6A43B3CA7932BB8A7C0D
:1096500032B1012A0FD0022A02D0032A17D10AE020
:10966000DB1CC3F38F02C36A9BB293420FD28269A1
:1096700042F020020AE0DB1CC3F38F02D0F8103462
:109680009BB2934203D2826942F08062826100956C
:109690000A8C93B24A78896900F03FF90020F8BD3E
:1096A00000000440F0B500250E4604462F46C0F8E1
:1096B000005E806B40F40010A063A06B20F40020DB
:1096C000A063A06B20F48020A063E068400602D471
:1096D000300E012804D0D4F8000420F0040103E087
:1096E000D4F8000440F004012046C4F8001410210E
:1096F000FFF782FD00B101252046FFF761FD00B1B3
:1097000001250020431EC6F3072206E004EB4011AA
:10971000C1F80835C1F80C75401C8242F6D8A76123
:1097200063610E48844205D1401560620C48A06216
:109730000C4804E0802060620B48A0620B48C4F82B
:109740000001C6F3074018B9A06940F01000A061FD
:10975000A06907490843A0612846F0BD0000044005
:10976000000200010003E00080006000E000400013
:10977000080020A3D0F8002422F00302C0F800243F
:10978000D0F8002401F003031A43C0F80024012993
:1097900003D0022904D0012070474BF6803101E04C
:1097A00041F27071C0F804140020704700EB4110C2
:1097B000D0F80815D0F80C05084070474169806959
:1097C0000840704730B503460846940802F003018C
:1097D000002203F5805303E01D6840F8045B521C2F
:1097E000A242F9D300290BD01C680022D50024FA2C
:1097F00005F3491E521C090400F8013B090CF5D180
:1098000030BD38B50446D0F8400420F02E0000905A
:1098100040F48070C4F84004642004F58864F9F7CB
:10982000DBF8009820F4807020600A20F9F7D4F863
:10983000002038BD70B50546C068002420F0C04047
:10984000E860012901D079B120E0E86840F00050DB
:10985000E8600A20F9F7C0F868690A3410F0010FCF
:1098600010D1C82CF5D30DE0E86840F08040E860E6
:109870000A20F9F7B1F868690A3410F0010F01D035
:10988000C82CF5D3C82C01D0002070BD012070BDBC
:1098900038B5002504460095806820F00100A060DE
:1098A00010212046FFF7A8FC00B101252046FFF754
:1098B00087FC00B10125002104EB4110D0F8002500
:1098C00022F0802242F08042C0F80025491C0F2976
:1098D000F2D900214FF47A7304EB4110D0F800253F
:1098E00022F4004242F04042C0F80025009A521C87
:1098F00000929A4203D8D0F80025002AF6DB491CD2
:109900000F29E9D94FF0FF30C4F814046061A06852
:1099100040F00100A060284638BD10B5029C6CB92B
:10992000DB1C9C0800EB0230002300F5805003E0B4
:1099300051F8042B02605B1CA342F9D3002010BD38
:10994000FEE703B401984100009850EAC12018BF17
:1099500004204A0D18BF40F0010040F2FF72B2EB44
:10996000515F08BF40F00200012808BF052002B087
:1099700070474100080218BF04200A0E18BF40F0CB
:1099800001004FF07F4232EA010108BF40F00200BF
:10999000012808BF052070470907090E002804DBCD
:1099A00000F1E02080F80014704700F00F0000F193
:1099B000E02080F8141D704710B54FF00E402DEDDB
:1099C000028BB0EE408A18EE104A00EB4400B0F172
:1099D000506F4AD84FF0FC40B0EB440F22D2B0EEAB
:1099E000C80AF7EE000A30EEC00AF6EE000A60EE92
:1099F000208A18EE900A04F022FD01EE100A14F0FD
:109A0000004F1DBFDFED2D0A9FED2D0AB1EE411A6B
:109A1000DFED2C0A08BF9FED2C0AF8EE001A21EEAC
:109A2000218A05E0DFED290A68EE088AB0EE600AB7
:109A30009FED271ADFED271A30EE080A48EE811A4B
:109A40009FED251A08EEA11ADFED241A48EE811ABF
:109A50009FED231A08EEA11A68EE281ABDEC028BBE
:109A600001EE810A30EE200A10BD4FF0E440B0EB69
:109A7000440F0CD918EE100AFFF77BFF042808BF2B
:109A800000F040FEB0EE480ABDEC028B10BD4FF076
:109A90007F40B0EB440F07D2B0EE480ABDEC028B1A
:109AA000BDE8104000F020BE0120F7F710F8BDEC33
:109AB000028BBDE8104000F01DBE00000000C9BFD1
:109AC00022AAFDB90000C93F22AAFD39000000000A
:109AD00024FE1C3DC78AD83C1E67383D1B93993D28
:109AE000AFAA2A3E70B54FF068422DED048BF0EE20
:109AF000408A18EE900AB0EE608A18EE101A02EB57
:109B00004003B3F1654F3CBF02EB4102B2F1654F38
:109B10007DD200BFC0F3C753C1F3C7529A1A1B2AA4
:109B200009DD10F0004F14BF9FED830A9FED830AFB
:109B3000BDEC048B70BD12F11A0F36DA11F0004F34
:109B400009D010F0004F0CBF9FED7D0A9FED7D0AFC
:109B5000BDEC048B70BD88EE889A19EE100AFFF7F1
:109B600008FF042808BF00F0CDFD18EE900AFFF7AB
:109B700000FF054618EE100AFFF7FBFE044619EE3B
:109B8000100AFFF7F6FE042D18BF052D08D1042C8E
:109B900018BF052C04D1002804BF0220F6F797FF58
:109BA000B0EE490ABDEC048B70BD4200B2EB410F30
:109BB0003AD910F0004F19BFDFED630A9FED630A39
:109BC000DFED630A9FED630AB0EE481A0A46B1EE74
:109BD000688A80F00041F0EE418A10460A1A52006D
:109BE000B2F1807F34D2484010F0004FDFED5A1AB6
:109BF0009FED5A2A1DBFBEEE001A70EEE10A30EE4C
:109C0000420AB6EE001A08BF70EEA10A00E040E07A
:109C100008BF30EE020AB0EE682A01EE482A08EECC
:109C2000818AC2EE081A15E011F0004F04BF9FEDC3
:109C30004C0AF0EE400AD1D010F0004F19BFDFED12
:109C4000490A9FED490ADFED490A9FED490AC5E738
:109C5000C8EE881A21EEA11A9FED462ADFED462AAA
:109C600041EE022A9FED452A01EE222ADFED442A29
:109C700041EE022A9FED432ABDEC048B01EE222A1D
:109C800021EE811A01EE020A30EE210A30EE200A9E
:109C900070BD4FF07F42B2EB400F28BFB2EB410FD7
:109CA00009D2F0EE480AB0EE680ABDEC048BBDE8BC
:109CB000704000F01CBD40EA01035B0008BF41F0AA
:109CC000FF410BD0B2EB400F08BFB2EB410F08D100
:109CD00020F0804008EE900A21F0804108EE101A32
:109CE00018E7B2EB400F12BF5FEA410340F0FF40BC
:109CF00001F000413FF40EAFB2EB410F12BF5FEA3B
:109D0000400200F0004041F0FF413FF403AF4A0041
:109D100092EA40033FF5FEAE002AACBF9FED1A0A5F
:109D20009FED1A0A68EE808A28EE008A18EE900AE3
:109D300018EE101AEEE60000DB0FC9BFDB0FC93FBB
:109D4000DB0F4940DB0F49C00000C9BF22AAFDB9A3
:109D50000000C93F22AAFD390060ED3EC30ACE379C
:109D600000000000000049C022AA7DBA000049405E
:109D700022AA7D3A2DAD65BD8FB8D53D0FB511BE78
:109D800061C84C3EA8AAAABE0000804F0000802FE8
:109D900010B51D499FED1A1B2DED020B84B00598DF
:109DA00020F000408842DCBF01209DED040B21DD46
:109DB0001649884209D1049840B94FF00100F6F7DE
:109DC00086FE00F071FC06B010BD05DB9DED040BB6
:109DD00000F05EFC06B010BD68469DED040B00F07F
:109DE00017F800F001000121A1EB40009DED021BDE
:109DF0009DED000B00F0A4FA06B010BD00000000BD
:109E00000000000000000000FB21E93F0000F07F9F
:109E10002DE9F14F04462DED020B2DED088B8AB094
:109E20009FEDE70B80ED020B139EE74826F00045FF
:109E300085420ADC9DED120B002084ED000B0AB078
:109E4000BDEC088B03B0BDE8F08FE0489FEDE0ABC0
:109E50009FEDE1BBA84247DDE14F9FEDE39B9FED06
:109E6000E48B9DED120B53EC1A2B51EC100B002ED2
:109E70001CDD06F029FB41EC100BBD4208D053EC71
:109E80001B2B51EC100B06F01FFBC4E900010BE08B
:109E900053EC192B51EC100B06F016FB53EC182B5E
:109EA00006F012FBC4E900010120C8E705F02AFF13
:109EB00041EC100BBD4208D053EC1B2B51EC100BA6
:109EC00005F020FFC4E900010BE053EC192B51EC25
:109ED000100B05F017FF53EC182B05F013FFC4E926
:109EE00000014FF0FF30AAE7C348A84279DB9DED9F
:109EF000120B51EC100B01F073FC41EC180B9FEDB1
:109F0000C00B53EC102B06F09FF99FEDBF1B53ECD9
:109F1000112B05F0F7FE06F001F9074606F02DF9C2
:109F200041EC190B53EC1A2B06F08EF953EC182B5D
:109F300006F0BEFA41EC180B53EC1B2B51EC190B3D
:109F400006F082F9DFF8C8A241EC100B4FEA155871
:109F50000125FA4453EC102B51EC180B06F0B4FA1F
:109F6000032DC4E900013DD0C1F30A5005EB4511B2
:109F7000A8EB00001139814234DA0AEB051BB0EE80
:109F800048AA9BED000BF0EE68AA53EC102B51ECA5
:109F9000190B06F059F941EC1B0B51EC1A0B53EC61
:109FA0001B2B06F091FA41EC180B51EC1A0B53ECF9
:109FB000182B06F089FA53EC1B2B06F085FA9BED63
:109FC000020B41EC1A0B53EC102B51EC190B06F061
:109FD0003BF953EC1A2B06F077FA41EC100B6D1C91
:109FE000B8E70EE0002EA8BF3846BFF628AF94EDC4
:109FF000000B51EC100B05F047FEC4E9000178425C
:10A000001DE7C6F3130040F4801EC6F30A50A0F209
:10A01000F530471100F01F05C5F12000DDF848B00C
:10A0200008900020069007900520EC467949002D05
:10A0300007EB0002794408BF51F8221009D051F80B
:10A04000223001EB8201AB404A68089922FA01F103
:10A050001943A1FB0E26A1FB0B131A449A4234BFED
:10A060000123002303EB06080CEB8003D3E901A6D0
:10A070000E448E4234BF0121002192448A4411B122
:10A08000924502D903E0924501D2012100E000216E
:10A09000C3E901A641444CF82010011EA0F10100C3
:10A0A000C4DC029800F10050850F0298DDE90367D7
:10A0B0008000DDF8148006F060F841EC1A0B3046A1
:10A0C00006F072F89FED541B53EC112B06F0BCF810
:10A0D00041EC1B0B384606F067F89FED511B53EC23
:10A0E000112B06F0B1F841EC180B404606F05CF875
:10A0F0009FED4D1B53EC112B06F0A6F841EC190B0C
:10A1000051EC180B53EC192B05F0FCFD53EC1B2BF9
:10A1100005F0F8FD53EC1A2B05F0F4FDCDE908012C
:10A12000002008909DED080B53EC1A2B51EC100BFE
:10A1300006F0CAF953EC1B2B06F0C6F953EC182BAA
:10A1400006F0C2F953EC192B06F0B2F99FED381B5B
:10A1500053EC112B06F078F89FED370B41EC180B00
:10A1600053EC102B9DED080B51EC100B06F06CF826
:10A1700053EC182B05F0C6FD9FED310B41EC180B8D
:10A1800053EC102B9DED080B51EC100B06F05CF816
:10A1900053EC182B05F0B6FD41EC100B139810F0A2
:10A1A000004F06D06D4251EC100B05F06DFD41ECF7
:10A1B000100B284684ED000B41E600000000000073
:10A1C0000000000000000000FB21E93F7CD90240B4
:10A1D00000004054FB21F93F3163621A61B4D03D65
:10A1E000FB21F93F000000000000601A61B4D03D7F
:10A1F0007370032E8A19A33BFB2139410000000034
:10A2000083C8C96D305FE43F000000000000E03FFC
:10A210000A6B0000586A0000000000000000103EB9
:10A22000000000000000103C000000000000103A98
:10A23000182D4454FB21F93D3326A611460B113C41
:10A2400000000054FB21F93D70B504462DED028B52
:10A250004D1E00EBC500B0EE408AF0EE608A90ED36
:10A26000000B35F0060017D053EC182B51EC100BF7
:10A2700005F0EAFF41EC100B6D1E04EBC50090EDFC
:10A28000001B51EC100B53EC112B05F03BFD41EC86
:10A29000100B35F00600E7D1022D36D0042D1CD06E
:10A2A000062D1CBFBDEC028B70BD53EC182B51EC7E
:10A2B000100B05F0C9FF94ED0A1B53EC112B05F0B0
:10A2C00021FD53EC182B05F0BFFF94ED081B53EC58
:10A2D000112B05F017FD41EC100B53EC182B51EC32
:10A2E000100B05F0B1FF94ED061B53EC112B05F09C
:10A2F00009FD53EC182B05F0A7FF94ED040B53EC6C
:10A30000102B05F0FFFC41EC100B53EC182B51EC1B
:10A31000100B05F099FF94ED021B53EC112B05F087
:10A32000F1FC53EC182B05F08FFF94ED001B53EC60
:10A33000112B05F0E7FCBDEC028B41EC100B70BD5E
:10A34000F1B506462DED040BBD482DED0C8B8AB002
:10A35000B0EE418AF0EE618A179D25F000449FED32
:10A36000BABB9FEDBBCB844208DA9DED160B51ECD6
:10A37000100B05F0D3FE002800F0E980B64FA7428D
:10A3800031DC002D0DDA9DED160B51EC100B05F0B4
:10A390007BFCCDE9160151EC180B05F075FC41EC86
:10A3A000180B9FEDAF0B53EC102B9DED160B51ECE2
:10A3B000100B06F07DF853EC182B9FEDAB0BCDE99D
:10A3C000040151EC100B06F07FF841EC100B53EC3C
:10A3D000102B9DED040B51EC100B05F093FC9FED41
:10A3E000A48BCDE916019DED160B53EC102B51EC0F
:10A3F000100B05F029FFCDE904019DED040B53EC92
:10A40000102B51EC100B05F01FFF41EC190B9A4873
:10A410000621B0EE490AF0EE690A7844FFF714FF0E
:10A420009648B0EE40DAF0EE60DAB0EE490AF0EEAF
:10A43000690A06217844FFF707FF9DED041B51ECE4
:10A44000100B53EC112B05F0FFFE9DED040B41ECBE
:10A450001A0B53EC102B9DED160B51EC100B05F065
:10A46000F3FE41EC190B53EC1A2B51EC1D0B05F0CC
:10A4700049FC53EC192B05F0E7FE53EC182B05F0C3
:10A4800041FC9DED041B53EC112B05F0DDFE53EC5C
:10A49000182B05F037FC41EC180B9FED790B51ECB4
:10A4A000190B53EC102B05F0CFFE53EC182B05F0D5
:10A4B00029FC41EC190B9DED160B53EC192B51ECBB
:10A4C000100B05F01FFC41EC180BA74269DC30466D
:10A4D00005F053FE41EC1A0B51EC180B53EC1A2B00
:10A4E00005F010FC41EC1B0B53EC182B51EC180B36
:10A4F00005F0AAFE53EC1B2B05F0B8FC53EC192B0E
:10A5000005F0E2FF9DED161B53EC112B05F0D0FF7B
:10A510009FED5D1B53EC112B05F096FE53EC1A2BAF
:10A5200005F0C6FF41EC180B022000EAA570C0F14F
:10A53000010005F022FE53EC182B05F085FE00BF4C
:10A5400041EC100B0AB0BDEC0C8B05B0F0BD711CDA
:10A550001698214308430CD09DED160B012E1CBF0D
:10A5600053EC102B51EC1C0B10D000BF05F07EFCFF
:10A57000E6E79DED160B51EC100B01F031F941ECC3
:10A58000100B51EC1B0B53EC102BEFE751EC100BA5
:10A59000FFF7D7F9042808BF00F096F89DED160BD9
:10A5A000D0E7012E04BFB0EE480AF0EE680AC9D029
:10A5B0008DED048B002404949DED040B53EC102BC3
:10A5C0009DED160B51EC100B05F072FF53EC192B9F
:10A5D00005F06EFF41EC190B53EC182B51EC1C0BE2
:10A5E00005F044FC41EC180B8DED008B00949DEDC3
:10A5F000040B53EC102B9DED000B51EC100B05F0F0
:10A6000023FE53EC1B2B05F07DFB9DED000B41EC75
:10A610001A0B53EC192B51EC100B05F015FE53ECF3
:10A620001A2B05F06FFB53EC182B05F00DFE9DED7A
:10A63000001B53EC112B05F065FB81E700000000C7
:10A640000000303E00000000000000000000F03F6D
:10A65000000000000000F0BF2894E53F000000006B
:10A66000182D4454FB21E93F075C143326A6813C96
:10A6700000000000000000000A67000020670000E2
:10A68000635555555555D53F00000000000000406A
:10A6900010B553EC102B51EC100B05F033FB41ECD3
:10A6A000100B10BD000000009FED050B10B553EC22
:10A6B000102B51EC100B05F0D9FB41EC100B10BD29
:10A6C00000000000000000009FED050B10B553ECEA
:10A6D000102B51EC100B05F0B7FD41EC100B10BD29
:10A6E000000000000000001030EE000A704730EE5D
:10A6F000200A7047DFED020A80EEA00A70470000D2
:10A70000000000009FED020A20EE000A70470000E2
:10A710000000001030380A2801D2012070470020C4
:10A72000704770477047000070B505462DED068BE9
:10A730004FF4FA74012690ED061ADFED3E1AF5EE9D
:10A74000C00A21EE211AC0EE018AF1EE10FA02D100
:10A750009FED398A05E095ED051AB0EEE00A81EE2D
:10A76000008A9FED36ABF5EEC00AF1EE10FA05DC7B
:10A77000F5EEC00AF1EE10FA00D20026B0EE4A0A59
:10A78000F0EE6A0AFFF704FBB0EE409AF0EE609A32
:10A7900018EE100A05F082FF53EC192B05F052FE5B
:10A7A0000BD2B0EE4A0AF0EE6A0AFFF7F1FA51EC6A
:10A7B000100B05F075FA08EE100A0EB9B1EE488AD2
:10A7C000F5EEC08AF1EE10FA20D0B5EEC08AF1EEB7
:10A7D00010FA14D040F27120DFED1A0A9FED1A0A28
:10A7E00008EE200ABDEEC00A10EE104A844201DDD8
:10A7F000044604E0B4F5BB7F01DC40F27714B0EE10
:10A80000680A2146284600F02FF801E0B0EE680AF9
:10A810002A6A214626B1F0EE680AB1EE400A03E04A
:10A82000F1EE400AB0EE680ABDEC068B2846BDE8A2
:10A8300070401047DB0F494000000000000000405E
:10A8400052C1E03F00803B430000FA430349C1602E
:10A85000034941600349816070470000A5E4000896
:10A86000F5E300082DE4000810B504462DED088B33
:10A870004FF4FA70F0EE40AA814205DDA1F5FA71BD
:10A88000C81701EB90700BE0814204D1B0EE6A0A68
:10A89000BDEC088B10BDC1F5FA70C11700EB9170CB
:10A8A000811000EE101ADFED1E0A9FED1E1AB8EEA1
:10A8B000C00A60EE200A80EE810A10EE100A05F050
:10A8C000EDFE41EC100BFFF763FA94ED06AAB6EE2D
:10A8D00000BAB0EE409A2AEE0B0AF0EE609A10EE43
:10A8E000100A05F0DBFE41EC180B606905F0D6FE9E
:10A8F00053EC192B05F0BAFA53EC182B05F002FAB9
:10A9000005F0CEF900EE100AF0EE400A0AEE4B0A0E
:10A910004AEE0B0A80EE801A21EE2A0AB8E7000000
:10A92000DB0F4940000034430EB5524E012250491E
:10A93000304601F0FFF84E4C241F0125616809B133
:10A94000062905D301224A493046656001F0FCF82A
:10A9500001F0D0FF03F0ACF901F054FC00F01CFC56
:10A9600000F04EFB444E4549306800F0C5FA4349BB
:10A97000706800F0C1FA42481E21006802F066FBD0
:10A9800040481E21006802F061FB3F481E2100681C
:10A9900002F05CFB3D483221006802F057FB3C4866
:10A9A0004FF4FA71006802F051FB3A48F7F7F6FCF1
:10A9B000394E00208DF80400306802F08FF900F065
:10A9C00039FC207903F068FC606800903348C823A4
:10A9D000642200684FF4E16100F07AFB642302AA6C
:10A9E00001A9306802F0E8F820B12D480068C1687C
:10A9F0008847F3E79DF804102AA0F5F79DFD6068ED
:10AA0000062830D2DFE800F02F030B131B2328A009
:10AA1000F5F792FD9DF8040003F008FE1EE029A062
:10AA2000F5F78AFD9DF8040003F046FD16E02BA023
:10AA3000F5F782FD9DF8040001F0EAFA0EE02DA082
:10AA4000F5F77AFD9DF8040001F012FA06E02FA058
:10AA5000F5F772FD9DF8040001F02AF99DF8040055
:10AA600000F0FCFFBAE72FA0F5F766FD6560D1E7BF
:10AA7000E001002000000C08680100200DAE000875
:10AA8000340000203C000020300000204000002066
:10AA900044000020E0260020280000207001002053
:10AAA000B80100206D73673A2025630D0A0000008D
:10AAB000434841535349535F545950455F544934B7
:10AAC00057440A00434841535349535F5459504532
:10AAD0005F54414E4B424C41434B0A004348415363
:10AAE0005349535F545950455F4A455454414E4B66
:10AAF0000A000000434841535349535F545950459D
:10AB00005F4A45544155544F0A00000043484153A1
:10AB10005349535F545950455F4A455441434B454F
:10AB2000520A0000436861737369735F72756E5FE8
:10AB3000747970653A64656661756C740A0000002A
:10AB4000D0ED001A90ED010A91ED001AD1ED010A45
:10AB5000131F032B0BD890ED022AB1EE422A80ED91
:10AB6000022A91ED022AB1EE422A81ED022AD30790
:10AB700006D080ED000AC0ED011AC1EC020A07E020
:10AB8000C0ED001A80ED010A81ED001AC1ED010A45
:10AB9000012A05D0022A03D0042A01D0072A0DD1A8
:10ABA00090ED000A022AB1EE400A80ED000A91ED14
:10ABB000000AB1EE400A81ED000A05D0032A03D055
:10ABC000062A01D0072A0BD190ED010AB1EE400A06
:10ABD00080ED010A91ED010AB1EE400A81ED010A12
:10ABE000704700007CB53A49A1F10C04088880B395
:10ABF000A0F57062FF3A2CD000EE100A9FED351AD6
:10AC00004888B8EE400A3449C1EE000A00EE100A46
:10AC1000B8EE400A20EE800AF2EE060A20EE200A84
:10AC200010EE100A884201DD9FED2C0AD4ED000AD7
:10AC3000F5EEC00AF1EE10FA09D09FED291A60EE88
:10AC4000810A9FED281A40EE010AB0EE600A84EDF9
:10AC5000000A02221E492448F7F71EFC60680025FE
:10AC6000401C606014281BDD656094ED000AF6EE60
:10AC7000000A6E4630EE200A1CA1701CBDEEC00A10
:10AC800010EE102AF5F764FC701CF5F79DFD8DF8A9
:10AC90000000184800231A466946006801F0EAFFE0
:10ACA000154920680844154988420ED2A068401C06
:10ACB000A060C8280ADD052000901148C8239A002A
:10ACC000006840F6340100F003FAA5607CBD000086
:10ACD000CC0100200040974400409C46000000004A
:10ACE0003333733FCDCC4C3DE026002056256456CF
:10ACF000000000002C000020FFDF66BAFFBF2B0021
:10AD00007001002010B500F06BFE05284FF0000028
:10AD100006D100F093FB0348407800F0A5FC012029
:10AD200010BD000068D800202DE9F041114C0D46FF
:10AD30001029266802D21048F9F786FF20680F4FC5
:10AD400080F0010007EB0011206010220A48F9F79B
:10AD50004EFF07EB06160024094F06E000233119C9
:10AD60001A46386801F086FF641CAC42F6DBBDE889
:10AD7000F08100009C01002028320020D4D800205F
:10AD8000280000200148006802F0B6B85C000020EE
:10AD90001CB516491648FAF7B4FA17491548102297
:10ADA000096800EB01111248F9F721FF134E144F07
:10ADB0004FF0FF346D462146306802F01FF82346FD
:10ADC00000226946386801F0F7FE0028F3D10D4AE9
:10ADD00001210748FAF75AFA9DF80020072A00D9FE
:10ADE0000722691C0248FAF7FFFAE4E729AD0008D8
:10ADF00028320020D4D800209C0100205C000020D4
:10AE00002C00002085AD0008704700002DE9F84FA8
:10AE1000DFF884800746214CD8F80000DFF88090E6
:10AE20000E464FF4E16AB84225D1202E23D1606846
:10AE3000401C6060062801D301206060207903F087
:10AE40002BFA5020EFF3118580F31188BFF34F8F59
:10AE5000BFF36F8F11490122091D124800F074FEE3
:10AE600085F3118860680090C82364225146D9F8A0
:10AE7000000000F02DF9D8F80400B8420AD1022EE3
:10AE800008D160680090C82364225146D9F80000B8
:10AE900000F01EF9BDE8F88F68010020DC010020F9
:10AEA0007001002000000C08002101718160C16068
:10AEB000016141614FF4C87181614FF4FA61C16170
:10AEC00089100162014941627047000009AE000823
:10AED00010B501680748012903D0022903D00020DA
:10AEE00010BD022100E00121F7F71AFF80F00100F8
:10AEF00010BD000000100240002900D041627047E0
:10AF000070B50446406908446061A16A20468847DC
:10AF10000146A068884201D0A16070BDE16881420D
:10AF200001D10028F9D0E0602179002571B1012913
:10AF300033D00229F1D178B3216A60698842ECD913
:10AF4000626A042120469047656170BDD8B1626A8B
:10AF5000012120469047D4E90501884210D220699A
:10AF600070B1401C2061022803D1626A4021204652
:10AF700090472069032803D1626A802120469047C8
:10AF80000120656114E0D4E905018842DDD920691A
:10AF90000028DAD02561D7E719E058B1E169606986
:10AFA0008842D2D9626A0221204690470220656118
:10AFB000207170BD626A102120469047626A20218C
:10AFC00020469047206900B90120206107E0626AAD
:10AFD0000821204690472561A069401C60612571C9
:10AFE00070BD000010B5054C1E212068FFF788FFDA
:10AFF0006068BDE810401E21FFF782BF6801002095
:10B000002DE9F047144D154E00244FF4967740F289
:10B01000DC584FF4C8792C221149002001F0BCF90A
:10B0200045F82400FFF740FF55F82410601C086025
:10B0300055F82400866255F82400876155F82410DD
:10B04000C1F81C8055F82410641C022CC1F8209013
:10B05000E1DBBDE8F087000068010020D1AE000808
:10B06000A001002044F62060814200D90146154A23
:10B070000A29106815D2016A41F21113194207D149
:10B08000016A9B10194203D1016821F0010101609E
:10B0900011680020486202464FF480710A48F7F7B1
:10B0A00044BE0A4BB3FBF1F1C1F34F03491EC16229
:10B0B000D160106843631068016841F001010160CC
:10B0C00070470000D02F002000000240A086010041
:10B0D0001FB5069CADF80010CDE90123ADF80C407A
:10B0E000026A6946904704B010BD032101717047A0
:10B0F0002DE9F0410E46C269044600F10C0190476B
:10B10000002700B9277120794FF001080325E0B12D
:10B11000012827D0022816D1A0683044A060D4E9C5
:10B120000421114481420ED8401AA060208B0128CE
:10B1300025D0626AA18920469047208B00B1401E2D
:10B14000208384F80480BDE8F0812069B8B1A1892A
:10B15000A9B1626A20469047606908B1A760F0E72C
:10B160002571F0E7A0683044A06021698842EAD3E5
:10B17000626A00212046904702202071E3E7626A5C
:10B18000002120469047EBE702481E210068FFF7A8
:10B19000AFBF00007001002010B586B000224FF450
:10B1A00080711C48F7F7C1FD18221B496846F5F766
:10B1B0006FFB6A461021052001F030FD1749282257
:10B1C00048601749002001F0E7F8144C2060FFF7B1
:10B1D0008CFF2168012008602068124941621249F1
:10B1E000C16112490162124800210268516202687D
:10B1F000891E116102686FF0020111610168CA685D
:10B2000042F00102CA600068C16841F00201C160F9
:10B2100006B010BD00000240300A01087001002095
:10B22000A001002065B0000821B800087DDA000800
:10B23000D02F002010B534482DED048B00F006FA15
:10B2400031480324B7EE008A0470DFED308A80EDC8
:10B25000078A9FED2F9AC0ED068A80ED059A2D4949
:10B260000162243000F0F2F927482B4924300470A1
:10B2700080ED078AC0ED068A80ED059A01622430D0
:10B2800000F0E4F92048012148309FED240A0170C4
:10B2900080ED078A80ED060A9FED210A214980EDA5
:10B2A000050A0162243001F03DFA174804216C3090
:10B2B0009FED1D0A017080ED078A80ED060A9FED63
:10B2C0001B0A1C4980ED050A9FED190A80ED040A4E
:10B2D00001622430FFF7BAFA0B48052190309FED48
:10B2E000160A017080ED078A80ED060A9FED130AA9
:10B2F000144980ED050A9FED120A80ED040A0162EF
:10B30000BDEC048B10BD0000F47001200000584219
:10B31000CDCC4B4345BE000801E600080000344296
:10B320000000014389E700080000C14200005A43C1
:10B3300000004343CDBF00080000C8427B54554382
:10B3400085EB6043F9BD000870B514460A461849FC
:10B3500048B110280AD04FF48055202808D0302852
:10B360001DD0202004E04FF4804501E04FF400554B
:10B370000D81012B40EA020014D00146032003F0A6
:10B38000B5FC062002F022FD00F0F000012C0CD0EC
:10B3900020F00101BDE87040062003F0A7BC4FF487
:10B3A0000065E5E740F08001E8E740F00701F1E7DC
:10B3B00068D800202DE9F04115460A461E4C10F0D1
:10B3C0000F0F4FF040012AD10611082E27D2DFE8D7
:10B3D00006F004071A1D200922244FF4006101E041
:10B3E0004FF480616181012B40EA020019D00146CF
:10B3F000042003F07BFC062002F0E8FC00F00F01C3
:10B40000012D11D012E04FF40071EBE74FF4807181
:10B41000E8E78021E6E72021E4E71021E2E7502079
:10B42000E0E740F08001E3E741F07001BDE8F04162
:10B43000062003F05BBC000068D8002070B505460C
:10B44000002000F011F920206022124C05212DB1BE
:10B4500001236370A0700D20E07003E0032363708C
:10B46000A070E170227161716078C00705D000237F
:10B47000E178A0781A46FFF767FF6078800707D564
:10B4800061792079BDE8704000231A46FFF792BF2A
:10B4900070BD000068D800202DE9F0410446B0F9E5
:10B4A0000610B0F90800F6F707FC514D514E4FF465
:10B4B0007878E870492811D0432805D1B4F90C10E8
:10B4C000414500DC6C20E870C0B2472809D1B4F9CE
:10B4D0000C10414500DC7020E87002E02879492812
:10B4E00006D0434900231A46C91C306801F0C2FB4C
:10B4F000E8782871B4F90E000027404506DA68782C
:10B50000662829D06620287068701FE0B4F90410FE
:10B51000B4F90200F6F7D0FB2870492809D0697900
:10B52000491CC9B26971042916D16F71687009305C
:10B530000BE0697849290FD06979491CC9B2697152
:10B54000042909D16F7168705220287000231A46AF
:10B550002749306801F08EFBB4F90A004FF4AF625E
:10B56000532190420DDDB5F90800904207DAA97029
:10B570001F4900231A46891C306801F07BFB608953
:10B580000AE0B0F5167F07DAA879401CC0B2A871AE
:10B590006428F4D1AF71EAE72881B4F910004FF4C0
:10B5A000C861884207DDB5F90A00884201DA6E20D9
:10B5B0000AE0208A18E04FF4967188420DDAB5F956
:10B5C0000A008842F5DD6A200949A87000231A465E
:10B5D000891C306801F04EFBEBE7E979491CC9B2E0
:10B5E000E971142901D9EF716881BDE8F08100008B
:10B5F000780100202800002010B5B0EE401A2DED93
:10B60000028BF6EE001A90ED050AB0EE418A044670
:10B6100020EE200AF0EE410A40EE610A00EE218A97
:10B62000B0EE600A00F01EFEF0EE408AB0EE480A6E
:10B63000204600F017FEF0EE400A216AB0EE680ADC
:10B64000BDEC028B2046BDE8104008470349C160AD
:10B650000349416003498160704700007DE40008B0
:10B66000E9E30008FDE3000810B5044601460820A0
:10B6700003F03CFB044904F003004870BDE81040AF
:10B68000012001F047BA000068D8002010B5F0EEA4
:10B69000400A2DED028B044690ED060ADFED1A8A72
:10B6A000203001F003FD94ED070AD4ED0E0A17498E
:10B6B000B8EEC00A30EE208A18EE100A884201DD8A
:10B6C0009FED138A134918EE100A884201D99FEDA5
:10B6D000128A124918EE100A884204D218EE100A93
:10B6E0000F49884201DBF0EE488A626CBDEEE80A41
:10B6F000204610EE101A9047BDEEC80A84ED070AE6
:10B70000BDEC028B10BD00000000000000007A4478
:10B7100000007A4400007AC400007AC400007AC3B2
:10B7200000007A430021E0E802119FED0A0AE0E8F8
:10B730000211B0EE401A80ED010A80ED020AC160EC
:10B7400040F8101B42F20F71F0EE400AC16101F0A7
:10B750009FBC000000000000D0ED100AF4EEC00A0B
:10B76000F1EE10FA06D3F1EE600AF4EEC00AF1EE43
:10B7700010FA01DDB0EE600A80ED080A70470000A3
:10B78000F0B5D0E903618468CF17A4FB015C06FB28
:10B7900001C104FB0714A91802685C418A1A00EE73
:10B7A000902AC0E90014B8EEE01AC1EE000A9FED3D
:10B7B0000A0A9FED0A1A20EE800AD0ED050A00EE73
:10B7C000810A80ED050AD0ED0F0AF8EEE00A80EE5E
:10B7D000201A80ED061AF0BD6666663FCDCCCC3DE2
:10B7E00082B0CDE9000121F0004001909DED000BF9
:10B7F00002B051EC100B704713B54FF6FF730122E6
:10B8000069460248F9F7A0FD00981CBDB031002040
:10B81000024800231A46406801F0CEB960010020BA
:10B82000024800231A46406801F0C6B970010020A2
:10B8300010B52DED0E8BF0EE42AAF0EE61EAB0EEFF
:10B8400062AA6EEEAA1AB7EE00BAB0EE41DAF0EED6
:10B8500060DA61EE8A1A9FED5D8AB0EE40EAB0EEE2
:10B860004B9AF5EEC01AF0EE489AF1EE10FA7CD041
:10B870002EEEAE0A0AEEAA0A0AEE0A0A00F0EEF965
:10B880006AEE801A2EEE801A6AEE000AF0EE488AFE
:10B8900021EE8B0AF0EE00AA00EEE80A60EEA80A9C
:10B8A00041EE4B0A21EE281A01EEE81ADFED481AA4
:10B8B000F0EE482AF0EE488A40EE21CA00EEA1CA16
:10B8C00041EE21BAF2EE041A00EE21EA40EEA1DACE
:10B8D00001EE21DAF0EE481A3EEE2C0A7DEE8C0ADB
:10B8E0003DEE2B1A21EEC02A01EEE02ADFED391AD7
:10B8F00009EEC12A02EE219A29EE002A02EE812ADF
:10B9000009EEE02A42EE218A29EE202A08EEC12A19
:10B9100029EE011A08EEA01A09EE802A02EE218A09
:10B9200008EE401A29EE090A08EEA80A41EE219A0B
:10B9300008EE080A09EEA90A00F090F928EE80AA9C
:10B94000B8EE00CA29EE001A28EE008A69EE808A55
:10B950002AEE0C0A60EE0A0A28EE2A0A40EE480A8D
:10B9600020EE280A70EE8B0A00E02BE021EE2A9AE6
:10B9700009EE0A0AFEF7B6F8DFED17CA6AEE2A9A50
:10B9800060EE2CBA29EEA80A09EE480AFEF714F870
:10B9900020EE2CAA28EE0C0A68EEAA0A20EE080A6D
:10B9A00000EEE80A70EE0B0A29EE880A09EE280A72
:10B9B000FEF798F8DFED090A20EE201AF0EE4A0AA9
:10B9C000B0EE6B0ABDEC0E8B10BD00000000000055
:10B9D0006F12033C23650B3B33336542333365C23F
:10B9E0002DE9F84318A000260068184F3546E846B0
:10B9F000009018F805003870002403E0002002F0E1
:10BA0000E5F90646052E0AD02046641C0528F5DB1C
:10BA10006D1CEDB2022DECD33046BDE8F88302F088
:10BA2000A1F9C020B8717821022003F05FF901204C
:10BA300002F0CCF90021082003F058F9B979092067
:10BA400003F054F9E8E700006A6B000068D80020B2
:10BA500010B5012001F05EF8FBE700002DE9F04190
:10BA6000324C334D4FF4FA77B4F90010B4F9022098
:10BA7000EE682B684F2856D00ADCA0F14A0040F649
:10BA8000C41505284FD2DFE800F02C4E364E40009A
:10BA9000502841D0512846D0522844D0662842D15F
:10BAA000224840F2DC56B142B0F90000A0F2DC506E
:10BAB00000DC4042C0F34E0226803146184602F0B8
:10BAC000DEF8B4F90200B042A0F2DC5000DC4042E3
:10BAD000C0F34E026680E8683146BDE8F04102F0EE
:10BAE000CEB8323109B22180A94200DB294621803B
:10BAF00078221846F1E7323211B26180A94200DBA8
:10BB00002946618078223046E7E7323909B2218040
:10BB1000B942ECDC3946EAE7323A11B26180B94207
:10BB2000EFDC3946EDE7BDE8F0810000DC010020E4
:10BB3000A4D8002010B5002303E010C841F823402A
:10BB40005B1C9342F9D310BD2DE9F04F87B04FF045
:10BB5000000817460E460446CDF81480B0F1006F79
:10BB600038D3A00736D1F6F7DDFF1C48254604EB95
:10BB700087074CF2503B844215D24FF001094FF039
:10BB8000020ABD420FD22868401C11D02846CDF8C9
:10BB90000080FBF7F5F802AA05A982E801066846CD
:10BBA000F6F72CFF28B15846F6F796FA70B10FE079
:10BBB0002D1D5846F6F790FAE3E7002321460220B0
:10BBC0003268F6F771FF18B9241D361DBC42F4D354
:10BBD000F6F760FF07B0BDE8F08F000000100C081A
:10BBE00086B0FFF78FF8E8B10FA0F4F7A5FC64204A
:10BBF00000F090FF134F124C4FF0FF3807F108058B
:10BC000003AE4146206801F0F9F82A46391D0D4877
:10BC1000F6F78AFA3146684602F070F9322000F0F1
:10BC200079FFEEE708A0E0E7716D69383635385FD7
:10BC3000696E697420737563636573730000000037
:10BC400050000020C4710120716D69383635385FAD
:10BC5000696E6974206661696C0000000EB5F7EECC
:10BC6000080ACDED010AF6EE000A10EE100A60EEA9
:10BC7000200A0E49CDED020A8DED000AA1EB60000D
:10BC800000EE100A00908DED000AB0EE600ADDEDC6
:10BC9000000A9DED001A60EE200A9DED010A00EEFB
:10BCA000C10A20EE010A8DED000A0EBD865A375FEB
:10BCB000014608B54448454A4829006892ED060AFD
:10BCC00079D014DC9FED422A9FED421ADFED422A23
:10BCD0003E4AA1F141010729D2ED060AF1EE601AB0
:10BCE0002BD2DFE801F03B41464B505B6300DFEDB8
:10BCF0003B0A6C2921D011DC49292AD053291DD0B7
:10BD00006A291AD130EE200A354910EE100A82ED68
:10BD1000060A88420FDD9FED330A0CE06E290CD134
:10BD200030EE600A304910EE100A82ED060A8842B1
:10BD300001DAB0EE600A82ED060A08BD012000902B
:10BD40002A48C8239622006840F21451FFF7C0F930
:10BD500008BDC16801B05DF804EB0847F0EE420A87
:10BD60004168B0EE601A15E00121DFED210A82681A
:10BD700025E00121F0EE410A826820E00121F0EE89
:10BD8000410A82680EE0F0EE420A4168B0EE601AA5
:10BD9000B0EE610A01B05DF804EB0847826800214B
:10BDA000F0EE620AB0EE610A09E004E00021F0EE74
:10BDB000620A826803E0DFED0F0A8268002101B0A9
:10BDC0005DF804EB10470000B8010020DC01002002
:10BDD0000000000000009643000096C300004842A7
:10BDE0000000E1430000E1430000484270010020F0
:10BDF00000401C4400401CC470B5104D0C462DED95
:10BE0000028BB0EE608A6868F0EE408AA04205D0EE
:10BE1000A1B26422092002F015FA6C60084CB0EE61
:10BE2000680A6068FFF798FC2068B0EE480ABDEC2D
:10BE3000028BBDE87040FFF78FBC0000B801002006
:10BE400094D8002010B5094C2DED028BB0EE408A3D
:10BE5000B0EE600A2068FFF77FFCE068B1EE480AA8
:10BE6000BDEC028BBDE81040FFF776BC94D80020F3
:10BE7000014608B54948DFED4A0A9FED4A1A4A4A89
:10BE80000068482992ED050AF1EE401A65D00BDCF6
:10BE90009FED462AA1F14101072935D2DFE801F0E3
:10BEA0003A3E43484D5158009FED411A6C295CD0F1
:10BEB00011DC492929D053291CD06A2924D130EE1C
:10BEC000010A3C4910EE100A82ED050A884261DD44
:10BED0009FED390A5EE06E2951D0702914D1B0EE81
:10BEE000600A4168B0EE401AF0EE610A01B05DF8F8
:10BEF00004EB0847012000903048C82396220068D0
:10BF000040F21451FFF7E4F808BDC16801B05DF8D4
:10BF100004EB0847B0EE601A4168E7E70021F0EE55
:10BF2000420A82681DE00121DFED250A826818E0DF
:10BF30000021F0EE420A826807E0B0EE601A416824
:10BF40001AE082680021F0EE410AB0EE610A08E0D2
:10BF50000121DFED1C0A826803E082680021F0EE17
:10BF6000410A01B05DF804EB1047F0EE601A416839
:10BF7000B0EE611AF0EE400AB0EE610AB6E730EEBC
:10BF8000410A114910EE100A82ED050A884201DAD1
:10BF9000B0EE410A82ED050A08BD0000B80100209C
:10BFA000000000000000FAC3DC0100200000FA439A
:10BFB000000048420000E1430000E143700100201E
:10BFC0000000C8430000C8C30000484210B50F4C31
:10BFD0002DED048BF0EE618AB0EE418AB0EE609AEE
:10BFE000E068FFF7B9FBB0EE490AA068FFF7B4FBC1
:10BFF000B1EE480A2068FFF7AFFB6068B1EE680A4F
:10C00000BDEC048BBDE81040FFF7A6BB94D8002020
:10C01000014608B541489FED422ADFED420A424AF7
:10C020000068482992ED040A71D010DC3E4ADFED29
:10C030003F2AA1F14101D2ED041A0729F1EE611A5C
:10C040001DD2DFE801F03D43464B505B6000F3EE4C
:10C05000090A6C2913D013DC49292CD053291FD08D
:10C060006A290CD170EE200A314910EE900AC2ED17
:10C07000040A884201DDF0EE420AC2ED040A08BD5E
:10C080006E29FCD130EE600A2A4910EE100A82EDCA
:10C09000040A884201DA9FED280A82ED040A08BDED
:10C0A000012000902548C8239622006840F21451D0
:10C0B000FFF70EF808BDC16801B05DF804EB084752
:10C0C000F0EE620A4168B0EE601A13E00021826867
:10C0D00001E082680121F0EE420A1AE00021F0EE50
:10C0E000420A82680CE0F0EE620A4168B0EE601A23
:10C0F000B0EE610A01B05DF804EB084782680021E8
:10C10000B0EE610A05E00121826802E0FFE7826883
:10C11000002101B05DF804EB10470000B8010020D9
:10C1200000004843000048C3DC010020000000007C
:10C1300000004843000048420000484270010020CF
:10C14000032101717047000081F00100C2B24FF479
:10C1500080610148F6F7E9BD001002402DE9F04189
:10C160000E468269044600F10C019047002700B991
:10C17000277120794FF001080325E0B1012826D06E
:10C18000022816D1A0683044A060D4E903211144EC
:10C1900081420ED8401AA060A08A012824D0226AC9
:10C1A000012120469047A08A00B1401EA08284F859
:10C1B0000480BDE8F081E068B0B1226A0121204628
:10C1C0009047206908B1A760F1E72571F1E7A06801
:10C1D0003044A060E1688842EBD3226A0021204607
:10C1E000904702202071E4E7226A00212046904710
:10C1F000EBE7000002481E210068FFF7AFBF000018
:10C200006001002010B586B0182210496846F4F786
:10C210003FFB6A460C21052000F000FD0C4924225A
:10C2200048600C49002000F0B7F8094C2060FFF787
:10C2300087FF2168012008602068074901620749DB
:10C2400081610749C16106B010BD0000180A0108EC
:10C2500060010020A001002049C1000811B80008B9
:10C260006DDA0008D0ED060A9FED051A60EE810A2E
:10C2700080EE201A90ED070A21EE000A70470000B8
:10C28000DB0F4940D0ED060A9FED051A60EE810AEA
:10C2900080EE201A90ED070A21EE000A7047000098
:10C2A000DB0F4940034900220A704A681044486085
:10C2B000704700002801002008B5002002460090C9
:10C2C00003480A236946006800F0D4FC08BD00005A
:10C2D000240000202DE9FC410E4608B1044600E090
:10C2E0002C4C4EB3A06838BB4FF00008CDF800804E
:10C2F0004546CDF8048006EBC500416811B956F8F3
:10C30000351059B1DDE900120A4456F835108A4259
:10C3100012D8009140686D1C0190ECE765B15EB1E8
:10C3200004F11400074600F065F828B9384600F01B
:10C330004FF808B1002728E00020BDE8FC8101AAE1
:10C340006946304601F028FBE8B1A16811B90098B0
:10C35000C4E90008DDE9000210440838A060C0F814
:10C360000080A068C0F804800098A2680260019A6A
:10C37000083A426001B10860E16840680844E06042
:10C380002069401C206108367F1CAF42D7D320694A
:10C39000D3E7000010D800202DE9F04115460E46E5
:10C3A00008B1044600E0094C04F11400074600F00F
:10C3B0002FF82A463146204601F09AFA04463846BC
:10C3C00000F01DF82046BDE8F081000010D80020E4
:10C3D0001FB5044606480FC88DE80F00684600F0F8
:10C3E000B7FC2060002800D0012004B010BD000080
:10C3F000080A01080068002800D00120704710B525
:10C40000006800F0D9FC08B1002010BD012010BD6B
:10C4100010B500684FF0FF3100F071FC08B100204A
:10C4200010BD012010BD00000CB5C8B1104A016854
:10C43000914215D18169D243914211D1416879B1BC
:10C44000816869B102690192C06800901046009A43
:10C4500090420BD01046019A904203D9811A05E010
:10C4600000200CBD1046009A801A091A481E0CBD07
:10C47000EFBEADDE0CB598B1104A016891420FD104
:10C480008169D24391420BD1416849B1816839B188
:10C4900002690192C06800901046009A904202D151
:10C4A0004FF000000CBD02D9A0EB02000CBD1046FD
:10C4B000019AA0EB0200A1EB00000CBDEFBEADDEC7
:10C4C00070B515460E4604000CD05EB155B11C2166
:10C4D000F4F73AFA0448A560C4E90006C043A06135
:10C4E000012070BD002070BDEFBEADDEF8B51D4669
:10C4F0000E460400174635D01B492068884231D1CA
:10C50000A069C94388422DD1606858B3A06848B378
:10C5100047B33DB3E06800902046FFF7ABFF86428B
:10C5200020D20099801B31440091A168009A914269
:10C5300001D8521A0092A84200D2054695B18E1A2F
:10C54000AE4200D32E466068811832463846F4F772
:10C550005AF9AD1B04D0B8192A466168F4F753F9AB
:10C560007019F8BD0020F8BDEFBEADDE38B50D4640
:10C5700004001BD014492068884217D1A069C94320
:10C58000884213D1606888B1A06878B175B120463F
:10C59000FFF770FF854200D30546E068284400900D
:10C5A000A0680099884203D9084603E0002038BDFE
:10C5B000081A0090E06063691BB12A4600212046FA
:10C5C0009847284638BD0000EFBEADDEF8B51646E8
:10C5D00004000F4633D0204A206890422FD1A06932
:10C5E000D24390422BD1606848B3A06838B337B3C8
:10C5F0002EB32046FFF718FFB04200D20646F6B130
:10C6000020690090A0680099451AB54200D33546CC
:10C6100060682A4608443946F4F7F5F80098761B16
:10C620002844009005D0791932466068F4F7EBF899
:10C630000096A0680099884203D9084603E00020CC
:10C64000F8BD00200090206163691BB1AA19012187
:10C6500020469847A819F8BDEFBEADDE2B4C08B5B3
:10C66000002020702A49FFF735FEF7F761F8FAF746
:10C6700013FC2848016841F400110160006800F4CF
:10C680000010009023481038016841F40011016047
:10C69000006800F400100090F9F762FEF9F75CFD05
:10C6A000FAF7D2FAF9F7DCFFFAF7E4F8FAF762F9E9
:10C6B000FAF702FAFAF75AFAF9F7F4FFFAF728F854
:10C6C000F9F742FFFAF79EFAFAF7DAFAFAF7F4FA0C
:10C6D000FAF710FBFAF726FAFAF782F9FAF7B6F941
:10C6E000FAF792F8F9F726FDFAF748F8F9F7E4FCBB
:10C6F000F9F74AFF207810B907A0F3F71DFF00F003
:10C700002DFAF9F757FD00F03BFAFEE7580100203B
:10C71000A00100204038024053746172742E2E2E06
:10C720000D0A00000349C16003494160034981606B
:10C73000704700008DE40008F1E3000815E40008EC
:10C7400010B504462DED048BD0ED041A90ED052AAA
:10C7500071EE821A21EE811A70EE601A30EE200A14
:10C7600031EEC12A30EE018A70EE418A31EE819AB3
:10C77000B0EE420AFFF786FDF0EE409AB0EE680A8E
:10C780002046FFF77FFDF0EE408AB0EE480A2046D3
:10C79000FFF778FDB0EE408AB0EE490A2046FFF779
:10C7A00071FDF0EE401A216AB0EE481AF0EE680A08
:10C7B000B0EE690ABDEC048B2046BDE81040084786
:10C7C0000F4A10B500231068002903DDC363106809
:10C7D000016409E005DA0364C1F100001168C8636F
:10C7E00002E0C363106803644FF008010448F8F7DF
:10C7F0004BF9BDE810400C210148F8F745B900009D
:10C800007C2900200F4A10B500231068002903DDA1
:10C8100043631068816309E005DA8363C1F10000B6
:10C820001168486302E04363106883634FF00001BE
:10C830000448F8F729F9BDE8104004210148F8F749
:10C8400023B900007C29002010B50C4600211148B6
:10C85000F8F782F904210F48F8F77EF900210D4816
:10C86000002C04DD026891630068446306E00268FE
:10C87000516301DAC4F10001006881634FF00001E7
:10C880000448F8F701F9BDE8104004210148F8F721
:10C89000FBB80000B42D002010B50C460021134851
:10C8A000F8F75AF900211248F8F756F900200F4A14
:10C8B0000F49002C04DD12685063086844630AE0E5
:10C8C00005DA09684863C4F10000116802E01268E3
:10C8D0005063096848634FF000010448F8F7D4F842
:10C8E000BDE8104000210248F8F7CEB8682E0020BD
:10C8F0001C2F00202DE9F041724D00242DED068BF8
:10C900004EF6602640F678779FED6F8ADFED6F8AEE
:10C910009FED6F9ADFED6F9A9FED6FAA48226F49E6
:10C920000020FFF739FD45F82400FEF7FBFE55F81F
:10C930002400066155F82400C76355F8240080EDF3
:10C94000108A55F82400C0ED088A55F8240080EDBF
:10C95000099A55F82400C0ED0A9A55F82400641C81
:10C96000042C80ED0BAAD9DB29685E4E5C48486434
:10C970003068002444623068016841F001010160C0
:10C980003068416C41F40041416457490868446291
:10C990000868A71E07610868C26842F00102C26009
:10C9A0000868016841F0010101603C214E48F7F739
:10C9B00011FE69684D484864306844623068016817
:10C9C00041F0010101603068416C41F40041416473
:10C9D000474908684462086807610868C26842F00D
:10C9E0000102C2600868016841F0010101603C2158
:10C9F0003F48F7F7EFFDA9683E4848643E4908689C
:10CA000044620868026842F0010202600868416CF2
:10CA100041F400414164394908684462086807618B
:10CA20000868C26842F00102C2600868016841F00B
:10CA3000010101603C213148F7F7CCFDE968314A3A
:10CA40002F484864106844622F490868446210689F
:10CA5000036843F0010303600868036843F00103BF
:10CA600003601068426C42F4004242640868416C02
:10CA700041F400414164254908684462086807613F
:10CA80000868C26842F00102C2600868016841F0AB
:10CA9000010101603C211948F7F79CFD1C49086819
:10CAA0004462086807610868C26842F00102C26017
:10CAB0000868016841F001010160BDEC068BBDE82A
:10CAC000F081000094D80020CDCCAC3F00000000E5
:10CAD00000007C42666626409A991940A001002019
:10CAE000C1C700087C2900204C2C002005C8000884
:10CAF000302A002049C80008B42D0020982B0020BF
:10CB000099C80008682E00201C2F0020E42A00206D
:10CB1000002D002010B5EFF3058111B16FF0050471
:10CB200003E0002408B101F0B5FF204610BD10B5A8
:10CB30004FF00001EFF305826AB948B1D0E9022055
:10CB40002AB1202807D3104602F0EEF802E010B90F
:10CB500002F0DCF80146084610BD0000EFF3058046
:10CB600010B16FF0050070470448016811B14FF033
:10CB7000FF3070470121016000207047D000002085
:10CB800010B5EFF3058010B16FF0050010BD084837
:10CB90000168012902D04FF0FF3010BD054A002185
:10CBA00082F8141D0221016002F024F8002010BD5B
:10CBB000D00000200BE000E0F8B51D466FF0030345
:10CBC0006FF002064FF00004EFF30582A2B1F0B15E
:10CBD000E9B1E5B9002200926A4602F053FC01284F
:10CBE00017D10098B0B10C494FF080500860BFF3E6
:10CBF0004F8FBFF36F8F0DE048B141B12A4602F06D
:10CC0000A5FB012806D025B16FF0010402E01C4607
:10CC100000E034462046F8BD04ED00E0F8B51446C7
:10CC20004FF00005EFF3058212BB08B301B3A4B1C6
:10CC3000D4E9023263B1502A1AD32269C2B16769BA
:10CC400000FB01F6B74213D3009502F089F907E023
:10CC500072B9226962B9626952B9002202F05FF9C1
:10CC6000050005D00CB1216800E0002101F0B2FE02
:10CC70002846F8BDF8B51D466FF003036FF00206B5
:10CC80004FF00004EFF30582AAB100B3F9B1F5B992
:10CC90000022134600926A4602F08CFA012818D14D
:10CCA0000098B8B10C494FF080500860BFF34F8F27
:10CCB000BFF36F8F0EE050B149B100232A4602F056
:10CCC000C7F9012806D025B16FF0010402E01C4627
:10CCD00000E034462046F8BD04ED00E010B5EFF367
:10CCE000058111B16FF0050404E028B1002421464C
:10CCF00002F06AF9204610BD6FF00304FAE72DE94F
:10CD0000F0410D46014621F0010001F001014FF014
:10CD10000004EFF305820AB1A41F16E048B1002910
:10CD20006FF001066FF00207294608D002F0B4FC4C
:10CD300007E06FF0030408E035B1344605E002F087
:10CD4000EFFB0128F8D100E03C462046BDE8F08129
:10CD500070B505464FF00004EFF3058050BB0DB1F0
:10CD6000686800E00020C10701D0012600E000262D
:10CD700000071FD46DB1D5E9021021B1502819D395
:10CD80001EB1042002E020B114E0012002F0BAF844
:10CD900005E00EB1042000E0012002F0A8F8040034
:10CDA00008D00DB1296800E0002101F013FE0EB19A
:10CDB00044F00104204670BD70B5014621F0010029
:10CDC00001F001014FF00004EFF305820AB1A41F46
:10CDD00011E028B16FF0020529B102F098FA07E0DE
:10CDE0006FF0030407E000231A46194602F030F9F9
:10CDF000012800D02C46204670BD0000F8B5002464
:10CE0000221F561C0D46002803D0EFF30581A1B167
:10CE10000DB114461BE000216A46009102F032FB7E
:10CE2000012813D1009890B10A494FF08050086052
:10CE3000BFF34F8FBFF36F8F09E0294602F070FBFD
:10CE4000012804D015B16FF0010400E034462046FB
:10CE5000F8BD000004ED00E0F8B514460E464FF0B2
:10CE60000005EFF3058191BB88B3864242D86A1E64
:10CE700044B1A1680029E16803D0502903D30122FD
:10CE800001E001B90022511C34D0012809D0012A47
:10CE900027D0314601F0EEFF05002BD034B32168D6
:10CEA00025E0012A14D003220021012002F037F8E6
:10CEB00005001FD0002EF1D000231A46194602F0BB
:10CEC000C7F80128EAD0284601F096FD002511E0B8
:10CED00003200090002211460120A36802F040F8D0
:10CEE000E6E73146A26801F0E2FFD5E700212846D7
:10CEF00001F070FD2846F8BD38B50024E51E002875
:10CF00000AD0EFF30581A9B100210091694602F032
:10CF1000B0F9012815D102E06FF0030412E0009887
:10CF200080B109494FF080500860BFF34F8FBFF3C5
:10CF30006F8F07E000231A46194602F089F801288E
:10CF400000D02C46204638BD04ED00E02DE9FF411D
:10CF50000B464FF00005EFF30581039549BB40B345
:10CF60008026182100244AB3176807B13C46976908
:10CF700007B139464F1E382F02D21779FF0703D069
:10CF8000002004B0BDE8F081576907B1BE08D2F8AF
:10CF900008C0BCF1000F0DD0D5685C2D18D3126904
:10CFA0003AB137B18DE806103246214602F0FBFB5C
:10CFB00003900DE0D7685FB912694AB903AACDE9B9
:10CFC0000012B2B2214602F0C1FB012800D0039545
:10CFD0000398D6E72DE9FC471C469046894607464C
:10CFE0004FF00006EFF3058058BB57B3082000F060
:10CFF0004DFD050025D0C5E90078B9F1000F12D02C
:10D000000122114B002094B1216801B10846A168AA
:10D0100059B1E4682C2C11D3CDE900312B46012104
:10D0200002F0A2FD08E00022EBE7E16831B90093CD
:10D030002B46012102F07EFD060002D1284601F0B8
:10D040005BFC3046BDE8FC87EF74000808B5EFF3E1
:10D05000058313B16FF0050008BD50B100230A46E7
:10D060000421009302F0C8FD012805D06FF00200F2
:10D0700008BD6FF0030008BD002008BD10B50120F9
:10D08000FFF748FDFBE710B50120FFF743FDFBE785
:10D09000DFED051A011DC0ED001A81EC040AC0ED98
:10D0A000051AC0ED061A70470000000090ED001A46
:10D0B000D0ED052AB0EE003A31EE400A90ED041AA8
:10D0C000B0EE402A60EE201A02EEC32A72EE012A68
:10D0D00082EEA02AD0ED010AD0ED022A60EE800A8D
:10D0E00042EEA10AD0ED031A41EE820AC0ED060A13
:10D0F00080ED051A80ED040A704700002DE9F0412B
:10D10000134E0F460446F5683068001D01F060FBC1
:10D11000601C07D137B13168BDE8F0410D48091DE9
:10D1200001F0AABB30682C44AC424460316805D29F
:10D13000B06BBDE8F041091D01F086BB706B091DA5
:10D1400001F082FBB06A844200D2B462BDE8F08193
:10D1500080000020343B00202DE9F041054601F01D
:10D1600097FB2D4EB068401CB06030682B4F10B15B
:10D17000706930B32BE03560B068012827D10024F6
:10D1800004EB840007EB800001F050FB641C382C9A
:10D19000F6D3234801F04AFB2148143001F046FB46
:10D1A0001F48283001F042FB1D483C3001F03EFB97
:10D1B0001B48503001F03AFB194870631430B063DB
:10D1C00005E03068E96AC06A884200D83560706A54
:10D1D000401C70626864E86A3169884200D9306135
:10D1E00000EB800007EB8000291D01F045FB01F0FA
:10D1F0006FFB706900280CD03068E96AC06A884209
:10D2000007D208494FF080500860BFF34F8FBFF33B
:10D210006F8FBDE8F0810000800000208436002080
:10D22000E43A002004ED00E038B501F031FB104C89
:10D230002068C8B90F4801F0F9FA0E48143001F01F
:10D24000F5FA0C48E060143020610A4B0020F03BF6
:10D25000009003F1500210210A2001F081FE2060AD
:10D2600010B105A101F0B6FBBDE8384001F030BBBC
:10D27000BC000020383C0020546D725100000000BA
:10D2800030B4026C0B46002A0BD0C1681144C16057
:10D290008468A14201D30168C16030BC1846F3F72D
:10D2A000B2BA30BC70472DE9F041856B1746044691
:10D2B0000026026C82B1C7B1E068F3F7A4FAE16816
:10D2C000206C091AE1602268914202D2A168081A12
:10D2D000E060022F16D017E02068A8B9A06802F01D
:10D2E00015FB06460020A0600EE06068F3F78BFA9D
:10D2F000216C606808446060A168884204D320689B
:10D30000606001E005B16D1E6D1CA5633046BDE88F
:10D31000F08110B5044690F8590058B101280CD09E
:10D3200002280FD0502080F31188BFF34F8FBFF336
:10D330006F8FFEE7206B01F0DFFA2046BDE810405A
:10D3400001F0DABA10BD000010484FF44051420716
:10D3500006D0C01D0D4920F00700411AC1F540510B
:10D360000B4A00230144C2E900030839183A21F0AE
:10D37000070111604B600B600B1AC0E9001393604A
:10D380004FF000405360506170470000189F00202C
:10D39000EC000020144E154DA6F29C474FF080582B
:10D3A000DFF84C9011E001F073FAF068C468201DBA
:10D3B00001F00EFAA868401EA8606868401E686008
:10D3C00001F086FA2046FFF7A4FF68680028EAD13A
:10D3D0003868012805D9C9F80080BFF34F8FBFF323
:10D3E0006F8F01F01FFAF0E7203B00208000002043
:10D3F00004ED00E0002807D00021816001600B46A9
:10D400000A46C16001F024BE704770B51D46049CF9
:10D4100049B12260C4E90F010121204601F0D4FD89
:10D4200084F84C5070BD2460F4E72DE9F05F0E469F
:10D43000DDE90B941746834691009A460A9DA52282
:10D44000206BF3F757FA6FF00301206B01EB8701B4
:10D45000084420F00707780707D0502080F3118890
:10D46000BFF34F8FBFF36F8FFEE74FF0000866B139
:10D4700000202218315C82F83410315C11B1401C5C
:10D480001028F6D384F8438001E084F83480382DE6
:10D4900000D33725E562C4E91358201D01F0D1F906
:10D4A00004F1180001F0CDF92461C5F1380064627F
:10D4B000A061C4F8548084F85880524659463846D2
:10D4C00000F03AFC2060B9F1000F01D0C9F800402B
:10D4D000BDE8F09F2DE9F0471F46DDE908941646A8
:10D4E0000D00804615D0002C11D0FFF79DFE04F1F1
:10D4F0001801C4F8008081E8A002201D01F0A1F904
:10D50000002E04D014F8280F40F004002070BDE86D
:10D51000F087502080F31188BFF34F8FBFF36F8FD8
:10D52000FEE7000030B5114900E011460A6882426A
:10D53000FBD34B685C18844203D1406818444860B0
:10D54000084643681C18944209D1084C183C2468CA
:10D55000A24209D052681A4442600A681268026006
:10D56000814200D0086030BD0460F9E7EC00002083
:10D5700070B5002441600B4D0061914206D8D11A6C
:10D580008269914206D2011D286907E09A4203D2BE
:10D59000994201D3012403E0011DE86801F054F928
:10D5A000204670BDBC00002010B5044601F070F9A3
:10D5B000A06B20B1002401F08BF9204610BD01249E
:10D5C000F9E7000030B587B03C4D6EE001980028C7
:10D5D00006DADDE90301029A90470198002864DB2E
:10D5E000039C606910B1201D01F0F2F805A800F05D
:10D5F000D7F8024601980A2857D2DFE800F005055F
:10D60000052D334A05052D3394F8280040F001001C
:10D6100084F828000298A169034601442046FFF7D8
:10D62000A7FF68B3216A2046884794F8280040077E
:10D630003BD5002000900298A169002342181946AA
:10D64000204602F0D9FAD8B9502080F31188BFF3F0
:10D650004F8FBFF36F8FFEE714F8280F20F0010003
:10D66000207022E094F8280040F0010084F828009F
:10D670000298A06128B1811813462046FFF778FF71
:10D6800013E0502080F31188BFF34F8FBFF36F8FEB
:10D69000FEE794F82800810703D4204601F02CF916
:10D6A00003E020F0010084F82800002201A9286886
:10D6B00001F04CFE002889D107B030BDBC0000202D
:10D6C0002DE9FC410F46054601F0D6FA01A800F00D
:10D6D00067F80446019818B102F0CCF9BDE8FC8166
:10D6E000254EAFB130690068D0B30027291B3A46F8
:10D6F000306801F0ADF902F0BDF90028EED11F4904
:10D700004FF080500860BFF34F8FBFF36F8FE5E796
:10D71000A542EBD802F0AEF9F0682746C068C468AD
:10D72000201D01F055F894F82800410719D5A0698B
:10D730002B4641193A462046FFF71AFFA8B10020B0
:10D740000346014600902A46204602F055FA60B989
:10D75000502080F31188BFF34F8FBFF36F8FFEE728
:10D7600007E020F0010084F82800216A204688475D
:10D77000B4E70127BAE70000BC00002004ED00E098
:10D780000648416B096829B1416BC968C968496895
:10D79000816270474FF0FF31FAE7000080000020FF
:10D7A00070B5054602F040F8064E0446B068844263
:10D7B00003D200F009F8012000E000202860204694
:10D7C000B46070BDBC000020F8B5194E20E0C06800
:10D7D000C4680568201D00F0FBFF216A20468847C9
:10D7E00094F82800400713D5A0692844A84206D918
:10D7F00024616060211DF06801F026F808E0002037
:10D800000346014600902A46204602F0F5F938B159
:10D81000F06801680029DAD13169C6E90310F8BD62
:10D82000502080F31188BFF34F8FBFF36F8FFEE757
:10D83000BC00002008484068401C4FF0500080F3B6
:10D84000118804D0BFF34F8FBFF36F8FFEE7BFF394
:10D850004F8FBFF36F8FFEE7F4000020084CE068A5
:10D86000016839B1002139B10020FFF729FFFFF726
:10D87000A9FEF4E70121F6E7C0680068F5E70000BB
:10D88000BC0000202DE9F041044601F001F894F9B4
:10D89000455004F1240609E0606A48B1304602F0C0
:10D8A000B1F808B101F024F96D1E6DB2002DF3DC62
:10D8B0004FF0FF3684F8456001F00AF800F0E8FF09
:10D8C00094F9445004F1100709E0206948B1384642
:10D8D00002F098F808B101F00BF96D1E6DB2002D41
:10D8E000F3DC84F84460BDE8F04100F0F1BF0000D3
:10D8F0002DE9FC410B46D21D22F007058168074641
:10D900000835E1B3082D43D0002D41DB04680646FD
:10D9100003B301AA6946184600F03EF8002835D046
:10D920006CB3DDE900201118206840B3BB68A34246
:10D930002ED0944204D3A1422AD96368AB420ED2BE
:10D9400026460446F0E72068C8B1A14220D026460A
:10D95000044600E09CB16068A842F4D300E074B1D2
:10D9600020683060F868616804F10808401AF860BF
:10D970002A462146384600F057F8606800E007E084
:10D9800040F000406060034820604046BDE8FC81F4
:10D990000020FBE7EFBEADDE30B5D0B1C9B1C2B1FA
:10D9A00000230B601360436823F00703102B10D390
:10D9B00000680446450708D000F00705C5F10805D2
:10D9C0002819041B1B1B102B03D3086001201360B4
:10D9D00030BD002030BD70B5002923D0024600E0E4
:10D9E0001A46002A1ED013688B42F9D35468A51832
:10D9F0008D4203D1496821445160114673B15D687D
:10DA000065B14C6866189E4208D18068834203D095
:10DA10006019486010680068086000E00B608A4286
:10DA200000D0116070BD000070B50C460021636825
:10DA300003F0004523F000439B1A082B09D3A118DB
:10DA40004B606260C2684B681A44C260FFF7C3FF54
:10DA5000012135B12CB1606840F00040606002489F
:10DA60002060084670BD0000EFBEADDE0248002316
:10DA70001A464068FFF7FEB8600100200248002304
:10DA80001A464068FFF7F6B8700100202DE9F04112
:10DA90000546002601F0F0F8324F386808B9FFF764
:10DAA00053FC786905424ED1C5B3083568070ED0DE
:10DAB00005F00700C0F108000544680707D05020B2
:10DAC00080F31188BFF34F8FBFF36F8FFEE72DB345
:10DAD0007868854237D8234918310846046801E040
:10DAE000214604466068A84202D220680028F7D187
:10DAF0003868844227D00E6820680860606808365D
:10DB0000411B10290FD96019420708D0502080F31B
:10DB10001188BFF34F8FBFF36F8FFEE713E04160B3
:10DB20006560FFF7FFFC61687868401A7860BA6842
:10DB3000904200D2B860786901430020C4E9000136
:10DB4000F868401CF86001F095FF700707D050207E
:10DB500080F31188BFF34F8FBFF36F8FFEE730461E
:10DB6000BDE8F081D40000200449086818B10868B5
:10DB7000026D521C0265086870470000800000209A
:10DB800010B5040006D000F083FEE46900F0A0FEAA
:10DB9000204610BD502080F31188BFF34F8FBFF394
:10DBA0006F8FFEE7C2B24FF400610148F5F7BDB8D0
:10DBB00000000240C2B24FF480510148F5F7B5B8F9
:10DBC00000000240C2B24FF480710148F5F7ADB8D1
:10DBD00000080240C2B24FF400710148F5F7A5B841
:10DBE0000008024010B590F821100024E9B180F837
:10DBF000214041691422B1FBF2F3C361D0E9021262
:10DC0000511A00EE101A0121B8EEC00A80ED060A82
:10DC1000F0EE400A00EE103AB8EEC00A80EE801A2C
:10DC200080ED061A80F8201002E090F8201091B1E3
:10DC3000C169491EC16113D000EE101AD0ED060A69
:10DC40008268B8EEC00A20EE800ABDEEC00A10EE6F
:10DC5000101A1144C1604268C1681144016110BDCD
:10DC60008168C16080F82040F5E710B5044628219E
:10DC7000F2F76AFE40F2DC50E060206110BD142A29
:10DC800001D2142204E047F230539A4200D91A46D6
:10DC900040F6C413994203D84FF4FA73994200D264
:10DCA000194642618160012180F82110704700000F
:10DCB00070B51A4D0024282219490020FEF76CFB8C
:10DCC00045F82400FFF7D1FF641C042CF3DB29681E
:10DCD00014484862696814484862A9681348486251
:10DCE000E9681348486213480021026851620268DB
:10DCF000891E116102686FF0020111610168CA6832
:10DD000042F00102CA600168CA6842F00202CA60B9
:10DD10000068016841F00101016070BDA4D80020D5
:10DD2000A0010020A5DB0008B5DB0008C5DB00086A
:10DD3000D5DB00088430002010B5031F4FF080743D
:10DD40001C601B1F21F001011960191F044B0B609F
:10DD500014390A60091F6FF0020244380A6010BDCE
:10DD600035D8000810B5B021602000F0BFFF0A20B0
:10DD7000FEF7D0FEA2210A2000F0B8FF40F698007E
:10DD8000FEF7C8FE00210A2000F0B0FFBDE81040F9
:10DD90006420FEF7BFBE00001FB500210391FF24E1
:10DDA000022303A98DE81A0002460123D421064864
:10DDB000F5F7AEFABDF80C00BDF80E1004B040EA5D
:10DDC000012080B210BD0000882700201FB500216F
:10DDD0008DF80C10FF24012303A98DE81A000246D8
:10DDE000D4210348F5F794FA9DF80C0004B010BD57
:10DDF000882700202DE9F04705460C463520FFF71F
:10DE0000CBFF07B23720FFF7C7FF0FFA80F93920A1
:10DE1000FFF7C2FF0FFA80F83B20FFF7BDFF06B205
:10DE20003D20FFF7B9FF0FFA80FA3F20FFF7B4FF5C
:10DE300000EE107A2F4B01B2F8EEC00A9FED2C0ACB
:10DE40001A8920EE801A00EE902AF8EE600AC1EEE0
:10DE5000201A00EE909AF8EEE00A20EE801A00EE0A
:10DE6000902AF8EE600AC5ED001AC1EE201A00EE05
:10DE7000908AF8EEE00A60EE800A00EE102AB422E2
:10DE8000B8EE400A80EE801A00EE106AC5ED011A65
:10DE9000F8EEC00A9FED180A85ED021A588920EEA7
:10DEA000801A504300EE900AF8EE600AC1EE201A84
:10DEB00000EE90AAF8EEE00A20EE801A00EE900A3A
:10DEC000F8EE600AC4ED001AC1EE201A00EE901AB6
:10DED000F8EEE00A60EE800A00EE100AB8EE400AA2
:10DEE00080EE801AC4ED011A84ED021ABDE8F087B5
:10DEF00079E91C4168D80020DB0F494070B5054620
:10DF00000C462E20FFF762FF1E4E800721D02146CF
:10DF10002846FFF76FFF002221462846FCF710FE37
:10DF200095ED000A86ED050A95ED010A86ED060AD3
:10DF300095ED020A86ED070A94ED000A86ED080ABF
:10DF400094ED010A86ED090A94ED020A86ED0A0AAB
:10DF500070BD96ED050A85ED000A96ED060A85ED81
:10DF6000010A96ED070A85ED020A96ED080A84ED8E
:10DF7000000A96ED090A84ED010A96ED0A0A84ED7D
:10DF8000020A70BD68D80020F0B502780F2A02D0CE
:10DF90004FF0FF30F0BD027E12B16FF00100F0BD16
:10DFA00003220A70B0F80120C2F30A054D8082787E
:10DFB000C378D20842EA4312C2F30A028A80C378C5
:10DFC00004799B0943EA8403447943EA8423C3F335
:10DFD0000A03CB8044798679640844EAC614C4F302
:10DFE0000A040C818679C779360946EA0716C6F312
:10DFF0000A064E81C679077AF60946EA4706477A45
:10E0000046EA4726C6F30A068E81467A877AB6081C
:10E0100046EA8716C6F30A06CE81867AC77A76095B
:10E0200046EAC7060E828689C6F30A064E82467BFA
:10E03000877BF60846EA4716C6F30A068E82867B79
:10E04000C77BB60946EA8706077C46EA8726C6F3F9
:10E050000A06CE82067C477C760846EAC716C6F3D7
:10E060000A060E83467C3609877C46EA0716C6F305
:10E070000A064E83867CC77CF60946EA4706077D7A
:10E0800046EA4726C6F30A068E83067D477DB60814
:10E0900046EA8716C6F30A06CE83467D877D760953
:10E0A00046EAC7060E84C67DF60981F82260C67D61
:10E0B000C6F3801681F82360C67DC6F3401681F84A
:10E0C0002460C07DC0F3001081F825004FF4787003
:10E0D000854208D1824206D1202B04D1844202D14C
:10E0E000012081F824000020F0BD00002DE9F0415E
:10E0F000134D0E462029EC6884F00100E86002D23E
:10E100001048F6F7A1FD0E4FE8681C37202257F89B
:10E1100020100C48F6F76BFD57F82410324668695A
:10E12000FEF754FA6869FEF7A5F9192805D30648E1
:10E130000068BDE8F041FEF7DFBEBDE8F0810000F9
:10E1400078010020383100205400002070B52622CC
:10E1500016490020FEF720F9154C03212022A0616A
:10E1600001701249002008310E46FEF715F904F13E
:10E170001C052022286031460020FEF70DF968605A
:10E1800000204FF400752A460849E060FEF704F9C4
:10E1900020611C2205490020FEF7FEF860612A4636
:10E1A0002169BDE87040FEF78BB90000A001002096
:10E1B00078010020FFF7CAFF1D4F1E4D4FF47A76FD
:10E1C000A7F11C041C48F6F73FFD1C491A48F7F755
:10E1D00098F8E068202257F820101748F6F707FD56
:10E1E00031462868FEF70AFE0028EBD119211448B1
:10E1F000F2F788FB1923124A00216069FEF776F9CD
:10E200001928EDD10E48A169FFF7BEFE20B101210A
:10E210006069FEF7ABF9E9E719216069FEF7A6F935
:10E22000A06990F824100029E0D1FDF735F9DDE769
:10E23000940100205400002038310020EDE0000857
:10E24000B4D800200EB51F2824D84FF47A73994211
:10E2500000D9194655238DF800308DF801308DF81E
:10E26000020007208DF8030001208DF804008DF8CE
:10E270000510080A8DF80600100A8DF808008DF8C0
:10E2800007206846F3F763FD8DF809000A21684608
:10E29000F8F7C6FD0EBD000010B52B4C024629490B
:10E2A0002068062A4DD2DFE802F04C273816030515
:10E2B000264A01E0254A24320A60002100F050F885
:10E2C0000021606800F04CF80021A06800F048F8D8
:10E2D0000021E06831E01D4A6C3A0A60032100F039
:10E2E0003FF80321606800F03BF80321A06800F0CC
:10E2F00037F80321E06820E0144A243A0A6002213A
:10E3000000F02EF80221606800F02AF80221A068CF
:10E3100000F026F80221E0680FE00C4A483A0A6053
:10E32000012100F01DF80121606800F019F80121B9
:10E33000A06800F015F8E0680121BDE8104000F089
:10E340000FB810BDB801002094D8002060710120E2
:10E35000C16380ED100A2430C0EC030A704700004E
:10E3600089B101291AD0022923D003292CD1F2EE38
:10E37000081AB0EE001ADFED150A9FED150A41F2FA
:10E380008461FFF7E5BFDFED131A9FED131ADFED90
:10E39000130AB7EE080A40F67871F2E7F0EE001AB9
:10E3A000B0EE001ADFED0E0AB0EE080A40F2BC71C2
:10E3B000E7E7FFEE001ABFEE001ADFED0A0AB1EE42
:10E3C000080A4FF48261DCE77047000000009643C2
:10E3D000CDCC8C3F9A9919406666264000007C425D
:10E3E00000002042000010C2F0EE410AFDF704B91F
:10E3F000FEF7A6B9F0EE410AFCF796B980EE201AB6
:10E40000F0EE410A09B19FED020AFDF7F5B80000F0
:10E410000000000080EE201ADFED030A09B1B0EE23
:10E42000600AFEF78DB9000000000000F5EEC00A9A
:10E43000F1EE10FA01D2B1EE400AFCF775B910B551
:10E4400000EE100A2DED028BB1EEC08A18EE100A14
:10E4500020F00040C0F1FF40C00F0AD010EE100ABB
:10E4600020F00040C0F1FF40C00F04BF0120F2F7D0
:10E470002EFB18EE100ABDEC028B10BD9FED020AB8
:10E48000016AF0EE400A0847000000009FED040A10
:10E49000016AF0EE401AB0EE401AF0EE400A08476A
:10E4A000000000009FED030A026A4FF4FA71F0EEDB
:10E4B000400A104700000000014608B544489FED9F
:10E4C000451A454A0068482992ED030A77D012DCC4
:10E4D0009FED422ADFED422A3F4AA1F1410107297F
:10E4E000D2ED030AF1EE601A2BD2DFE801F03B41D6
:10E4F000464B505B6300DFED3B0A6C2921D011DCF9
:10E5000049292AD053291DD06A291AD130EE200A70
:10E51000354910EE100A82ED030A88420FDD9FEDA7
:10E52000330A0CE06E290CD130EE600A304910EE4F
:10E53000100A82ED030A884201DAB0EE600A82ED29
:10E54000030A08BD012000902A48C82396220068CB
:10E5500040F21451FCF7BCFD08BDC16801B05DF884
:10E5600004EB0847F0EE420A4168B0EE601A15E08D
:10E570000021F0EE620A826825E00121DFED1E0A2B
:10E58000826820E00021F0EE620A82680EE0F0EE80
:10E59000420A4168B0EE601AB0EE610A01B05DF85F
:10E5A00004EB084782680021F0EE410AB0EE610AF0
:10E5B00009E004E00121DFED110A826803E08268CE
:10E5C0000021F0EE410A01B05DF804EB10470000B5
:10E5D000B8010020000096C3DC010020000000000C
:10E5E00000009643000048420000E1430000E14380
:10E5F000000048427001002000001643000016C3CE
:10E6000010B5094CB1EE400A2DED028BB0EE608AD8
:10E610002068FDF7A1F86068B0EE480ABDEC028BF7
:10E62000BDE81040FDF798B894D80020014608B521
:10E630004848DFED490A9FED491A494A00684829D0
:10E6400092ED020AF1EE401A63D009DCA1F141011A
:10E65000072935D2DFE801F03A3E43484D515800D2
:10E660009FED401A6C295CD011DC492929D053292F
:10E670001CD06A2924D130EE010A3B4910EE100A61
:10E6800082ED020A884261DD9FED380A5EE06E2964
:10E6900051D0702914D1B0EE600A4168B0EE401A32
:10E6A000F0EE610A01B05DF804EB0847012000902C
:10E6B0002F48C8239622006840F21451FCF708FD49
:10E6C00008BDC16801B05DF804EB0847B0EE601A00
:10E6D0004168E7E70021DFED270A82681DE000219D
:10E6E000DFED250A826818E00021DFED240A826848
:10E6F00007E0B0EE601A41681AE082680021F0EE8F
:10E70000410AB0EE610A08E00021DFED1D0A8268CF
:10E7100003E082680021F0EE410A01B05DF804EBED
:10E720001047F0EE601A4168B0EE611AF0EE400A50
:10E73000B0EE610AB6E730EE410A124910EE100A57
:10E7400082ED020A884201DAB0EE410A82ED020A45
:10E7500008BD0000B80100200000000000007AC3DE
:10E76000DC010020000048420000E1430000E143DA
:10E7700070010020000096430000C84200007A4368
:10E780000000C8C20000484210B5104C2DED028BAD
:10E79000F0EE608AB0EE408AB0EE680AE068FCF7FE
:10E7A000DBFFB0EE680AA068FCF7D6FFB1EE480ABE
:10E7B0002068B0EE408AFCF7CFFF6068B0EE480AF0
:10E7C000BDEC028BBDE81040FCF7C6BF94D800201A
:10E7D000D0E9013201699A60D0E901235A604A68A0
:10E7E000824201D182684A60002202610868401EAC
:10E7F0000860086870470000034B036003F15C0089
:10E800000860802010607047603C0020044B03606B
:10E8100003F15C0008604FF4C050106070470000C6
:10E82000BC3E002070470120FDF73CBD00F108010F
:10E830004FF0FF32C0E90112C160016100210160A7
:10E84000704700210161704730B50C68621C02D02E
:10E8500000F1080202E0026904E01A4653681D68EC
:10E86000A542FAD953684B6099608A60516008618B
:10E870000168491C016030BD42684A6093688B6042
:10E8800093685960916008610168491C0160704794
:10E89000502080F31188BFF34F8FBFF36F8F0A4969
:10E8A0004868401C486001280CD10848006810F0F6
:10E8B000FF0F07D0502080F31188BFF34F8FBFF3B5
:10E8C0006F8FFEE770470000F400002004ED00E0C9
:10E8D0000849486828B1401E486001D180F311887A
:10E8E0007047502080F31188BFF34F8FBFF36F8FB5
:10E8F000FEE70000F400002070B500282AD0164D75
:10E90000A0F1080460686969084207D1502080F3CB
:10E910001188BFF34F8FBFF36F8FFEE722683AB1C4
:10E92000502080F31188BFF34F8FBFF36F8FFEE746
:10E930008843606000F0A0F9606869680844686016
:10E940002046FEF7EFFD2869401C2861BDE87040B5
:10E9500001F090B870BD0000D40000204FF0E0201E
:10E9600000210161816105494FF47A720968B1FBA8
:10E97000F2F1491E416107210161704770000020DA
:10E9800010B5F1F7E7FC114910280ED300F1E02093
:10E9900090F8F0030A78904207D2502080F3118853
:10E9A000BFF34F8FBFF36F8FFEE709480068896898
:10E9B00000F4E060884207D9502080F31188BFF34B
:10E9C0004F8FBFF36F8FFEE710BD0000F4000020F3
:10E9D0000CED00E010B5074B002253F832401CB19B
:10E9E000521C082AF9D310BD43F8321003EBC201C0
:10E9F000486010BD4436002010B504000AD000F075
:10EA000013F894F8460000280CD12046BDE81040C9
:10EA1000FFF772BF502080F31188BFF34F8FBFF311
:10EA20006F8FFEE710BD0000084A002102EBC10312
:10EA30005B68834206D1002042F8310002EBC1013D
:10EA400048607047491C0829F0D3704744360020BD
:10EA500070B515460E460446FFF71AFF94F94410A8
:10EA60000020491C01D184F8440094F94510491C48
:10EA700001D184F84500FFF72BFFA06B28B92A4687
:10EA8000314604F1240000F051F82046BDE8704002
:10EA9000FEF7F8BE10B5020014D00F48006B38B175
:10EAA000502080F31188BFF34F8FBFF36F8FFEE7C5
:10EAB00000F0E2F800211046FEF720FB00F0DAFF3C
:10EAC000002807D105494FF080500860BFF34F8FF1
:10EAD000BFF36F8F10BD00008000002004ED00E048
:10EAE00002490A6A0260C9684160704780000020DC
:10EAF00001490120C86170478000002010B50C4614
:10EB000050B1094909681831FFF79EFE2046BDE85B
:10EB100010400121FEF7F2BA502080F31188BFF3B4
:10EB20004F8FBFF36F8FFEE78000002070B5144653
:10EB30000D4668B10A4909681831FFF79DFE0CB10E
:10EB40004FF0FF3521462846BDE87040FEF7D6BAA3
:10EB5000502080F31188BFF34F8FBFF36F8FFEE714
:10EB60008000002070B50B4604003ED0226DA2B19B
:10EB7000E16C994200D21946E06A884235D0012AF8
:10EB800033D11A4D2A6894420FD1502080F3118856
:10EB9000BFF34F8FBFF36F8FFEE7502080F31188D4
:10EBA000BFF34F8FBFF36F8FFEE7E162A269002AC8
:10EBB00002DBC1F13801A1610D4E00EB80006169FB
:10EBC00006EB8000814210D1201DFFF701FEE06AB4
:10EBD0002969884200D9286100EB800006EB80009B
:10EBE000211DBDE87040FFF747BE70BD80000020CA
:10EBF0008436002030B587B00025039505AA04A906
:10EC000003A80495FFF7F8FDDDE903010095CDE9C0
:10EC10000110002314A11648059A00F0C4FD154CFC
:10EC2000E06218B100F0B8FF012809D0401C19D1EA
:10EC3000502080F31188BFF34F8FBFF36F8FFEE733
:10EC4000502080F31188BFF34F8FBFF36F8F4FF0C9
:10EC5000FF30A06201206061E56007B0BDE8304090
:10EC600000F078B807B030BD49444C4500000000C2
:10EC700095D30008800000200248016B491C016305
:10EC80007047000080000020164B10B5186B10B1C3
:10EC90000120D86110BD0020D8611869124901E037
:10ECA000B8B1401E00EB800251F82220002AF7D0B4
:10ECB00000EB800201EB820101F108044A6852680E
:10ECC0004A60A24201D152684A60D1681960186155
:10ECD00010BD502080F31188BFF34F8FBFF36F8FAB
:10ECE000FEE70000800000208436002013B584B0C9
:10ECF000FF24012305A98DE81A000246D421024809
:10ED0000F4F708FC06B010BD8827002070B520205D
:10ED1000FEF7BCFE040005D00025201D2560FFF78E
:10ED200085FD2577204670BD38B558B120210446B1
:10ED3000002000912060201DFFF778FD0120207742
:10ED4000204638BD502080F31188BFF34F8FBFF3AA
:10ED50006F8FFEE71CB537480168374A914207D1EB
:10ED6000502080F31188BFF34F8FBFF36F8FFEE702
:10ED700000683149491E884207D1502080F311882C
:10ED8000BFF34F8FBFF36F8FFEE72C4908780190D8
:10ED9000FF20087008788DF800009DF800009DF8AD
:10EDA000002000F0F000904207D0502080F311883E
:10EDB000BFF34F8FBFF36F8FFEE79DF80000204C2D
:10EDC00000F0500020700720A06006E0401EA06008
:10EDD0009DF8000040008DF800009DF8000000063E
:10EDE000A068F3D4032807D0502080F31188BFF324
:10EDF0004F8FBFF36F8FFEE74FF44070A060019814
:10EE000008700C482030016841F47001016001680D
:10EE100041F070410160FFF7A1FD00206060F1F753
:10EE200061FA0848016841F040410160F1F746FA93
:10EE300000201CBD00ED00E071C20F4100E400E0C5
:10EE4000F400002034EF00E010B5502080F311886A
:10EE5000BFF34F8FBFF36F8F00F0ECFC18B1044984
:10EE60004FF080500860002080F3118810BD000032
:10EE700004ED00E010B50C4648B184420FD9502093
:10EE800080F31188BFF34F8FBFF36F8FFEE75020E1
:10EE900080F31188BFF34F8FBFF36F8FFEE702221D
:10EEA000002100F03CF8002800D0846310BD38B584
:10EEB0000C4648B184420FD9502080F31188BFF32B
:10EEC0004F8FBFF36F8FFEE7502080F31188BFF3A1
:10EED0004F8FBFF36F8FFEE7022113460022009190
:10EEE000114600F03DF8002800D0846338BD10B50D
:10EEF00002460021012000F012F80446FEF77AFADB
:10EF0000204610BD38B50B46002200901146012066
:10EF100000F026F80446FEF76DFA204638BDF8B535
:10EF200017460E46050013D005FB06F05030FEF7DD
:10EF3000ADFD04000AD0002084F8460004F1500220
:10EF40003B46314628460094FEF75FFA2046F8BD5E
:10EF5000502080F31188BFF34F8FBFF36F8FFEE710
:10EF600038B5049D18B153B1CAB181B120E0502029
:10EF700080F31188BFF34F8FBFF36F8FFEE75020F0
:10EF800080F31188BFF34F8FBFF36F8FFEE75020E0
:10EF900080F31188BFF34F8FBFF36F8FFEE739B156
:10EFA000502080F31188BFF34F8FBFF36F8FFEE7C0
:10EFB00050241C46012384F846302B460094FEF76B
:10EFC00024FA204638BD000070B50D46040025D057
:10EFD000FFF75EFCD4E90F20216802FB0011A1605D
:10EFE0000021A163216861600A46D4E90F01401E37
:10EFF00000FB0121E16021464FF0FF3001F8440F92
:10F00000487004F110008DB1FFF710FC04F12400EA
:10F01000FFF70CFCFFF75CFC012070BD502080F373
:10F020001188BFF34F8FBFF36F8FFEE7216900296F
:10F03000F0D000F0E7FC0028ECD004494FF08050FD
:10F040000860BFF34F8FBFF36F8FE3E704ED00E07D
:10F050002DE9FF4F83B01F468B4604004FF000069A
:10F0600003D0BBF1000F08D011E0502080F31188CD
:10F07000BFF34F8FBFF36F8FFEE7206C38B1502086
:10F0800080F31188BFF34F8FBFF36F8FFEE7022F1E
:10F090000AD1E06B012807D0502080F31188BFF31C
:10F0A0004F8FBFF36F8FFEE700F0B0FBDFF80091EA
:10F0B0004FF0000A4FF0805848B9059838B15020F9
:10F0C00080F31188BFF34F8FBFF36F8FFEE7FFF719
:10F0D000DFFBA06BE16B884205D3022F03D00598BC
:10F0E000C8B1DEB11EE03A4659462046FEF7DBF8CD
:10F0F000616A19B104F1240000F084FC28B1C9F858
:10F100000080BFF34F8FBFF36F8FFFF7E1FB01204C
:10F1100007B0BDE8F08FFFF7DBFB21E06846FFF7A3
:10F12000DFFC0126FFF7D4FBFFF7A6FDFFF7B0FBDE
:10F1300094F94400401C01D184F844A094F945009E
:10F14000401C01D184F845A0FFF7C2FB05A9684621
:10F1500000F0C2FA30B12046FEF794FB00F08AFCC2
:10F160000020D5E7FFF794FBA06BE16B884201D14B
:10F17000012500E00025FFF7ABFB95B104F110007D
:10F180000599FFF7BBFC2046FEF77CFB00F072FC04
:10F1900000289CD1C9F80080BFF34F8FBFF36F8F59
:10F1A00095E72046FEF76EFB00F064FC8FE7000059
:10F1B00004ED00E02DE9F0471F4690468946040023
:10F1C00003D0B9F1000F08D011E0502080F311886E
:10F1D000BFF34F8FBFF36F8FFEE7206C38B1502025
:10F1E00080F31188BFF34F8FBFF36F8FFEE7022FBD
:10F1F0000AD1E06B012807D0502080F31188BFF3BB
:10F200004F8FBFF36F8FFEE7FFF7BAFB5020EFF38E
:10F21000118680F31188BFF34F8FBFF36F8FA06B00
:10F22000E16B884206D3022F04D0002086F31188B8
:10F23000BDE8F08794F94550A06B3A464946204610
:10F24000FEF731F8681C04D06D1C84F8455001208D
:10F25000ECE7606A0028FAD004F1240000F0D2FB49
:10F260000028F4D0B8F1000FF1D00121C8F8001047
:10F27000EDE770B50E46040009D0206C78B150203F
:10F2800080F31188BFF34F8FBFF36F8FFEE75020DD
:10F2900080F31188BFF34F8FBFF36F8FFEE72068B5
:10F2A00048B9A06838B1502080F31188BFF34F8F60
:10F2B000BFF36F8FFEE7FFF763FB5020EFF311857D
:10F2C00080F31188BFF34F8FBFF36F8FA16BE06B9B
:10F2D000884218D994F94500491CA163411C04D007
:10F2E000401C84F8450001200EE0606A0028FAD036
:10F2F00004F1240000F086FB0028F4D0002EF2D0A8
:10F3000001203060EFE7002085F3118870BD10B553
:10F31000040009D000F074FAA168884214D1E068B2
:10F32000401EE06008D00DE0502080F31188BFF34C
:10F330004F8FBFF36F8FFEE700231A461946204612
:10F34000FFF786FE012010BD002010BD2DE9F74714
:10F3500083B08A4604004FF0000603D0BAF1000FD4
:10F3600008D011E0502080F31188BFF34F8FBFF316
:10F370006F8FFEE7206C38B1502080F31188BFF307
:10F380004F8FBFF36F8FFEE700F040FADFF8F09089
:10F3900000274FF0805848B9059838B1502080F3C5
:10F3A0001188BFF34F8FBFF36F8FFEE7FFF770FA3F
:10F3B000A56BC5B151462046FDF762FF6D1EA563E2
:10F3C000206950B104F1100000F01CFB28B1C9F80D
:10F3D0000080BFF34F8FBFF36F8FFFF779FA0120E3
:10F3E00006B0BDE8F087059808B11EB106E0FFF74A
:10F3F0006FFA27E06846FFF773FB0126FFF768FA0C
:10F40000FFF73AFCFFF744FA94F94400401C01D19D
:10F4100084F8447094F94500401C01D184F845708B
:10F42000FFF756FA05A9684600F056F9002820466D
:10F430000AD0FEF727FA00F01DFB2046FEF7B4F8CD
:10F440000028B3D00020CBE7FEF7AEF890B104F16E
:10F4500024000599FFF752FB2046FEF713FA00F04F
:10F4600009FB0028A2D1C9F80080BFF34F8FBFF37A
:10F470006F8F9BE72046FEF705FA00F0FBFA95E751
:10F4800004ED00E02DE9F04790468946040003D0E2
:10F49000B9F1000F08D011E0502080F31188BFF3BC
:10F4A0004F8FBFF36F8FFEE7206C38B1502080F391
:10F4B0001188BFF34F8FBFF36F8FFEE7FFF760FA3E
:10F4C0005020EFF3118780F31188BFF34F8FBFF304
:10F4D0006F8FA66BF6B194F9445049462046FDF76C
:10F4E000CFFE761EA663681C04D06D1C84F84450C1
:10F4F000012010E020690028FAD004F1100000F08B
:10F5000081FA0028F4D0B8F1000FF1D00121C8F839
:10F510000010EDE7002087F31188BDE8F0870000B8
:10F520002DE9F3434FF0000583B004002E4609D0C7
:10F53000206C78B1502080F31188BFF34F8FBFF358
:10F540006F8FFEE7502080F31188BFF34F8FBFF31A
:10F550006F8FFEE700F05AF9DFF8389100274FF07F
:10F56000805848B9049838B1502080F31188BFF30F
:10F570004F8FBFF36F8FFEE7FFF78AF9A06BC8B11B
:10F58000401EA063206810B9FEF7EEFAA060206963
:10F5900050B104F1100000F035FA28B1C9F800802C
:10F5A000BFF34F8FBFF36F8FFFF792F9012005B0C4
:10F5B000BDE8F083049808B165B10FE03EB150207A
:10F5C00080F31188BFF34F8FBFF36F8FFEE7FFF714
:10F5D0007FF95DE06846FFF783FA0125FFF778F9C8
:10F5E000FFF74AFBFFF754F994F94400401C01D19E
:10F5F00084F8447094F94500401C01D184F84570AA
:10F60000FFF766F904A9684600F066F8002820466E
:10F6100012D0FEF737F900F02DFA2046FDF7C4FFAF
:10F620000028A9D09EB3FFF733F9606A50B3206B6E
:10F630000068C0F1380126E0FDF7B6FFE0B12068B0
:10F6400038B9FFF725F9A06800F09EF90646FFF7E4
:10F650003FF904F124000499FFF750FA2046FEF721
:10F6600011F900F007FA002886D1C9F80080BFF32D
:10F670004F8FBFF36F8F7FE72046FEF703F900F04F
:10F68000F9F979E70021A068FFF76CFA9FE7FFE737
:10F6900000208CE704ED00E070B50D46040009D0B1
:10F6A00000F0AEF8A16888420CD1E068401CE06030
:10F6B000012070BD502080F31188BFF34F8FBFF33E
:10F6C0006F8FFEE729462046FFF72AFF0028F0D07B
:10F6D000E168491CE16070BD2DE9F0410C46050070
:10F6E00011D0C4B1FFF7D4F8174EF1686B682268E7
:10F6F000C81A571C17D02F68366AB74219D08B42E8
:10F7000017D8012410E0502080F31188BFF34F8FE9
:10F71000BFF36F8FFEE7502080F31188BFF34F8F48
:10F72000BFF36F8FFEE70024FFF7D2F82046BDE855
:10F73000F081824205D9101A20602846FFF7D0F9DF
:10F74000F1E700202060DCE7800000202DE9FF5F6A
:10F750008346DDE90E87994616468A469000FEF7F5
:10F7600095F905001CD05C20FEF790F9040014D038
:10F770000020256384F85900CDE90240CDE90087D7
:10F780004B46324651465846FDF74FFE2046FDF7A0
:10F79000E3FC012004B0BDE8F09F2846FFF7ACF879
:10F7A0004FF0FF30F6E7F0B585B00546DDE90B0414
:10F7B0000A9EA8B1E4B15C2700972063022084F878
:10F7C00059000020CDE9024004AF2846CDE900678A
:10F7D000FDF72BFE2046FDF7BFFC049805B0F0BDF9
:10F7E000502080F31188BFF34F8FBFF36F8FFEE778
:10F7F000502080F31188BFF34F8FBFF36F8FFEE768
:10F8000001480068704700008000002005484169F9
:10F8100019B1006B18B10020704701207047022019
:10F8200070470000800000200148C0687047000059
:10F83000800000202DE9F041324F0026386B38B1AE
:10F84000B869401CB861FEF7EEFF3046BDE8F081B4
:10F85000FD686D1CFD6013D1786B006838B15020D5
:10F8600080F31188BFF34F8FBFF36F8FFEE7786B84
:10F87000B96B7963B863386A401C3862FDF780FF62
:10F88000B86ADFF88480854209D3786B006890B14C
:10F89000786BC068C468606885420FD2B862386807
:10F8A000C06A00EB800158F82100012800D9012628
:10F8B000B869F8B120E04FF0FF30EFE7201DFEF708
:10F8C00087FFA06A18B104F11800FEF781FFE06A13
:10F8D0003969884200D9386100EB800108EB81006A
:10F8E000211DFEF7C9FFE06A3968C96A8842CCD396
:10F8F0000126CAE7FEF797FFF8690028A5D0012680
:10F90000A3E70000800000208436002070B50400CA
:10F910004FF000002BD01A4D29688C4207D05020A0
:10F9200080F31188BFF34F8FBFF36F8FFEE7216D18
:10F93000F1B1491E2165E36CE26A9A4217D00029B1
:10F9400015D1201DFEF744FFE06CE062C0F13800E5
:10F95000A061E06A2969884200D92861094900EB61
:10F96000800001EB8000211DFEF786FF012070BDA5
:10F97000502080F31188BFF34F8FBFF36F8FFEE7E6
:10F98000800000208436002070B504004FF0000095
:10F990002CD01A4DE16A2A68D26A914227D2A06916
:10F9A000002804DB2868C06AC0F13800A061E06A62
:10F9B000134E00EB8000616906EB8000814211D19B
:10F9C000201DFEF705FF2868C06AE06229698842A9
:10F9D00000D9286100EB800006EB8000211DFEF7B6
:10F9E0004BFF02E02868C06AE062012070BDE16C54
:10F9F0002A68D26A9142F8D370BD000080000020CE
:10FA00008436002070B5C068C46854B104F1180091
:10FA10000646FEF7DDFE144D286B50B13146134803
:10FA200015E0502080F31188BFF34F8FBFF36F8F25
:10FA3000FEE7201DFEF7CCFEE06A2969884200D966
:10FA400028610B4900EB800001EB8000211DFEF7CF
:10FA500013FFE06A2968C96A884202D90120E86177
:10FA600070BD002070BD0000800000200C3B002015
:10FA7000843600202DE9F0472B4D00242746286BC3
:10FA800038B1FEF705FF286B401E2863286B40B194
:10FA900045E0502080F31188BFF34F8FBFF36F8F85
:10FAA000FEE7A86821490126C8B3A1F591698846F7
:10FAB000D8F80010E1B1D8F80C00C46804F11800BF
:10FAC000FEF786FE201DFEF783FEE06A2969884264
:10FAD00000D9286100EB800109EB8100211DFEF7B0
:10FAE000CBFEE06A2968C96A8842E1D3EE61DFE7AC
:10FAF0000CB1FDF745FEAC693CB1FFF79BFE00B1D0
:10FB0000EE61641EF9D10020A861E86938B10849A6
:10FB1000012738070860BFF34F8FBFF36F8FFEF7E1
:10FB2000D7FE3846BDE8F087800000200C3B00205F
:10FB300004ED00E02DE9FC4781461E461746884645
:10FB40002C200A9DFDF7A2FF04000AD0002084F8B3
:10FB50002800CDE9005433463A4641464846FDF771
:10FB6000B9FC2046BDE8FC877CB52C26DDE90654AF
:10FB7000009644B1022684F82860CDE90054FDF7D0
:10FB8000A9FC20467CBD502080F31188BFF34F8F25
:10FB9000BFF36F8FFEE7000010B586B0FDF744FBA2
:10FBA000114C2068B8B100200390049005AA04A964
:10FBB00003A8FEF72BFEDDE9032102208DE80700F4
:10FBC00000230AA10B48059AFFF7EDFD606010B114
:10FBD00006B0012010BD502080F31188BFF34F8F75
:10FBE000BFF36F8FFEE70000BC000020546D722051
:10FBF000537663005DD800082DE9FF411F460300DE
:10FC00000A9E4FF0000015D0134D2C68002C0ED02A
:10FC10008DE80E00062917DAFFF7F8FD02284FF0ED
:10FC200000030FD0002269462868FFF711FA04B0DC
:10FC3000BDE8F081502080F31188BFF34F8FBFF3F0
:10FC40006F8FFEE73246EEE700233A4669462046CC
:10FC5000FFF7B0FAEBE70000BC00002010B5002968
:10FC60000AD00878002807D005487844F0F794FEB9
:10FC7000002801D0002010BD0248784410BD0000CB
:10FC8000A21100009A11000081F00041704780F03D
:10FC90000040704721F00041704720F0004070475D
:10FCA00021F00042A2F16052B2F5801F01F0004342
:10FCB00028BFD2F17F6C0BD95FEA001C43EAC20275
:10FCC00042EB507018BF704728BF20F0010070470A
:10FCD000B2F5801FBCBF184670474FEA410C1CF5B7
:10FCE000001F02D2084600F04FBD70B500F056FB71
:10FCF00000000089FFF7F6BF4FF00040A0F580003C
:10FD00007047000010B591EA030F48BF83F000432D
:10FD100000F1E283841A71EB030C05D2121943EB54
:10FD20000C03001B61EB0C01DFF824E14FEA1154D6
:10FD3000A4EB135C1EEA430F18BF9EEA445F73D026
:10FD400023EA0E03DCF1200E21EA045143F4801370
:10FD500032D322FA0CFE10EB0E0023FA0CFE41EB1C
:10FD60000E01CCF1200E03FA0EFE10EB0E0051F145
:10FD70000001B1F5801FCCF1200E32D201EB04510D
:10FD800012FA0EF2BDE8104058BF7047401C38BF51
:10FD90005FEA420218BF7047002814BF20F001003C
:10FDA00041F100014FEA410313F5001F38BF7047CE
:10FDB000A1F1C04100F040BB012A43EB0302ACF1CA
:10FDC000200CDCF11F0E32BF4FF0000E23FA0CF3B3
:10FDD00010EB030041EB0451B4EB115FD0D0A1EB69
:10FDE000045101F5801149085FEA300001EB04512C
:10FDF0000ED350F1000038BF12FA0EFE08D1BDE854
:10FE00001040C9E7401C38BF5FEA4202CAD1C3E7CD
:10FE1000BDE810404FEA410313F5001F38BF70479B
:10FE2000A1F1C04100F008BB9EEA445F08D011EA8E
:10FE30005E0FBDE8104004BF01F000410020704794
:10FE4000BDE8104070B500F0A9FA00BF64FBBE3EEB
:10FE50000000E0FF491058BFC1F140415B1058BF9E
:10FE6000C3F140438B42EFF3008070472DE9C0415E
:10FE700030B4DFF8A0C23CEA111418BF3CEA1314F6
:10FE800000F0EC8081EA03051CEA111444EAD57401
:10FE900018BF1CEA131500F0C780A4EB05044FF04F
:10FEA000004545EAC12145EAC32341EA505143EAEE
:10FEB000525304F17F74994204F500344FEAC02094
:10FEC0004FEAC22208BF904200F09C804FEA1365BF
:10FED0000FF24016765D4FEA134506FB05F7C7F1B2
:10FEE000807706FB07F74FEAD737A7FB0368764210
:10FEF000C8F58038A7FB06CE38BFA8F1010807FB7C
:10FF000008E64FF0000EA6FB028CE6FB03CEDCF108
:10FF1000000CCEF1004E38BFAEF1010EA6FB0C581E
:10FF20004FF000074FF00005E6FB0E87A1FB08C667
:10FF3000A0FB07CE16EB0E0645F10005E1FB0765B9
:10FF400015F1E04E7EBFA4F580345FEA46066D41B0
:10FF500016F1800745F100054FEA17274FEA0666BC
:10FF600047EA0567A6F1DE46B6F1805F4FEA152540
:10FF70001FD9384624F0010C05EBC471BCF1FE6FAB
:10FF800001EB0C1102D8F0BCBDE8008124425CBF3B
:10FF900001F5801E9EEAC47F02D4F0BCBDE800815A
:10FFA000244238D4F0BCA1F1C041BDE8004100F0CA
:10FFB00043BA4FEAD22242EA43524FEAD323A7FB85
:10FFC00002864FEAD02040EA415007FB03661EEA52
:10FFD0000E0F4FEAD12105FB026658BFA6EB005673
:10FFE000B6EB00564FEA520E4EEAC37E18EB0E0EE9
:10FFF00056EB530EBDD518EB02085E417F1C55F140
:020000040801F1
:100000000005B6E74FF480154FF000074FF00006EB
:100010004FF00008ADE7F0BC4FF0000001F1C04127
:1000200001F00041BDE8008111EA0C1F0CEA131534
:1000300000D00CE013EA0C1F00F025804FF0000008
:10004000F0BC81EA030101F00041BDE80081F0BC91
:10005000BDE8004181EA030100F0EEB9F0BCBDE863
:10006000004170B500F09AF9097EFC3E00F007B837
:1000700081EA03014FF0000001F00041704781EA7E
:10008000030100F0D9B9F0BCBDE800414FF0000019
:1000900021497047FFFDFBF9F7F5F4F2F0EEEDEBC7
:1000A000E9E8E6E4E3E1E0DEDDDBDAD8D7D5D4D376
:1000B000D1D0CFCDCCCBCAC8C7C6C5C4C2C1C0BFC2
:1000C000BEBDBCBBBAB9B8B7B6B5B4B3B2B1B0AFC8
:1000D000AEADACABAAA9A8A8A7A6A5A4A3A3A2A1AC
:1000E000A09F9F9E9D9C9C9B9A9999989797969567
:1000F00095949393929191908F8F8E8E8D8C8C8B03
:100100008B8A89898888878786858584848383828A
:10011000828181800000FF070000F87F4FEA4103E1
:100120004FEA5353A3F58063D3F11E03C8BFD3F145
:10013000210C0CDD4FF0004242EAC12242EA50524B
:1001400032FA03FC8CEAE17CACEBE1707047102BD7
:10015000C4BF0020704703F5787CBCF1FF3F04D09A
:100160006FF0004282EA2100704770B500F016F986
:100170004992248000207047F2E710F0004248BF07
:100180004042B0FA80F310FA03F10AD0C3F11D0324
:1001900003F580634FEA415002EB035202EBD12199
:1001A00070474FF000007047B0FA80F310FA03F187
:1001B0000AD0C3F11D0303F580634FEA41504FEAB3
:1001C000035202EBD12170474FF00000704700004E
:1001D00051EA030C17D41CF5801F58BFBCF5801FD3
:1001E00000F10680994218BF704708BF90427047DF
:1001F00007D711F5801F58BF13F5801F19D49942F6
:100200007047894270471CF5801F08D5BCF5801FD8
:10021000F7D58B4218BF704708BF824270474FF432
:10022000001C1CEB410F38BF1CEB430F01D28B426B
:10023000704770B500F0B2F8922449004FF00051B9
:100240004FF08053FFF706BEDFF848C170B51CEAD7
:10025000111E1EBF1CEA13159EEA0C0F95EA0C0F27
:1002600000F06F8081EA030423EA4C134EEAD47E47
:1002700021EA4C1141F4801143F48013AE44A1FBF8
:10028000024CA0FB0365AEF17F7E361955EB0C05E1
:10029000A1FB034C4CF10003A0FB021C16EB0C0667
:1002A000654153F10003094218BF46F0010613F4FB
:1002B000007F0BD14FEA03314FEA0530340341EAA6
:1002C000155140EA16506FF003020AE04FEAC321CD
:1002D0004FEAC520F40241EA555140EA56506FF00A
:1002E000020202EB2E4201EB025585EACE710AD0E2
:1002F0005FEA440C18BF24F0004450F1000041F1C3
:10030000000120EAD47040F2FE7C624500D270BD4C
:10031000A84214BF4FF080444FF04044002E08BF65
:100320000024BEF1806FA8BFA1F1C041BDE87040BC
:1003300080F282804FF0000001F1C04101F00041E5
:1003400070479EEA0C0F0CEA131518BF95EA0C0FC4
:1003500006D04FF0000081EA030E0EF0004170BDA0
:1003600000F01CF88900013E00F007B800F009B861
:100370004FEA430C5FEA5C5C08D081EA030100F0BD
:100380005BB84FEA410C5FEA5C5CF6D14FF00000CD
:10039000014970470000FF070000F87F0EF1020ED0
:1003A0002EF0030E5EF8046B364205D4012A43EBAF
:1003B000030515F5001F12D8012841EB010C1CF5AF
:1003C000001F0CD80ED14FEAD17C15F5001F0CEBA5
:1003D0004C0C0CF1020C08BF4CEBD37C04E04FF04A
:1003E000080C01E04FEAD37C0CEB4C0526FA05F62D
:1003F00006F00706B6F1040C06D20EEB860CBDE83B
:1004000070404CF0010C6047DFE80CF0090B020271
:100410004FF000414FF00000A1F5002170BD1946DA
:100420001046012851EB010418BFD4F5001484BF15
:10043000002001F0004170BD0808A0F500114FEA4E
:100440003101704753EA010C17D41CF5801F58BFC7
:10045000BCF5801F00F106808B4218BF704708BFB3
:100460008242704707D713F5801F58BF11F5801FD0
:1004700019D48B4270479B4270471CF5801F08D5EA
:10048000BCF5801FF7D5994218BF704708BF90424E
:1004900070474FF4001C1CEB430F38BF1CEB410F9F
:1004A00001D2994270470FB40CBC03BCFFF7C1BE28
:1004B00091EA030F10B581F000413FF52BAC83F0BA
:1004C000004300F009B8000010B591EA030F48BFDF
:1004D00083F000433FF51EAC841A71EB030C07D286
:1004E00012198CF0004C43EB0C03001B61EB0C0168
:1004F000DFF8A4E14FEA1154A4EB135C1EEA430FAA
:1005000018BF9EEA445F00F0B08023EA6E035242B7
:1005100021EA0451C3EB6E0338BF5B1EDCF1200EF1
:1005200025D322FA0CFE10EB0E0043FA0CFE41EB31
:100530000E01CCF1200E03FA0EFE10EB0E0051F16D
:100540000001CCF1200E29D412FA0EF201EB045175
:10055000BDE8104058BF7047401C1CBFB2F1004FAF
:10056000704700280CBF491C20F00100704712EBB7
:10057000020E43EB030218BF4FF0010E4EEA420297
:10058000ACF1200CDCF11E0E54D943FA0CFE10EB3A
:100590000E0051F1FF31CCF11E0ED5D50EF1010E3A
:1005A00012FA0EFE404141EB010101EB445C5FEAAF
:1005B0005C5C10D910EBDE7001EB045138BFBEF16A
:1005C000004FBDE8104018BF704700280CBF491C01
:1005D00020F00100704730D24FEAD42C11F5001101
:1005E00024F400641BD0B1FA81F20B3AA41AA41EC1
:1005F000D2F12003914030FA03F31943904001EB0C
:10060000CC71002C01EB0451BDE81040A8BF70472D
:1006100001F1C0414FF0000001F000417047B0FA15
:1006200080F310FA03F100D110BDE41A173C48051D
:10063000C90AE4E701EB045110BD491001EB045174
:10064000BDE810404FEA300002E04FF00001704773
:100650004A0008BF0042F8D0B2F5001F28BF70471B
:1006600001F000414FF0000070479EEA445F07D060
:1006700011EA5E0FBDE8104004BF00210020704762
:10068000BDE8104070B5FFF789FE00BF40DFF63EC1
:1006900083F00041104670470000E0FF43004FEA3E
:1006A000D30C4FEA3C0C43401FBF40070CF1605194
:1006B00013F0FE4F70471CF0006F03D100200CF0C8
:1006C000004170470CF0004343EA507010B540EA17
:1006D000CC0000F00EF800BF000000924FEA0001CD
:1006E000FFF7AABE4FF000414FF00000A1F5002136
:1006F00070470EF1020E2EF0030E5EF8044B2442FA
:1007000004D44FEA4102B2F17F4F11D84FEA4003BF
:10071000B3F17F4F0CD80ED14FEAD07CB2F17F4FAE
:100720000CEB4C0C0CF1020C08BF4CEBD17C04E040
:100730004FF0080C01E04FEAD17C0CEB4C0324FA9B
:1007400003F404F00704B4F1040C06D20EEB840C9D
:10075000BDE810404CF0010C6047DFE80CF00708E2
:1007600002024FF00040A0F5800010BD0846420094
:1007700018BFD2F1807288BF00F0004010BD4FF06A
:100780004070E1EE100A7047FF2141EAD050C005E9
:100790007047F0F7D4BA0000C80C01080000000050
:1007A000F80300205C000000F801002000020000B7
:1007B000080000000000000000000000FC0C010820
:1007C00000000000540600205C00000054040020DB
:1007D00000020000200000000000000000000000F7
:1007E000280D010800000000B00800205C00000097
:1007F000B006002000020000180000000000000009
:1008000000000000180D0108000000000C0D002081
:100810005C0000000C09002000040000180000002B
:100820000000000000000000080D010800000000AA
:10083000680F00205C000000680D0020000200002E
:10084000180000000000000000000000E40C010897
:1008500000000000C41700205C000000C40F00204E
:100860000008000010000000000000000000000070
:10087000F00C010800000000202000205C000000B7
:1008800020180020000800001800000000000000F0
:1008900000000000D40C0108000000007C220020B1
:1008A0005C0000007C200020000200001800000016
:1008B0000000000000000000B80C0108000000006B
:1008C000D823002050000000D822002000010000A2
:1008D000900C010800000000682400205000000077
:1008E00028240020400000007C0C010800000000CB
:1008F000D824002050000000B82400202000000070
:10090000A40C010800000000682500205000000031
:100910002825002040000000740D010800000000A0
:10092000B82500202C000000480D01080000000040
:10093000E42500202C000000680D010800000000E4
:10094000102600202C000000840D0108000000008B
:100950003C2600202C000000540D0108000000007F
:10096000682600202C000000380D0108000000005F
:10097000942600202C0000006C0C010800000000F0
:100980000000000000000000A40D010800000000AD
:100990000000000000000000940D010800000000AD
:1009A00000000000000000001C0C01080000000016
:1009B0000000000000000000480C010800000000DA
:1009C0000000000000000000580C010800000000BA
:1009D0000000000000000000300C010800000000D2
:1009E000C0260020200000000000000000000000E1
:1009F00001020304060708090000000001020304C5
:100A00000006101600061016B80D010800000000C0
:100A10000000000000000000C80D010800000000F8
:100A200000000000000000000000000000000000C6
:100A3000D80D0108000000000000000000000000C8
:100A4000000000000000000004000008000000009A
:100A50000000000200010000100000000000000083
:100A600000004054FB21F93F3163621A61B4D03D6C
:100A70000000601A61B4D03D7370032E8A19A33B45
:100A80000000002E8A19A33BC14920259A837B3997
:100A900000000000000000006E83F9A22915444EFA
:100AA000D15727FCC0DD34F5999562DB4190433C7A
:100AB000AB6351FE61C5BBDE3A6E24B7E0D24D4256
:100AC000EA2E49061C92D1091CEB1DFE3EA729B156
:100AD000F53582E88444BB2E26709CE9417E5FB4E4
:100AE00039D69139F43953838B5F849C3B28F9BD07
:100AF000FF97F81F0F9805DE8B112FEF1F6D0A5A15
:100B0000CF7E366DB709CB27663F464F2DEA5F9EF5
:100B1000C7BA27757BF1E5EBF739073DEA92528AB0
:100B2000B15FFB6B085D8D1F7AFE10111111C13F83
:100B300037D60684F464963F280356C9226D6D3F6C
:100B40000165F2F2D844433FA69237A0887E143F55
:100B5000735360DBCB75F3BEFE41B31BBAA1AB3F51
:100B600093846EE9E326823F1583E0FEC8DB573F9E
:100B700068108D1AF726303FE9A7F0320FB8123F00
:100B8000D47ABF74702AFB3E02400000000000A02F
:100B90000000000005400000000000C80000000048
:100BA0000C4000000000409C0000000019400000C4
:100BB0000020BCBE0000000034400000BFC91B8EF6
:100BC00000000004B5400000504BCFD06607E2CFD4
:100BD000010000006C4100003E8251AADFEEA73404
:100BE00001000000D9420000DCB5A0E23A301F97B6
:100BF000FFFFFFFFB4450000FD25A0C8E9A3C14FDA
:100C0000FFFFFFFFFF3F000000000080000000002A
:100C1000FF3F000000000080000000007362757359
:100C20005F646174615F72656164795F30315F0038
:100C3000736275735F646174615F72656164795F2B
:100C40006576656E745F00007370695F74785F66C7
:100C5000696E697368656400626C7565746F6F7442
:100C6000685F74785F69646C650000007061636B35
:100C700065745F74785F69646C6500006D6F766998
:100C80006E675F6374726C5F7175657565000000F7
:100C90006C76676C5F6576656E745F71756575659A
:100CA00000000000626C7565746F6F74685F747823
:100CB0005F717565756500007061636B65745F7465
:100CC000785F71756575650064656661756C7454EF
:100CD00061736B00626C7565746F6F74685F7461CB
:100CE000736B00006775695F7461736B00000000CF
:100CF0006170705F7461736B00000000696D755FF7
:100D00007461736B00000000736275735F72785FCB
:100D10007461736B000000007061636B65745F72D7
:100D2000785F7461736B00007061636B65745F74EE
:100D3000785F7461736B0000494D555F7265616443
:100D40005F74696D657200006C65645F74696D65E0
:100D500072000000626174746572795F6368656334
:100D60006B5F74696D6572006C76676C5F74696D3A
:100D700065720000627574746F6E5F74696D657280
:100D80000000000062757A7A65725F74696D657241
:100D900000000000494D555F646174615F726561D8
:100DA000647900007061636B65745F72785F6E6F69
:100DB000745F656D707479006C776D656D5F6D75CE
:100DC00074657800484944006C6564315F637472EF
:100DD0006C5F71757175650062757A7A6572315FE5
:100DE0006374726C5F71757175650000280E01087F
:100DF00000000020F8010000C4010008840E010872
:100E0000F801002038780100200200081C000000D2
:100E100043000000F8FFFFFF0C0000000E00000080
:100E20000F0000002E00000001711324F4320102B3
:100E30007F101AAA01013C36C40D010803139981E1
:100E40001B084D04139F7C14085583140857840213
:100E500024083649495249492CE003E047011C2245
:100E600010120113F4D81220A2980D136071012002
:100E700058A25256DC05DC05014B9643045A16086D
:040E80000300964392
:040000050800018965
:00000001FF
