:020000040800F2
:100000000000022065B400082D5000082F500008A1
:10001000315000083350000835500008000000003F
:10002000000000000000000000000000219A00080D
:100030003750000800000000C19A0008D393000860
:10004000B5B40008B5B40008B5B40008B5B40008EC
:10005000B5B40008B5B40008B5B40008B5B40008DC
:10006000B5B40008B5B40008B5B40008B5B40008CC
:10007000B5B40008B5B40008B5B40008B5B40008BC
:10008000B5B40008B5B40008B5B40008B5B40008AC
:10009000B5B40008B5B40008B5B40008B5B400089C
:1000A000B5B40008B5B40008B5B40008B5B400088C
:1000B000B5B40008B5B40008B5B40008B5B400087C
:1000C000B5B40008B5B40008B5B40008B5B400086C
:1000D000B5B40008B5B40008B5B40008395000083C
:1000E000B5B40008B5B40008B5B40008B5B400084C
:1000F000B5B4000849500008B5B40008B5B400080C
:10010000B5B40008B5B40008B5B40008B5B400082B
:10011000B5B40008B5B40008B5B40008B5B400081B
:10012000B5B40008B5B40008B5B40008B5B400080B
:10013000B5B40008B5B40008B5B40008B5B40008FB
:10014000B5B40008B5B40008B5B40008B5B40008EB
:10015000B5B40008B5B40008B5B40008B5B40008DB
:10016000B5B40008B5B40008B5B40008B5B40008CB
:10017000B5B40008B5B40008B5B40008000000002C
:08018000B5B40008B5B4000895
:1001C0000348044B834202D0034B03B118477047E6
:1001D0009802002098020020000000000548064B0D
:1001E0001B1AD90F01EBA301491002D0034B03B135
:1001F0001847704798020020980200200000000075
:1002000010B5064C237843B9FFF7DAFF044B13B15E
:100210000448AFF300800123237010BD9802002032
:1002200000000000B8B4000808B5044B1BB1044935
:100230000448AFF30080BDE80840CFE700000000AD
:100240009C020020B8B4000870B50F4B0F4DAB42B4
:10025000A3EB050607D0B610002455F8043B013483
:100260009847A642F9D80BF027F9094D094B5E1BB8
:10027000AB424FEAA60606D0002455F8043B0134F1
:100280009847A642F9D870BDCCB90008CCB900088F
:10029000CCB90008D0B90008036A2DE9F0418468A0
:1002A00080460E46002B3BD0A3891B0717D5236938
:1002B000ABB1013EA36816F8015F013BA360EDB14D
:1002C000002B07DAA7699F4222462946404610DCE8
:1002D0000A2D0ED023685A1C22601D70EAE72146C1
:1002E000404601F0D3FE0028E3D04FF0FF30BDE8D8
:1002F000F08102F04BFA0130DCD1F6E7002B09DA8D
:1003000022460A21404602F041FA0130EDD00A208F
:10031000BDE8F08123680A22591C21601A70F6E7B3
:1003200000F0F4F8C0E700BF024B01461868FFF781
:10033000B3BF00BF0C00002000207047024A0349F1
:10034000034801F081BE00BF00000020250700081F
:10035000100000200C4B4168994210B5044601D0B2
:1003600000F0E0F9A168094B994202D0204600F064
:10037000D9F9E168064B994204D02046BDE8104007
:1003800000F0D0B910BD00BFB40200201C03002053
:1003900084030020002070472DE9F8432A4C2B49A4
:1003A000DFF8BC90DFF8BC80294FC4F83811002575
:1003B00004230822294604F15C00264EE360C4E9C8
:1003C0000055C4E90455A5606566A56100F0C6F84E
:1003D000214B63670822294604F1C400C4E9084997
:1003E000C4E90A87C4E91A55C4E91E552567C4F84B
:1003F000CC50C4F88050266300F0B0F8174BC4F816
:10040000DC30294604F16803082204F59670C4F82C
:100410008830C4E92398C4E92576C4E93455C4E991
:100420003855C4F8D850C4F83451C4F8E85000F036
:1004300095F804F1D003C4E93D98C4E93F76C4F8C7
:10044000F030BDE8F88300BFB40200203D0300088F
:1004500015340008393400080900010012000200B8
:10046000AD330008D5330008F8B5254BD3F8383143
:100470000646002B3CD0234FD7E90134013B04D57D
:100480001DE05A1C04F1680419D0B4F90C50013B6A
:10049000002DF6D11C4BE360C4E90155C4E90455B5
:1004A00065662560A5610822294604F15C0000F01C
:1004B00055F8C4E90D55C4E912552046F8BD3D680C
:1004C0000DB12F46D8E74FF4D671304600F0EEFC60
:1004D000044680B10423C0E900530C302946A060D3
:1004E0004FF4D072254600F039F83C602F46C3E740
:1004F000FFF752FFBFE70C2338603360DDE700BF32
:10050000B4020020000000200100FFFF036A03B1D5
:100510007047044B044AD3F838310262002BF7D1FC
:100520003AE700BFB402002055030008704700BF3F
:10053000704700BF024A0349002001F085BD00BF9B
:100540000000002039030008024A0349002001F09E
:100550007BBD00BF0000002095030008830730B575
:1005600047D0541E002A3ED0CAB2034601E0013CE7
:1005700039D303F8012B9D07F9D1032C2CD9CDB227
:1005800005EB05250F2C05EB054535D9A4F1100227
:1005900022F00F0C03F1100EE6444FEA121C1A462B
:1005A000C2E90055C2E9025510327245F8D10CF18A
:1005B000010214F00C0F03EB021204F00F0C13D025
:1005C000ACF1040323F003030433134442F8045B47
:1005D0009342FBD10CF003042CB1C9B21C4403F8C4
:1005E000011BA342FBD130BD64461346002CF4D15D
:1005F000F9E703461446C0E71A46A446E0E700BF01
:10060000B1F90C302DE9F0411E070C4680463DD46F
:100610004A68002A56DDE56A002D34D00022D8F859
:100620000060C8F8002013F48052216A57D10123DA
:100630004046A847451C024666D0B4F90C30E56A2E
:10064000216A580705D56368D21A636B0BB1236C16
:10065000D21A00234046A847431C42D000236360BF
:1006600023692360A389DF0400D56065616BC8F846
:10067000006041B104F14403994202D0404601F0C8
:1006800085FC002363630020BDE8F0810E69002E25
:10069000F9D09B070D6808BF4B690E6018BF002397
:1006A000AD1B8B600BE02B463246216AA76A4046A1
:1006B000B847B0F1000CA5EB0C05664406DD002D33
:1006C000F1DCE0E70A6C002AA5DCDCE7B4F90C30C9
:1006D00043F04003A3814FF0FF30BDE8F081626D2D
:1006E000AFE7D8F80010B4F90C301D29F0D80C4A47
:1006F000CA40D507ECD52269226000226260DA0484
:10070000B4D50029B1D0B1E7D8F80030002B94D08F
:100710001D2B01D0162BD9D1C8F80060B3E700BF5C
:10072000010040200B69B3B110B5044682B008B196
:10073000036A5BB1B1F90C3013B9002002B010BDEF
:10074000204602B0BDE81040FFF75ABF0191FFF705
:10075000DDFE0199EEE70020704700BFB8B138B563
:100760000D4A0369156804462BB10DB12B6A53B1CC
:10077000B4F90C300BB9002038BD21462846BDE83D
:100780003840FFF73DBF2846FFF7C0FEF0E7034AB9
:100790000349044801F058BC0C0000200000002070
:1007A0002507000810000020014B1868704700BFA3
:1007B0000C0000202DE9F04755EC104B84B0002DC3
:1007C0000D9E894692463DDB0027652E1F7035D071
:1007D0003DDC452E32D0462E5AD1032103AB019386
:1007E00002AB009345EC104B0C9B4A4600F076FCA4
:1007F000074626F02003462B07EB090805D13B7876
:10080000302B39D00C9B1B68984420462946002287
:10081000002304F007F9002838D1039B984506D936
:1008200030215A1C03921970039B4345F9D30E9A49
:10083000DB1B3846136004B0BDE8F08709F10109FD
:100840000221CBE705F100422D271546BDE7662EB4
:10085000C3D003AB019302AB009345EC104B0C9B50
:100860004A46022100F03AFC672E0746C1D11AF031
:10087000010F1ED1039BDAE7002200232046294600
:1008800004F0D0F8C0B10C9B1B6898444346CEE7F7
:1008900003AB019302AB009345EC104B0C9B4A4613
:1008A000022100F01BFC472E0746A2D11AF0010FCF
:1008B000E0D007EB0908A8E70C9AC9F1010313601F
:1008C000A2E700BF70B50029BABF49422D232B23F0
:1008D000092982B0027043702BDD0DF10704194D18
:1008E000A446A5FB0123DB0803EB8302A1EB420234
:1008F0008E463032BEF1630F66460CF8012C194665
:100900000CF1FF3CEDDCB31E3031A3420CF8011CAE
:1009100000F102050AD2421C13F8011B02F8011F64
:10092000A342F9D10DF109039B1B1D44281A02B003
:1009300070BD30231944051D8370C170281A02B0A0
:1009400070BD00BFCDCCCCCC2DE9F04F8DB00C46A6
:10095000DDF8588016461F46054602F073FD036811
:100960000693184602F0ACFD00230A93D8F8003035
:100970000790073323F0070303F10802D4F800A01F
:1009800094F818B0C8F8002093ED007B8DED047B3F
:100990009DED047B53EC172B904623F0004984ED2A
:1009A000127B9F4B4FF0FF324046494604F06CF8F3
:1009B00040B99B4B404649464FF0FF3204F046F8A1
:1009C000002871D0DDE9040102460B4604F05CF812
:1009D000002840F0298261684B1C4AF480620BF0C9
:1009E000DF0832D0B8F1470F00F0228100232260E7
:1009F00003930AAB029309AB00939DED040BCDF872
:100A000004B00DF123032846FFF7D4FE8146BBF165
:100A1000650F099937D9BBF1660F00F028810A9B51
:100A20008B4240F32F810029D4BFC1F10202012281
:100A300013442361A1654FF0000A9DF82330002B79
:100A40004AD02D2384F8433046E00621002322605B
:100A5000CDF804B0616003930AAB029309AB009335
:100A60009DED040B0DF123032846FFF7A3FEB8F11B
:100A7000470F8146CBD10999C81C80F2F180ABF1B8
:100A8000020B5FFA8BFB01395A4604F150000991C1
:100A9000FFF718FF0A9A1318012A8246236140F3D0
:100AA000378101332361C8E7DDE904010022002317
:100AB00003F0C2FF10B12D2384F843302AF0040262
:100AC000584B2260584ABBF1470F8CBF914699465C
:100AD000032323614FF0000A009733460BAA2146F7
:100AE000284601F0DFFB013023D0236858052BD4C2
:100AF00023694A4631462846B847013019D0226852
:100B0000E0680B9B920719D5984217DD4FF000085B
:100B100004F1190904E0E0680B9BC21A42450DDD9F
:100B200001234A4631462846B847013008F10108FA
:100B3000F1D14FF0FF300DB0BDE8F08F9842B8BF53
:100B400018460DB0BDE8F08FBBF1650F33D9D4E97D
:100B500012010022002303F065FF002800F09A80B4
:100B6000324A012331462846B8470130E1D0DDE959
:100B7000093A534502DB2268D107C1D5DDE90623D6
:100B800031462846B8470130D3D0BAF1010FB6DD5F
:100B90000AF1FF3A4FF0000904F11A0801E0D145CB
:100BA000ADD00123424631462846B847013009F10D
:100BB0000109F4D1BDE7DDF82880B8F1010F40F359
:100BC000988001234A4631462846B8470130B0D0C4
:100BD000DDE9062331462846B8470130A9D0D4E9DB
:100BE00012010022002308F1FF3B03F01BFF002845
:100BF00000F09380B8F1010F40F386804FF00009B8
:100C000004F11A0801E0D9457ED00123424631465D
:100C10002846B847013009F10109F4D189E700BF3E
:100C2000FFFFEF7F80B7000884B7000890B7000887
:100C300009B9012161600023226003930AAB02938A
:100C400009AB00939DED040BCDF804B00DF1230327
:100C50002846FFF7AFFD09998146C81CFFF60FAF84
:100C6000636899423FF70BAF4FF0670BD7E6002957
:100C7000636856DD2161002B00F0858001330B4451
:100C80002361D7E623682161DB077FF5D3AE4B1CD8
:100C90002361CFE6099B002B4ADD0A9BD4F858B0AC
:100CA00004935B45A8BF5B46002B984608DD4A4687
:100CB00031462846B84701303FF43BAFD4F858B02E
:100CC00028EAE87293456BDD4FF0000A04F11A0838
:100CD000934604E0A36DA3EB0B0252455FDD0123B5
:100CE000424631462846B84701300AF1010AF1D19F
:100CF0001FE7D9073FF565AF4A460123314628462D
:100D0000B84701303FF415AF534604F15002F1E605
:100D10002268D2077FF591AEC3E65B4609F1010276
:100D2000ECE7002B34D12268D20731D4012380E6CE
:100D3000494A012331462846B84701303FF4F9AE0D
:100D4000DDE9093A5AEA030324D0DDE906233146F6
:100D50002846B84701303FF4ECAE099B002B78DA07
:100D60004FF0000B04F11A0803E0099B5B425B455E
:100D70006FDD0123424631462846B84701300BF16A
:100D8000010BF2D1D5E62268D0077FF553AE75E7A7
:100D900002334EE62268D3077FF5B2AED5E79B4615
:100DA000099B049A9A4202DC2268D00708D5DDE943
:100DB000062331462846B84701303FF4BAAE099BB6
:100DC000049AA2EB0B0AD31A9A45A8BF9A46BAF125
:100DD000000F0BDD09EB0B02534631462846B8479E
:100DE00001303FF4A6AE099B049AD31A2AEAEA7AA4
:100DF00053457FF784AEDDF810B04FF0000904F1E1
:100E00001A0807E0099BABEB0303A3EB0A034B456E
:100E10007FF775AE0123424631462846B847013078
:100E200009F10109EED184E6059B0C4A002BBCBFF9
:100E30002D2384F843302AF004032360084BBBF1D0
:100E4000470F8CBF91469946032323614FF0000A58
:100E500042E653464A464DE690B700088CB7000874
:100E600088B7000870B5104E336805460C46B3B11C
:100E70002146284602F088FA431C0CD0C41C24F0FA
:100E80000304A04205D0211A284602F07DFA013061
:100E900001D0204670BD4FF0FF34204670BD19468A
:100EA00002F072FA3060E3E7F00300202DE9F84326
:100EB000CD1C25F0030508350C2D38BF0C25002D61
:100EC000064618DBA94216D8DFF8DC8001F0BEFB2D
:100ED000D8F80420A2B1144603E0636822467BB12F
:100EE0001C4623685B1BF8D40B2B1FD89442636805
:100EF00054D053600CE00C2333600020BDE8F8832D
:100F000029463046FFF7AEFF431C044619D0056062
:100F1000304601F09DFB04F10B00231D20F007007B
:100F2000C21A1CBF1B1AA350BDE8F8836119944272
:100F3000256014BF5160C8F80410635163684B60AA
:100F4000E6E7D8F804701FB33C467F68002FFBD15A
:100F500023683946304604EB030902F015FA81454F
:100F600016D12368ED1A29463046FFF77BFF013082
:100F70000ED02368D8F804202B442360536883B133
:100F8000A34203D01A465B689C42FBD10023B0E722
:100F90000C233360304601F05BFBAEE7C8F8043049
:100FA000B6E7C8F80470B3E7F003002000000000C3
:100FB0002DE9F04F03690C69A34283B0C0F28A8027
:100FC000013C01F1140500F1140855F8243058F8DB
:100FD000242001339A428E4681464FEA840105EB74
:100FE000840708EB840AB2FBF3F63AD3CDE9001587
:100FF0000022AC46404613465CF8041B05681FFA05
:1010000081FB06FB0B22090C4FEA124B06FB01BBCE
:1010100092B2A9B2891A19441FFA8BF3C3EB214388
:1010200003EB154389B241EA0341674540F8041BCD
:101030004FEA1B424FEA2343DED2DDE9001558F8A0
:10104000013073B9AAF1040AD04504D307E0D045B2
:1010500004F1FF3403D25AF80439002BF7D0C9F851
:1010600010407146484601F015FF00282EDB41462E
:10107000002255F8040BD1F800C01FFA80FE1FFAB9
:101080008CF3A3EB0E031344020CC2EB234202EBDE
:101090001C429BB243EA0243AF4241F8043B4FEA91
:1010A0002242E6D258F8242008EB84036AB9043BB4
:1010B000434504D807E0984504F1FF3403D253F8C0
:1010C0000429002AF7D0C9F810400136304603B091
:1010D000BDE8F08F002003B0BDE8F08F2DE9F04FA0
:1010E000C5699DB08DED060B269C049057EC106BE6
:1010F00002910B920993002D00F0B183296851B140
:101100006A684A60012393408B6001F0F5FB049B01
:10111000DB6900221A60B7F10009B4BF0123002384
:101120002360774BBCBF29F00049CDF81C9033EA0F
:10113000090300F0AC809DED067B002251EC170BFB
:1011400000238DED007B03F06DFC804668B1099AA9
:1011500001231360279B13B1279A6A4B13606A4BD4
:10116000059305981DB0BDE8F08F9DED000B049828
:101170001AAA1BA901F0FCFF5FEA1955824640F04C
:101180009C80DDE91A85454405F23243202B40F36B
:101190009B83C3F1400309FA03F905F2124326FACF
:1011A00003F349EA030003F05BF90123013DA1F1D8
:1011B000F8711293554B002203F014F84AA3D3E9B7
:1011C000002303F0C7F94AA3D3E9002303F00CF886
:1011D000064628460F4603F053F947A3D3E90023F8
:1011E00003F0B8F902460B463046394602F0FCFFE0
:1011F00006460F4603F05EFC0022044608900023DA
:101200003046394603F018FC002840F03683089C2D
:10121000A8EB0508162C08F1FF3B00F214833C4BA9
:1012200003EBC403D3E90023DDE9000103F004FC70
:10123000002873D0631E0893BBF1000F4FF000032A
:101240001193C0F2068300230C93089B002B6BDAEA
:10125000089B0C9A0D93D21A0C925A4200230893C1
:10126000029B1092092B67D8052BC4BF043B029345
:10127000029BA3F10203CCBF00250125032B00F242
:101280004986DFE813F07C04790470045204099A5B
:10129000C9F3130942F20F7359EA060913601CD10E
:1012A000279B002B00F02D861A4B05930833279AB5
:1012B000059813601DB0BDE8F08FDDE90012C2F3A0
:1012C0001303084643F07F51CDF84880A5F2FF355F
:1012D000DDF8688041F440116CE7279B002B40F05B
:1012E00000840D4B05933CE761436F63A787D23FB2
:1012F000B3C8608B288AC63FFB799F501344D33F05
:101300000000F07F91B7000890B700080000F83F98
:10131000E0B4000894B70008A0B70008B8F1000FC7
:1013200040F3AF8411900C90089B0D939B440023D5
:101330001093029B092B97D900234FF0FF32CDE980
:101340000A23012502930E95049BDB690021596055
:101350000A9B1393049801F08FFA0590002800F07F
:10136000E285049B059ADB691A600A9B0E2B00F24A
:101370000D81002D00F00A810D99002940F3518460
:10138000AE4B01F00F0203EBC203C805D3E900899D
:101390004FEA211540F11584A94BDDE90001D3E99D
:1013A000082303F001FACDE9140105F00F05032726
:1013B0007DB1A34EE90708D540464946D6E900234A
:1013C00003F0C8F80137804689466D1006F108061B
:1013D000F0D142464B46DDE9140103F0E5F98046C1
:1013E0008946119B43B1974B00224046494603F082
:1013F00023FB002840F01785384603F041F84246A9
:101400004B4603F0A7F8904B002202F0EDFEA1F14D
:101410005073CDE9140115930A9B002B00F09D80B9
:101420000D9B19930A9B18934946404603F042FBD3
:10143000189A824B03EBC20313ED027B05468DED38
:10144000167B03F01DF80B4602464946404602F063
:10145000C9FE059F0E9B30357E1CECB28046894646
:101460003546002B00F07284DDE916237749002011
:1014700003F09AF9DDE9142302F0B4FE3C70424611
:101480004B4604460D4603F0F5FA002840F0BF84B1
:10149000CDF858B0CDF850A0AB460027189DA24615
:1014A0002AE00137AF4280F20685694B5046594623
:1014B000002203F04FF8664B002282468B464046DE
:1014C000494603F047F88946804603F0F3FA04469C
:1014D00002F0D6FF02460B464046494602F082FE25
:1014E000303406F8014B52465B468046894603F08D
:1014F000A3FA002840F0DC8442464B4651490020C4
:1015000002F070FE52465B4603F096FA0028C8D0FF
:10151000199BDDF850A0059A374603F1010802E057
:10152000974200F0A6843E4617F8013D392BF7D0CC
:101530000133DBB23B70454674E1384602F0A0FF50
:1015400042464B4603F006F83F4B002202F04CFEA9
:10155000A1F15073CDE9140115933E4B0022404692
:10156000494602F03FFEDDE9144522462B46064679
:101570000F4603F07FFA002840F08A84304639464F
:10158000224605F1004303F057FA28BB1B9B002BB2
:10159000C0F292800D9A0E2A00F38E80274B0D9A8E
:1015A00003EBC20393ED007B0B9B002B8DED027BC5
:1015B00019DA0A9B002B16DC0ED1264B0022DDE93E
:1015C000020102F0C7FF02460B46DDE9000103F00D
:1015D0003DFA002800F05C840023059E00931F461E
:1015E0000B9BDD4344E2059B5D1CDDE90278DDE9F0
:1015F00000013A46434603F0D7F803F05BFA06468B
:1016000002F03EFF3A46434602F0A4FF02460B4674
:10161000DDE9000102F0E6FD059A06F130031370E2
:101620000A9B012B2F4600F037830125CDF800A03F
:10163000A846DDE902AB99462CE000BFE0B4000803
:10164000D0B500080000F03F00001C400000E03F63
:10165000000024400000144052465B4620462946C4
:1016600003F0A2F803F026FA064602F009FF5246FC
:101670005B4602F06FFF08F101080B46024629465F
:10168000204602F0AFFD06F13003C84507F8013BE4
:1016900000F000838F4B002202F05CFF0022002349
:1016A00004460D4603F0BEF90028D5D00D9DDDF8A7
:1016B00000A001353E46B5E00E9A002A40F0F180C8
:1016C0000023109E0C9D0E931F4665B1BBF1000FC9
:1016D00009DD5D450C9A2B46A8BF5B46D21A0C92D9
:1016E000ED1AABEB030B109B53B10E9B13B1002E05
:1016F00040F00B835146109A049801F0E7FA8246B5
:101700000498012101F016FA089B0090002B40F08C
:10171000D381029B012B40F3E9810120584410F052
:101720001F0000F0B780C0F12003042B40F3F881C4
:101730000C9BC0F11C0003440C93054483440C9B98
:10174000002B05DD514604981A4601F02FFB824616
:10175000BBF1000F05DD009904985A4601F026FB05
:101760000090119B002B40F08C810A9B002B40F3D2
:1017700064810E9B002B40F0BC800D9D0135DDF88F
:101780001480009CDDF828B0DDF81090012607E0F9
:10179000514600230A22484601F0D2F8013682461B
:1017A00021465046FFF704FCB34500F1300008F82D
:1017B000010BEDDC0A9B002BC8BF1E46059BD8BF62
:1017C0000126814603EB060B0024514601220498B2
:1017D00001F0ECFA0099824601F05CFB002840F32E
:1017E0000382059A02E0934500F016825E460BF1F3
:1017F000FF3B16F8013C392BF5D001338BF8003054
:10180000DDF810800099404601F076F857B12CB110
:10181000BC4203D02146404601F06EF80498394698
:1018200001F06AF80498514601F066F8002333701D
:10183000099B1D60279B002B3FF493AC05981E600D
:101840001DB0BDE8F08F0123BBF1000F1193BFF66F
:10185000FAACC8F101030C934FF0000BF5E4102033
:1018600000F010FD049B0246D861002800F04D8373
:10187000C0E90055C0E902554DE4204602F000FEE3
:1018800032463B4603F0CEF800287FF4C0AC631E1E
:101890000893BCE41C230C9A1A440C921D449B44EC
:1018A0004DE7029A012A40F3AA810A9B109A5E1E14
:1018B000B242C0F26781002BA2EB060680F2EC82F6
:1018C0000C9B0A9A9D1A6AE1C3F1200306FA03F001
:1018D00069E400BF000024403946002304980A222E
:1018E00001F02EF8139B002B074640F3FE820D9665
:1018F0000A93002D05DD394604982A4601F056FA70
:101900000746089B002B40F0E481B846059E0A9CE0
:10191000731E1C44069B03F00103CDE90B43049C9A
:1019200000995046FFF744FB39468346504601F084
:10193000B1FA009905464246204601F0CDFAC36847
:101940000BF130090146ABBB0A90504601F0A2FAF8
:101950000A990890204600F0CFFF089A002A54D137
:10196000029B1BB90C9B002B00F0AB82002D3FDBD0
:101970000B9BB346B3420BF8019B00F0C18151466B
:1019800000230A22204600F0DBFF47458246394605
:101990004FF000034FF00A02204630D000F0D0FF95
:1019A0004146074600230A22204600F0C9FF5E4652
:1019B0008046B5E7049800F09FFF002D06DB069BEC
:1019C00003F00102029B1D432A4329D15146012203
:1019D000049801F0EBF90099824601F05BFA0028C7
:1019E00040F3F680B9F1390F00F048820BF131096C
:1019F0000D9D06F8019B3C460135474600E700F087
:101A00009FFF5E46074680468AE7002DC0F29D8212
:101A1000029B1D430C9B1D4300F09782002AA7DD0B
:101A2000B9F1390F00F02A820D9D09F101033C46FE
:101A300006F8013B01354746E2E6029B022B7FF7A1
:101A400098AE0A9B002B40F0238100990498052250
:101A500000F076FF01460090504601F01BFA002886
:101A600040F31681059E0D9D312306F8013B01359B
:101A70000099049800F040FF0135002F7FF4CEAEAE
:101A8000D0E60099504601F005FA0028BFF66DAE89
:101A90005146002304980D9C0A2200F051FF0E9B32
:101AA000661E8246002B7FF417AF139B002B40F37A
:101AB0000F820D9D0A9362E601461A46049801F0D2
:101AC00005F9029B0090012B6FDD00230893009A1B
:101AD000136902EB8303186900F0DAFFC0F12000FC
:101AE0001CE6964B05930333FFF7E1BB069B002BE7
:101AF0007FF413AEDDE90612C2F31303002B7FF46B
:101B00000CAE8F4B13402BB10C9B01330C930BF19C
:101B1000010B0123089A0893002A3FF4FEADD6E793
:101B20003FF40DAEC0F13C03B5E601230E930B9BD1
:101B30000D9A134413930133012B1F460A93B8BF28
:101B40000127049B172FDE6940F2FB810122042349
:101B50005B0003F11400B842114602F10102F7D90B
:101B60007160FFF7F7BB01230E930B9B002B36DD53
:101B70001F4613930A93E4E700230E93D7E700234D
:101B80000E93F2E7109B089A1096F31A1A440892E3
:101B90000A9B0C9A15461A449B440C920026049802
:101BA000012100F0C7FF07468FE5069B002B8CD173
:101BB000DDE90601C1F313030A46002BA1D008900A
:101BC00085E79DED007B02278DED147BFFF7F0BBD1
:101BD0007FF40EAF19F0010F7FF404AF08E7012383
:101BE000CDE90A33FFF7B0BB03D119F0010F7FF441
:101BF000F8AD5E461BF8013D302BFAD000E6129A94
:101C0000002A00F0078103F233430C9A109E154618
:101C10001A449B440C92C2E7059A31230135137094
:101C2000EEE500F0FB800D9A464B554205F00F02A1
:101C300003EBC203D3E90023DDE9000102F08AFCD3
:101C40002D11CDE9140100F057813F4E00230227EA
:101C500080468946EA0709D5D6E900234046494629
:101C600002F078FC01378046894601236D1006F1A9
:101C70000806EFD1002B7FF4B4ABDDE91489FFF740
:101C8000B0BBC8F1010383460C931190FFF74CBB26
:101C9000059EA5E4DDF800A002460B4602F0A4FA7A
:101CA0000D9D02460B46CDE900230135DDE90223F7
:101CB000A84602F0DFFE40B9DDE90223DDE90001BC
:101CC00002F0B0FE18B1F30701D5059A2BE43E46A9
:101CD000A8E57968049800F0CFFD0546002800F0DB
:101CE00029813B6902339A0007F10C010C3000F0A6
:101CF0002FFA04982946012201F058F8804605E69B
:101D00000D9D3C46013547465FE5049C3946324609
:101D1000204600F0DBFF524601460746204600F011
:101D20001FFF51468046204600F0E6FD109B9B1B9E
:101D3000C24610933FF4E4ACDCE400BFA0B7000857
:101D40000000F07FE0B40008D0B50008DDE91623FC
:101D5000DDE9140102F0FEFB059B1C70189B012BB2
:101D6000CDE90E0100F0BF80189F059B12961F441D
:101D70007E4B00224046494602F0ECFB0D460446ED
:101D800002F098FE814602F07BFB09F13009024621
:101D90000B462046294602F025FA06F8019BB74279
:101DA00080468946E4D1129D714B0022DDE90E0187
:101DB00002F01AFA02460B464046494602F05AFE25
:101DC00000286FD1DDE90E236949002002F00AFAEC
:101DD00002460B464046494602F02EFE88B91B9B40
:101DE000002BFFF66DAC0D9B0E2B3FF769AC614BE2
:101DF0000D9A03EBC20393ED007B8DED027BFFF7A1
:101E0000F4BB3E46013F16F8013C302BF9D0199D3A
:101E1000013507E51A9BC3F13603F6E6DDE90089D3
:101E20000227FFF7DEBA0A9B002B3FF486AB139C18
:101E3000002C7FF7ABAB0D9B013B0022404649468F
:101E400019934A4B02F086FB80468946781C02F0C3
:101E500017FB42464B4602F07DFB474B002202F047
:101E6000C3F9A1F15073CDE9140118941593FFF74C
:101E7000DBBA08F101083123FFF75CBB0D9D059A21
:101E8000B34639233C460BF8013B01354746ADE4E8
:101E9000002300931F46E5E50C9A15461A449B441F
:101EA0000C927CE6199B059A03F10108FFF73BBBF6
:101EB000DDF850A0ABE7DDF858B0DDF850A0FFF733
:101EC00065BBB9F1390FD9D0002D3FF78FAD8FE544
:101ED000029B022B03DC139B0D9D0A934FE4139B83
:101EE0000A930D96ADE537465EE7029B022BF6DCC2
:101EF000139B0D960A93FCE4DDE914890227FFF792
:101F000070BA1E4B0593FFF72CB91D4B1D48EF21EE
:101F100000F08CFC0498C36900255D60294600F040
:101F2000ABFC0590A8B9184B1648002240F2AF113F
:101F300000F07CFC144B13482A4640F2EF2100F0DD
:101F400075FC00217160FFF705BA002A3FF73EAD2E
:101F50004EE5049B059ADB690B951A604FF0FF3341
:101F6000012213930E920A93FFF710BB0000244046
:101F70000000E03FE0B4000800001C4094B70008F7
:101F8000A4B70008BCB70008E8B70008002950D083
:101F900038B551F8043C0C1F002BB8BFE4180546B7
:101FA00000F054FB274A13682BB1A3420CD92168D7
:101FB000601883422CD0636028461460BDE8384026
:101FC00000F046BBA3420FD81A465B68002BF9D13C
:101FD00011685018844217D02CD36360546028468F
:101FE000BDE8384000F034BB11685018A04214D04E
:101FF00020D8216860188342EFD118685B680844D4
:10200000C4E900035460EAE723680B441360E6E781
:1020100018685B6808442060CDE7206801445018C8
:1020200083421160DBD1D3E900040144C2E900140A
:10203000D5E770470C232B602846BDE8384000F0F8
:1020400007BB00BFF40300202DE9F843074688468C
:1020500016464FF00009D6E90154013D10D4A3897A
:10206000012B08D9B4F90E3001332146384602D08D
:10207000C04749EA0009013D6B1C04F16804EED138
:102080003668002EE7D14846BDE8F88338B52F4BB7
:102090001B6805460C4613B11A6A002A4BD0B4F9E6
:1020A0000C3018071CD5226922B313F0010107D0A8
:1020B000616900204942A060A1613AB1002038BDA9
:1020C000980758BF6169A160002AF7D1190658BF67
:1020D0001046F4D543F04003A3814FF0FF3038BDE4
:1020E000D9062CD55A0712D4226943F00803A381DC
:1020F000002ADAD103F42071B1F5007FD5D0214652
:10210000284600F0A7FAB4F90C302269CDE7616BDC
:1021100051B104F14402914204D02846FFF736FF42
:10212000B4F90C300022626322690021C4E9002165
:1021300023F02403D9E71846FEF7E8F9AFE70922B0
:1021400043F040032A60A381C7E700BF0C000020D2
:10215000844641EA000313F003036DD1403A41D3B2
:1021600051F8043B40F8043B51F8043B40F8043B71
:1021700051F8043B40F8043B51F8043B40F8043B61
:1021800051F8043B40F8043B51F8043B40F8043B51
:1021900051F8043B40F8043B51F8043B40F8043B41
:1021A00051F8043B40F8043B51F8043B40F8043B31
:1021B00051F8043B40F8043B51F8043B40F8043B21
:1021C00051F8043B40F8043B51F8043B40F8043B11
:1021D00051F8043B40F8043B51F8043B40F8043B01
:1021E000403ABDD2303211D351F8043B40F8043BA1
:1021F00051F8043B40F8043B51F8043B40F8043BE1
:1022000051F8043B40F8043B103AEDD20C3205D3B0
:1022100051F8043B40F8043B043AF9D2043208D0A8
:10222000D2071CBF11F8013B00F8013B01D30B881A
:1022300003806046704700BF082A13D38B078DD0F8
:1022400010F003038AD0C3F10403D21ADB071CBFCA
:1022500011F8013B00F8013B80D331F8023B20F834
:10226000023B7BE7043AD9D3013A11F8013B00F86D
:10227000013BF9D20B7803704B7843708B788370F5
:1022800060467047024B01461868FEF70FBE00BF5C
:102290000C000020024B01461868FFF777BE00BF14
:1022A0000C0000202DE9F84F92461F460A698B6802
:1022B000DDF828909A42B8BF1A46CAF8002091F873
:1022C00043300C46064613B10132CAF8002022689A
:1022D00091065FD5DAF800300233CAF80030226880
:1022E00012F0060F11461DD1E1689942D8BF114680
:1022F00018DD4FF0000804F1190B05E0E568DAF885
:102300000030ED1A45450CDD01235A46394630466A
:10231000C847013008F10108F0D14FF0FF30BDE8A7
:10232000F88F216894F84330003B18BF01238A06D8
:102330000AD5E1185A1C302081F84300224494F851
:10234000451082F84310023304F143023946304607
:10235000C8470130E1D02368DAF80050216903F062
:102360000603042BD4E902201BD08A4220DD4FF063
:102370000008521A90441A34002501E0454517DA46
:102380000123224639463046C847013005F1010590
:10239000F4D1C2E712F0060F0DD0003B18BF0123A5
:1023A000D2E7401B8A4220EAE078E2DC0028E2DC47
:1023B0000020BDE8F88FE168DAF800309942D8BF14
:1023C000114696DCAEE700BF2DE9F047174684B012
:1023D0000A7E0C9D0C460646984601F1430C002AE5
:1023E00035D0A2F15803D9B2202969D8202B67D85B
:1023F000DFE813F0E600660066006600660066002F
:1024000066006600660066006600AC00700066004C
:102410006600660066007000660066006600660082
:1024200021008300C60066006600B60066008300D7
:1024300066006600EC002B6822686169181D286040
:1024400010061B6802D4520600F1E08019600023D8
:10245000E1462361CDF800803B4603AA2146304681
:10246000FFF720FF013020D023694A463946304625
:10247000C047013019D02368E068DDF80C909B0755
:1024800018D5484516DD002504F1190A04E0E06876
:10249000A0EB0903AB420DDD01235246394630461D
:1024A000C047013005F10105F1D14FF0FF3004B014
:1024B000BDE8F0874845B8BF484604B0BDE8F0879E
:1024C00084F84220012004F142090023206184F8AD
:1024D0004330BFE72A682368111D1806296002D41B
:1024E000590600F195801068014600286268C0F224
:1024F000938054484FF00A0E15E020682B6810F0C6
:10250000800F53F8041B02D1400648BF89B26F2ADE
:102510004C482B6014BF4FF00A0E4FF0080E0023FA
:10252000626884F84330002AA26051DB236823F0FC
:102530000403236000294BD1002A7BD1E146BEF180
:10254000080F56D0ACEB0903236183E72B681A68A8
:1025500004332B6004F1420984F842200120B4E7DF
:102560002B686268191D2960D3F800900021484645
:1025700001F03EF8002863D0A0EB09006060A4E7FA
:10258000236843F02003236078222F4884F84520F5
:102590002A6813F0800F52F8041B03D113F0400F88
:1025A00018BF89B22A60DA0744BF43F020032360D2
:1025B00019B9236823F0200323604FF0100EAEE713
:1025C000582384F845301F482368E1E72368DBE798
:1025D0007546E146B1FBF5F305FB131A0A46AA421C
:1025E00010F80A1009F8011D1946F3D2BEF1080FC0
:1025F000A8D12368DD07A5D5626823699A42A1DCCA
:10260000302309F8013C09F1FF399BE719801EE7E7
:10261000B2F90010084668E72D20002AA26084F86D
:10262000430002DB23F0040323600A2505484942E6
:10263000AE46CEE7037884F8423004F142097EE7E3
:10264000606842E7FCB7000810B80008704700BF98
:10265000704700BF70B5B1F90C300C46990796B0C1
:1026600007D504F147030122C4E90432236016B000
:1026700070BDB4F90E100029054629DB6A4601F049
:102680003FF8002822DB4FF480612846019EFEF7C8
:102690000DFC88B3A389206043F0800306F47046E4
:1026A000A381B6F5005F4FF48063C4E90403DED173
:1026B000B4F90E10284600F057F80028D7D0A389A7
:1026C00023F0030343F00103A381D0E7B4F90C30F6
:1026D00013F0800F14BF40264FF480663146284621
:1026E000FEF7E4FB40B1A389206043F08003C4E916
:1026F0000406A38116B070BDB4F90C309A05B6D4A7
:1027000023F0030304F1470243F002030121C4E96B
:102710000421A3812260AAE770B50C46B1F90E101E
:10272000002996B015461E460FDB6A4600F0E8FF0A
:1027300000280ADB019B03F47043A3F50053B3FAAE
:1027400083F34FF480625B0908E0A28912F0800FE6
:102750004FF0000314BF40224FF48062002033602A
:102760002A6016B070BD00BF38B5074D0022044680
:1027700008462A6007F006FB431C00D038BD2B68D2
:10278000002BFBD0236038BDF8030020F8B50D46C0
:102790001446064610B1036A002B37D0A389A269FC
:1027A000A2601A0719D52369BBB122686169D31ADF
:1027B000EDB299422F4620DD0133A1680139A160B5
:1027C000511C2160157062699A420DD0A389DB0704
:1027D00001D50A2D08D03846F8BD21463046FFF70E
:1027E00055FC38B92369E0E721463046FDF79AFFEA
:1027F0000028F0D04FF0FF37EDE721463046FDF7D7
:1028000091FF0028F6D122680123D6E7FDF77EFE6E
:10281000C4E700BF10B4044C03460A4620685DF8C4
:10282000044B1946FFF7B2BF0C00002000B50B4C5B
:1028300025681446EE681A4685B003460D464CB12D
:1028400007490095CDE901143046064900F044FFE0
:1028500000F000FE04490C46F3E700BF0C00002026
:1028600024B8000834B8000830B8000808B513468A
:102870000022FFF7DBFF00BF70B5C66905460C46B6
:102880005EB1F368A3B153F82400E8B1026843F8DD
:1028900024200023C0E9033370BD1020FFF7F2FCB1
:1028A0000646E861E8B10023C0E90033C0E902331D
:1028B00021220421284600F06FFEEB69F060DB68FE
:1028C000002BE0D1002070BD012101FA04F6721D39
:1028D0009200284600F060FE0028F3D0C0E90146CF
:1028E000D7E7034B034832466B21FFF79FFF00BF3A
:1028F000A4B7000864B8000870B5C66905460C4660
:102900004EB13CB1EB696268DB6853F8221021607C
:1029100043F8224070BD1020FFF7B4FC0246E86186
:1029200020B1C0E90066C0E90266EAE7024B03484D
:102930008F21FFF77BFF00BFA4B7000864B8000831
:102940002DE9F0410D6907460E461C4601F1140EB3
:102950000020DEF800108BB202FB03434FEA134C59
:10296000090C02FB01CC01309BB203EB0C43854206
:102970004EF8043B4FEA1C44EBDC3CB1B368AB427D
:1029800007DD06EB850301355C6135613046BDE846
:10299000F081716838460131FFF76EFF804690B1D3
:1029A0003269023206F10C0192000C30FFF7D0FBC5
:1029B000314638464646FFF79FFF06EB8503013553
:1029C0005C613561E2E7034B03484246BA21FFF7F9
:1029D0002DFF00BFE8B7000864B800082DE9F843F0
:1029E0001746284A1E4608330C46092E82FB03125E
:1029F0004FEAE3730546C3EB62033ADD4FF0010C87
:102A000000214FEA4C0C634501F10101F9DC284635
:102A1000FFF732FF014670B3089B4361092F4FF067
:102A20000103036112DC0A340927BE420BDDF61BE9
:102A3000264414F8013B0A22303B2846FFF780FF6A
:102A4000B4420146F5D10846BDE8F88304F109080F
:102A500004EB0709444614F8013B0A22303B2846A0
:102A6000FFF76EFF4C450146F5D1A7F10804444439
:102A7000DBE70021CBE70A46034B0448D321FFF7ED
:102A8000D5FE00BF398EE338E8B7000864B8000807
:102A9000B0F5803F034636BF030400201020B3F199
:102AA000807F3CBF1B020830B3F1805F3CBF1B013D
:102AB0000430B3F1804F03D3002B06DB01307047A5
:102AC0009B0003D45B0003D4202070470230704782
:102AD00003307047036813F00702014607D0DA0796
:102AE0001FD4980721D55B080B600120704798B26E
:102AF000A0B11046DAB20AB908301B0A1A0704BF9F
:102B00001B0904309A0704BF9B080230DA0703D47C
:102B10005B0800F1010006D00B6070471B0C102011
:102B2000E8E700207047202070479B080B600220D8
:102B3000704700BF10B50C460121FFF79DFE02460D
:102B400018B10123C0E9043410BD034B034840F21F
:102B50004511FFF76BFE00BFE8B7000864B8000836
:102B60002DE9F04FD1F810801569A84585B00E46C3
:102B7000924605DB2A46534645468A4690461E46FF
:102B8000DAF80830DAF8041005EB0804A342B8BFFD
:102B90000131FFF771FE8446002800F08B8000F1C0
:102BA000140707EB840E774505D23B46002243F815
:102BB000042B9E45FBD8143606EB88080AF114094D
:102BC000464509EB850566D2A5EB0A03153B23F0C4
:102BD00003030AF1150A043355452CBF9B464FF0F9
:102BE000040BCDF808E00394AE46E24605E0090C7C
:102BF0002AD1B04507F104074AD956F8041B8DB213
:102C0000002DF4D0CC463C46002301965CF8040B22
:102C1000216886B28AB2000C05FB0622090C1A4410
:102C200005FB001101EB124192B242EA0142E64576
:102C300044F8042B4FEA1143E8D8019E47F80B30C3
:102C400056F8041C090CD4D03B68002248461D46A7
:102C50003C469446028801FB02C202EB15429BB23D
:102C600043EA024344F8043B50F8043B25684FEA2A
:102C7000134CABB201FB0C3303EB124370454FEA2C
:102C8000134CE7D3B04547F80B3007F10407B4D82D
:102C9000DDE902E4D446002C02DC05E0013C03D06F
:102CA0005EF8043D002BF9D06046CCF8104005B02A
:102CB000BDE8F08F034B044862464FF4B171FFF753
:102CC000B5FD00BFE8B7000864B800082DE9F0437F
:102CD00012F0030383B0144607462DD10E46A4100C
:102CE0001CD0FA698AB39568002D39D0E3074FF0FC
:102CF000000906D4641011D0286898B10546E3078E
:102D0000F8D531462A463846FFF72AFF3146804635
:102D10003846FFF7F1FD64104646EDD1304603B06A
:102D2000BDE8F0832A4629463846FFF719FF286098
:102D3000C0F800900546E2E7013B184A52F823200C
:102D40000023FFF7FDFD0646C9E71020FFF79AFABA
:102D50000246F861E0B10023C0E90033C0E9023364
:102D6000012138460192FFF787FD019A054640B1DF
:102D7000012340F27121C0E9043100239060036017
:102D8000B4E7074B07482A4640F24511FFF74EFDCE
:102D9000054B044840F2B311FFF748FDD0B40008DA
:102DA000E8B7000864B80008A4B700082DE9F047A8
:102DB0000D4691462B69496803EB6218AB6808F130
:102DC00001049C4207464FEA621A04DD5B009C4204
:102DD00001F10101FADC3846FFF74EFD06460028F6
:102DE0004DD0BAF1000F00F114000EDD0AF105021A
:102DF0004FEA820C034606EB8202002143F8041BD3
:102E00009342FBD1ACF114031844296905F1140372
:102E100019F01F0903EB810129D0C9F1200E844666
:102E20004FF0000A1A6802FA09F242EA0A024CF864
:102E3000042B53F8042B994222FA0EFAF2D84B1BBA
:102E4000153B23F00303043305F11502914238BF0B
:102E5000042340F803A0BAF1000F00D144463846DD
:102E600034612946FFF748FD3046BDE8F087043855
:102E700053F8042B40F8042F9942F9D8EEE7034B9E
:102E8000034832464FF4EF71FFF7D0FCE8B7000873
:102E900064B800080B6984460069C01A16D10CF1A9
:102EA000140C14310CEB830210B401EB830301E02A
:102EB000944508D252F8044D53F8041D8C42F7D0C3
:102EC00005D24FF0FF305DF8044B7047704701208A
:102ED0005DF8044B704700BF2DE9F04F15460A69B5
:102EE0002B69D21A002A83B0884640F0878001F10E
:102EF000140605F1140101EB830106EB830301E0E5
:102F00009E427ED253F8044D51F8042D9442F7D0DE
:102F100075D32B460024454698466968FFF7ACFCFC
:102F20008146002800F089802E69C460D8F810001E
:102F300005F1140B08F1140E09F1140A05F1100241
:102F40000EEB80000BEB860157464FF0000CCDF8DE
:102F500004B05EF8044B52F8045F1FFA84FBABB276
:102F6000A3EB0B03240C6344C4EB154404EB234490
:102F70009BB243EA0443704547F8043B4FEA244CB4
:102F8000E7D8A0EB080208F115084045A2F11502A8
:102F900034BF0020012092080028DDF804B002F1BF
:102FA00001044FEA840408BF04240BEB0405A94282
:102FB000544433D92746284650F8043B1CFA83FE74
:102FC0001A0C634402EB2E429BB243EA0243814255
:102FD00047F8043B4FEA224CEED80139491B21F057
:102FE00003010C4423B954F8043D013E002BFAD0F0
:102FF0004846C9F8106003B0BDE8F08F89DA0124B3
:103000008BE70021FFF738FC814678B101220023CD
:10301000C0E90423484603B0BDE8F08F00284FEA1A
:10302000820208BF00220AEB0204DBE7064B0748D6
:103030004A4640F23721FFF7F9FB034B03484A4663
:1030400040F24521FFF7F2FBE8B7000864B800083A
:1030500082B08DED000B164B019A1340A3F1507313
:10306000002B06DD00221946104641EC100B02B081
:1030700070475B42B3F1A07F4FEA235209DA4FF465
:103080000023134100221946104641EC100B02B0F8
:103090007047A2F114031E2BDABF4FF00042DA4052
:1030A000012200231946104641EC100B02B0704774
:1030B0000000F07FF8B5046900F1140606EB840403
:1030C000271F54F8045C2846FFF7E2FCC0F12003F8
:1030D0000A280B6033DDBE42A0F10B0119D254F86F
:1030E000080C21B3C1F120078D4020FA07F21543E7
:1030F0008840A4F1080145F07F538E4243F4401309
:1031000019D254F80C1CF9400843024643EC102B2A
:10311000F8BD0B280AD005FA01F141F07F530020D9
:1031200043F44013024643EC102BF8BD002045F059
:103130007F5343F44013024643EC102BF8BDC0F11B
:103140000B0C25FA0CF1BE4241F07F5338BF54F806
:10315000081C00F1150034BF21FA0CF1002105FA1A
:1031600000F0084343F44013024643EC102BF8BD33
:103170002DE9F0430E4683B0012159EC108B154622
:10318000FFF77AFB0446002846D0C9F30A57C9F373
:1031900013030FB143F480130193B8F1000313D16B
:1031A00001A8FFF797FC019B636101222030226197
:1031B0000FB3A7F233470744C0F1350037602860EA
:1031C000204603B0BDE8F08368460093FFF782FC19
:1031D000019BF8B10099C0F1200203FA02F2C3404A
:1031E0000A430193002B62610CBF01220222A361FA
:1031F0002261002FDDD104EB8203A0F23240306067
:103200001869FFF745FCC0EB42102860204603B068
:10321000BDE8F083009AE5E7034B0448224640F2FC
:103220000F31FFF703FB00BFE8B7000864B80008E0
:103230002DE9F04383B0884669468146FFF73AFF9F
:1032400001A9404655EC104BFFF734FFD8F8103079
:10325000D9F81020D21ADDE900315B1A03EB4213D2
:10326000002B59EC108B0DDD05EB03573D46424614
:103270004B462046294601F097FA41EC100B03B06B
:10328000BDE8F083C3EB033309EB03518946EEE756
:10329000172870B506460CDD0A490B4D00200024A6
:1032A00022462B4601F056F9013EF9D141EC100BB4
:1032B00070BD064B03EBC003D3E9040141EC100BD6
:1032C00070BD00BF0000F03F00002440D0B40008F3
:1032D0000139491101F1010C116902F1140303EBE9
:1032E00081018B4200EB8C0C16D210B5A0F1040EBC
:1032F00053F8044B4EF8044F9942F9D88B1A153BFA
:1033000023F0030304331844844504D9002340F810
:10331000043B8445FBD810BD844505D9002340F803
:10332000043B8445FBD87047704700BF03694A11CE
:10333000934200F1140009DA00EB830302E053F832
:10334000042DAAB98342FAD80020704700EB82030B
:10335000F8DD11F01F01F5D010B450F8224024FA26
:1033600001F28A40944209D001205DF8044B704775
:103370000120704753F8042D002AF5D18342F9D873
:1033800000205DF8044B704738B5074D0022044615
:1033900008462A6006F0AAFC431C00D038BD2B6802
:1033A000002BFBD0236038BDF803002010B50C467D
:1033B000B1F90E1000F06CF9002803DB636D0344D3
:1033C000636510BDA38923F48053A38110BD00BFA2
:1033D000002070472DE9F0410C46B1F90C101F4652
:1033E000CB05054616460BD421F48051A1813B46FE
:1033F000B4F90E1032462846BDE8F04100F0ACB9F1
:10340000B4F90E100223002200F090F9B4F90C1068
:10341000EAE700BF10B50C46B1F90E1000F086F9CE
:10342000B4F90C30421C0EBF23F4805343F4805394
:103430006065A38110BD00BFB1F90E1000F012B895
:10344000F0307047004870474C010020004870473A
:103450004C01002008B5062000F052FD012006F0C6
:1034600073FC00BF38B5074D0022044608462A60A9
:1034700006F080FC431C00D038BD2B68002BFBD02D
:10348000236038BDF80300200000000000000000A9
:10349000000000000000000000000000000000002C
:1034A000000000000000000000000000000000001C
:1034B000000000000000000000000000000000000C
:1034C00030B490F800F020F007016FF0000C10F01D
:1034D000070491F820F040F048804FF000046FF0AE
:1034E0000700D1E9002391F840F000F1080082FACA
:1034F0004CF2A4FA8CF283FA4CF3A2FA8CF34BBB95
:10350000D1E9022382FA4CF200F10800A4FA8CF20D
:1035100083FA4CF3A2FA8CF3E3B9D1E9042382FADB
:103520004CF200F10800A4FA8CF283FA4CF3A2FAF0
:103530008CF37BB9D1E9062301F1200182FA4CF228
:1035400000F10800A4FA8CF283FA4CF3A2FA8CF38F
:10355000002BC6D0002A04BF04301A4612BAB2FAB1
:1035600082F200EBD20030BC7047D1E9002304F0B6
:103570000305C4F100004FEAC50514F0040F91F8EB
:1035800040F00CFA05F562EA05021CBF63EA050388
:1035900062464FF00004AAE770B5A1FB025454B98B
:1035A0002946FDF783FC064618B12A462146FCF75A
:1035B000D5FF304670BD0C2202600026F9E700BF3F
:1035C00010B4034CD4F8E040A4465DF8044B6047C7
:1035D0005C00002049B1FF2A02D80A700120704720
:1035E0008A2303604FF0FF3070470846704700BFE2
:1035F00001F0FF01102A2BDB10F0070F08D010F8A4
:10360000013B013A8B422DD010F0070F42B3F6D1A7
:10361000F0B441EA012141EA014122F007047FF0C0
:1036200000070023F0E80256083C85EA010586EA17
:10363000010685FA47F5A3FA87F586FA47F6A5FA53
:1036400087F68EB9EED1F0BC01F0FF0102F007025F
:1036500032B110F8013B013A83EA010313B1F8D10A
:103660000020704701387047002D06BF35460338EB
:10367000073815F0010F07D1013015F4807F02BF24
:10368000013015F4C03F0130F0BC0138704700BF75
:1036900038B50C46084D8446114620461A4600238C
:1036A0002B60644606F056FB431C00D038BD2B68E7
:1036B000002BFBD0236038BDF80300200CB400B50C
:1036C00083B004AB53F8042B019300F0A1F803B0CE
:1036D0005DF804EB02B070470EB410B583B005ABD3
:1036E000064C53F8042B01930146206800F090F833
:1036F00003B0BDE8104003B0704700BF0C000020CD
:1037000070B50C46084D03460026204611461C465F
:103710002E6006F032FB431C00D070BD2B68002BDE
:10372000FBD0236070BD00BFF803002038B50C4605
:10373000084D8446114620461A4600232B606446F5
:1037400006F022FB431C00D038BD2B68002BFBD0B9
:10375000236038BDF803002038B50C46084D844678
:10376000114620461A4600232B60644601F0C4FB34
:10377000431C00D038BD2B68002BFBD0236038BD24
:10378000F80300209368013B002B936011DA10B41A
:103790009469A34209DB0A2907D01368581C1060FA
:1037A000197008465DF8044B70475DF8044BFEF74E
:1037B000EDBF1368581C106019700846704700BFB1
:1037C0009BB1F8B5134406460F46541E5D1E01E03A
:1037D000AC4208D014F8011F3A463046FFF7D2FF3A
:1037E000431CF5D1F8BD0020F8BD0020704700BF94
:1037F000936810B514461BB918460023636010BDCA
:1038000000F04AF90023A3600023636010BD00BFED
:103810002DE9F04FA1B08B4691461C46049018B19B
:10382000036A002B00F01C81BBF80C30180740F134
:103830009580DBF81030002B00F090800023CA4602
:103840000D9343F22003ADF839309AF80030864EDC
:1038500007940127002B79D0D14604E019F8013FE5
:10386000002B00F08580252BF8D1B9EB0A0840F039
:10387000828099F80030002B68D000234FF0FF328F
:10388000CDE9092309F1010908930B938DF8633001
:103890001E9305E0089A07FA03F31A430892A1461B
:1038A0004C46052214F8011B3046FFF7A1FEA24644
:1038B000831B0028EED1089BD90644BF20228DF837
:1038C000632099F800101A0744BF2B228DF863205B
:1038D0002A2966D1079A1168043200290792C0F29A
:1038E0009A800B9199F801102E2970D05F4C032219
:1038F0002046FFF77DFE38B1089B001B4022824026
:1039000013430AF1010A08931AF8011B58488DF86D
:1039100038100622FFF76CFE002800F08280554B1D
:10392000002B69D007AA0092534B04985A4608A965
:10393000FDF70AF80390039B013307D00D9B039A10
:1039400013440D939AF80030002B85D1BBF80C304E
:103950005B060AD40D9821B0BDE8F08F0498594653
:10396000FEF794FB00283FF469AF4FF0FF30F2E719
:10397000B9EB0A08EAD00AF1FF35CDF81490A94650
:10398000049D01E0A0453ED94C465A4619F8011F56
:103990002846FFF7F7FE02340130A4EB0A04F1D108
:1039A000D4E7A1F13002092A88BFCA469CD80B9BF4
:1039B00000E00134217803EB830302EB4303A1F120
:1039C0003002092AF5D92E290B93A2468ED19AF8F6
:1039D00001102A292FD1079B9AF802101A68099220
:1039E0000433002A0AF102000793B8BF4FF0FF33F7
:1039F0008246B8BF099379E7079B073323F0070393
:103A0000083307939AE70D99DDF81490414499F82B
:103A100000300D912FE7494243F002030B910893C8
:103A200060E707AA0092144B04985A4608A9FEF7CB
:103A3000CBFC03907FE7A1F130020023092A099310
:103A40000AF1010A3FF652AF1AF8011F03EB830394
:103A500002EB4303A1F13002092AF5D9099345E7A6
:103A6000FCF754FDE0E600BFA4B80008ACB80008BD
:103A7000B0B8000849090008C137000810B4054C67
:103A80008446134620685DF8044B0A466146FFF7FA
:103A9000BFBE00BF0C0000209368002B00F0F88030
:103AA0002DE9F04FB1F90CC01CF0080F83B090461F
:103AB00081460C4631D00B697BB31CF00207D8F865
:103AC000006038D00027D4F828B0216ADFF8C4A2FB
:103AD0003D4655452B463A4628BF53464846C5B154
:103AE000D847002840F3CA80D8F808301B1A07448A
:103AF0002D1AC8F80830002B00F0B68055452B462B
:103B0000D4F828B0216A28BF53463A464846002DCB
:103B1000E6D1D6E900750836DBE721464846FEF7D0
:103B2000B5FA002840F0AF80B4F90CC0D8F80060B6
:103B30001CF00207C6D11CF0010A63D12368A168FA
:103B4000574618468B46002F58D01CF4007F00F0D3
:103B5000B580B9420A4600F2E1801CF4906F2FD084
:103B6000216962695D1A02EB420202EBD2726B1CA0
:103B700052103B44934292BF93469B461A461CF414
:103B8000806F00F0EA8011464846FDF78FF9002863
:103B900000F0F9802A4621690090FEF7D9FAA2893F
:103BA000009B22F4906242F08002A2815819ABEB94
:103BB0000505C4F814B02361A5602060BB463A46F1
:103BC0005146009200F038FAA1682368009AA1EBF0
:103BD0000B011A443D46A16022600027D8F8083046
:103BE0005B1BAA44C8F80830002B3DD02368A168AD
:103BF000B4F90CC018468B46002FA6D1D6E900A711
:103C000008369EE73846BB463D460097002D41D01A
:103C1000002846D0009A2068A168D4E90473AA421B
:103C200028BF2A46B84204D901EB030A524500F3E3
:103C30008580934275DC216AA76A5A464846B84790
:103C4000B0F1000A1ADD009BB3EB0A0300930FD01A
:103C50000120D8F80830A3EB0A03D344A5EB0A05EA
:103C6000C8F80830002BD1D1002003B0BDE8F08F98
:103C700021464846FCF756FD0028EAD0B4F90C303E
:103C800043F04003A3814FF0FF3003B0BDE8F08F55
:103C900000207047756833460836002DFAD0D3F8F7
:103CA00000B02A460A215846FFF7A2FC002867D038
:103CB0000130A0EB0B0300931A46ACE722699A424D
:103CC00014D36269BA4211D86FF00043BB4228BFD7
:103CD0003B46A56A93FBF2F3216A02FB03F34846D5
:103CE0005246A847051EC9DD7F1B77E7B94228BFAA
:103CF00039460D4618460A46514600F09DF9A1681E
:103D00002368491B2B44A16023600029ECD1214684
:103D10004846FCF707FD0028E6D0AFE7BB463A4629
:103D20004EE75946019200F087F9019AA3689B1A61
:103D3000A360236813442360924684E759465246A1
:103D400000F07AF923685344236021464846FCF783
:103D5000E9FC00283FF477AF90E7484600F0ECF923
:103D6000034600287FF422AF21694846FEF70EF98A
:103D7000B4F90C300C22C9F8002023F080037FE74F
:103D80006A1C009247E70C22B4F90C30C9F80020F5
:103D900076E700BF00FCFF7F10B4034CD4F8E4408A
:103DA000A4465DF8044B60475C00002082B049B136
:103DB0005AB16BB113780B601278101E18BF012036
:103DC00002B0704701A9002AF3D1104602B0704733
:103DD0006FF00100F4E700BF38B5C46B0CB10020F0
:103DE00038BD80210546FDF761F80246E86330B131
:103DF000031F7C3243F8044F9342FBD1EFE74FF0AF
:103E0000FF3038BD30B51F2983B0054608D8C36BD5
:103E10000C4653B153F8240043F8242003B030BDBE
:103E2000162303604FF0FF30F8E780210192FDF781
:103E30003DF8019AE86303460028F3D0011F00F122
:103E40007C05002041F8040FA942FBD1E2E700BF46
:103E50001F2938B505461ED8C26B0C466AB152F808
:103E6000213053B1012B06D0591C10D0002142F84B
:103E7000241020469847002038BD284600F0ACF9B1
:103E8000224601462846BDE8384000F08FB9162387
:103E90000360012038BD162303604FF0FF3038BDAA
:103EA0001F292AD838B5C36B0C460546A3B153F871
:103EB000242003EB84034AB1511C0BD0012A07D004
:103EC000002520461D609047284638BD012038BD9A
:103ED000032038BD022038BD8021FCF7E7FF0346F0
:103EE000E86338B1021F00217C3042F8041F82428F
:103EF000FBD1DCE74FF0FF3038BD4FF0FF307047AB
:103F000038B5134B1F281D681DD8EA6B044662B1F3
:103F100052F820304BB1012B05D0591C0FD0002195
:103F200042F820109847002038BD284600F054F988
:103F3000224601462846BDE8384000F037B916232E
:103F40002B60012038BD16232B604FF0FF3038BDA9
:103F50000C000020114B1F2870B51E6808D8F36BA9
:103F600004460D464BB153F8240043F8245070BD6D
:103F7000162333604FF0FF3070BD80213046FCF7D0
:103F800095FF0346F0630028F4D0021F00217C3027
:103F900042F8041F8242FBD1E5E700BF0C0000207D
:103FA00038B50B4B1D68EC6B0CB1002038BD80217F
:103FB0002846FCF77BFFE86338B1031F00F17C0261
:103FC00043F8044F9342FBD1EFE74FF0FF3038BD89
:103FD0000C00002038B5174B1F281D6826D8044652
:103FE000E86BA0B150F8243000EB84004BB15A1CB0
:103FF0000BD0012B07D000250560204698472846A6
:1040000038BD012038BD032038BD022038BD8021D5
:104010002846FCF74BFFE86340B1031F00F17C0129
:10402000002243F8042F8B42FBD1DBE74FF0FF3037
:1040300038BD00BF0C00002088420ED98B18834287
:104040000BD900EB020C002A6ED0624613F801CDAA
:1040500002F801CD9942F9D170470F2A0FD80346D3
:1040600002F1FF3C002A5FD00CF1010C013B8C44B3
:1040700011F8012B03F8012F6145F9D1704740EA8F
:1040800001039B0751D1A2F1100370B501F1200C7F
:1040900023F00F0501F1100E00F11004AC441B09D0
:1040A0005EF8105C44F8105C5EF80C5C44F80C5C44
:1040B0005EF8085C44F8085C5EF8045C44F8045C54
:1040C0000EF1100EE64504F11004E9D1013312F0AF
:1040D0000C0F01EB031102F00F0400EB031328D0C7
:1040E000043C24F003064FEA940C1E441C1F8E4629
:1040F0005EF8045B44F8045FB442F9D10CF10104AA
:1041000002F0030203EB840301EB840102F1FF3CA4
:104110004AB10CF1010C013B8C4411F8012B03F85E
:10412000012F6145F9D170BD704702F1FF3C034694
:104130009AE72246EAE700BF2DE9F041144641B371
:104140000AB306460D4600F029F88442074602D815
:10415000B4EB500F13D821463046FCF7A7FE80463B
:1041600050B1BC422246294628BF3A46FDF7F0FF2F
:1041700029463046FDF70AFF4046BDE8F081A846D3
:104180004046BDE8F081A046FDF700FF4046BDE88F
:10419000F081BDE8F0411146FCF788BE51F8043CBF
:1041A000181F002BBCBF0B58C018704770B50C46C9
:1041B000084D03460026204611461C462E6005F099
:1041C000BBFD431C00D070BD2B68002BFBD02360CF
:1041D00070BD00BFF803002005F0ACBD81F00041C8
:1041E00002E000BF83F0004330B54FEA41044FEADC
:1041F000430594EA050F08BF90EA020F1FBF54EA77
:10420000000C55EA020C7FEA645C7FEA655C00F012
:10421000E2804FEA5454D4EB5555B8BF6D420CDDE3
:104220002C4480EA020281EA030382EA000083EA66
:10423000010180EA020281EA0303362D88BF30BD06
:1042400011F0004F4FEA01314FF4801C4CEA11315C
:1042500002D0404261EB410113F0004F4FEA0333BB
:104260004CEA133302D0524263EB430394EA050F46
:1042700000F0A780A4F10104D5F1200E0DDB02FAB5
:104280000EFC22FA05F2801841F1000103FA0EF249
:10429000801843FA05F359410EE0A5F120050EF10F
:1042A000200E012A03FA0EFC28BF4CF0020C43FA40
:1042B00005F3C01851EBE37101F0004507D54FF04D
:1042C000000EDCF1000C7EEB00006EEB0101B1F59D
:1042D000801F1BD3B1F5001F0CD349085FEA3000E3
:1042E0004FEA3C0C04F101044FEA445212F5800FEE
:1042F00080F09A80BCF1004F08BF5FEA500C50F18B
:10430000000041EB045141EA050130BD5FEA4C0C6D
:10431000404141EB0101013C28BFB1F5801FE9D2CA
:1043200091F0000F04BF01460020B1FA81F308BFED
:104330002033A3F10B03B3F120020CDA0C3208DDB9
:1043400002F1140CC2F10C0201FA0CF021FA02F194
:104350000CE002F11402D8BFC2F1200C01FA02F104
:1043600020FA0CFCDCBF41EA0C019040E41AA2BF29
:1043700001EB0451294330BD6FEA04041F3C1CDAF1
:104380000C340EDC04F11404C4F1200220FA04F011
:1043900001FA02F340EA030021FA04F345EA0301BB
:1043A00030BDC4F10C04C4F1200220FA02F001FA7D
:1043B00004F340EA0300294630BD21FA04F02946FF
:1043C00030BD94F0000F83F4801306BF81F4801198
:1043D0000134013D4EE77FEA645C18BF7FEA655C0B
:1043E00029D094EA050F08BF90EA020F05D054EADD
:1043F000000C04BF1946104630BD91EA030F1EBFE2
:104400000021002030BD5FEA545C05D140004941E5
:1044100028BF41F0004130BD14F580043CBF01F5D8
:10442000801130BD01F0004545F0FE4141F47001BE
:104430004FF0000030BD7FEA645C1ABF1946104699
:104440007FEA655C1CBF0B46024650EA013406BF9A
:1044500052EA033591EA030F41F4002130BD00BF59
:1044600090F0000F04BF0021704730B54FF4806416
:1044700004F132044FF000054FF0000150E700BF97
:1044800090F0000F04BF0021704730B54FF48064F6
:1044900004F1320410F0004548BF40424FF00001E3
:1044A0003EE700BF42004FEAE2014FEA31014FEA26
:1044B00002701FBF12F07F4393F07F4F81F0605175
:1044C000704732F07F4208BF704793F07F4F04BFC0
:1044D00041F40021704730B54FF4607401F000459D
:1044E00021F000411CE700BF50EA010208BF7047FD
:1044F00030B54FF000050AE050EA010208BF7047EE
:1045000030B511F0004502D5404261EB41014FF456
:10451000806404F132045FEA915C3FF4D8AE4FF05E
:1045200003025FEADC0C18BF03325FEADC0C18BF41
:10453000033202EBDC02C2F1200300FA03FC20FA92
:1045400002F001FA03FE40EA0E0021FA02F11444DF
:10455000BDE600BF70B54FF0FF0C4CF4E06C1CEAF8
:1045600011541DBF1CEA135594EA0C0F95EA0C0F69
:1045700000F0DEF82C4481EA030621EA4C5123EADC
:104580004C5350EA013518BF52EA033541F480110B
:1045900043F4801338D0A0FB02CE4FF00005E1FBBE
:1045A00002E506F00042E0FB03E54FF00006E1FB08
:1045B00003569CF0000F18BF4EF0010EA4F1FF044B
:1045C000B6F5007F64F5407404D25FEA4E0E6D418B
:1045D00046EB060642EAC62141EA55514FEAC5209C
:1045E00040EA5E504FEACE2EB4F1FD0C88BFBCF518
:1045F000E06F1ED8BEF1004F08BF5FEA500E50F1C9
:10460000000041EB045170BD06F0004646EA01018E
:1046100040EA020081EA0301B4EB5C04C2BFD4EBC0
:104620000C0541EA045170BD41F480114FF0000EB9
:10463000013C00F3AB8014F1360FDEBF002001F027
:10464000004170BDC4F10004203C35DA0C341BDCA1
:1046500004F11404C4F1200500FA05F320FA04F073
:1046600001FA05F240EA020001F0004221F00041A7
:1046700010EBD37021FA04F642EB06015EEA430E1A
:1046800008BF20EAD37070BDC4F10C04C4F120054A
:1046900000FA04F320FA05F001FA04F240EA0200FD
:1046A00001F0004110EBD37041F100015EEA430ECE
:1046B00008BF20EAD37070BDC4F1200500FA05F2EE
:1046C0004EEA020E20FA04F301FA05F243EA02036D
:1046D00021FA04F001F0004121FA04F220EA02007C
:1046E00000EBD3705EEA430E08BF20EAD37070BDC2
:1046F00094F0000F0FD101F00046400041EB0101A2
:1047000011F4801F08BF013CF7D041EA060195F083
:10471000000F18BF704703F00046520043EB03033D
:1047200013F4801F08BF013DF7D043EA060370472A
:1047300094EA0C0F0CEA135518BF95EA0C0F0CD035
:1047400050EA410618BF52EA4306D1D181EA03017B
:1047500001F000414FF0000070BD50EA410606BF75
:104760001046194652EA430619D094EA0C0F02D1BA
:1047700050EA013613D195EA0C0F05D152EA0336FF
:104780001CBF104619460AD181EA030101F000411D
:1047900041F0FE4141F470014FF0000070BD41F066
:1047A000FE4141F4780170BD70B54FF0FF0C4CF440
:1047B000E06C1CEA11541DBF1CEA135594EA0C0F5F
:1047C00095EA0C0F00F0A7F8A4EB050481EA030EAC
:1047D00052EA03354FEA013100F088804FEA033393
:1047E0004FF0805545EA131343EA12634FEA022261
:1047F00045EA111545EA10654FEA00260EF0004122
:104800009D4208BF964244F1FD0404F5407402D273
:104810005B084FEA3202B61A65EB03055B084FEA04
:1048200032024FF480104FF4002CB6EB020E75EB01
:10483000030E22BFB61A754640EA0C005B084FEA29
:104840003202B6EB020E75EB030E22BFB61A7546A6
:1048500040EA5C005B084FEA3202B6EB020E75EBF1
:10486000030E22BFB61A754640EA9C005B084FEA69
:104870003202B6EB020E75EB030E22BFB61A754676
:1048800040EADC0055EA060E18D04FEA051545EA65
:1048900016754FEA06164FEAC30343EA52734FEA0E
:1048A000C2025FEA1C1CC0D111F4801F0BD141EA87
:1048B00000014FF000004FF0004CB6E711F4801FEC
:1048C00004BF01430020B4F1FD0C88BFBCF5E06FCC
:1048D0003FF6AFAEB5EB030C04BFB6EB020C5FEADC
:1048E000500C50F1000041EB045170BD0EF0004E31
:1048F0004EEA113114EB5C04C2BFD4EB0C0541EA63
:10490000045170BD41F480114FF0000E013C90E65F
:1049100045EA060E8DE60CEA135594EA0C0F08BF23
:1049200095EA0C0F3FF43BAF94EA0C0F0AD150EA22
:1049300001347FF434AF95EA0C0F7FF425AF1046B5
:1049400019462CE795EA0C0F06D152EA03353FF4DD
:10495000FDAE1046194622E750EA410618BF52EA5A
:1049600043067FF4C5AE50EA41047FF40DAF52EA2E
:1049700043057FF4EBAE12E74FF0FF3C06E000BFCB
:104980004FF0010C02E000BF4FF0010C4DF804CDD8
:104990004FEA410C7FEA6C5C4FEA430C18BF7FEA98
:1049A0006C5C1BD001B050EA410C0CBF52EA430CC6
:1049B00091EA030F02BF90EA020F0020704710F146
:1049C000000F91EA030F58BF994208BF90422CBFD5
:1049D000D8176FEAE37040F0010070474FEA410CCE
:1049E0007FEA6C5C02D150EA013C07D14FEA430CEC
:1049F0007FEA6C5CD6D152EA033CD3D05DF8040B5D
:104A0000704700BF8446104662468C46194663468E
:104A100000E000BF01B5FFF7B7FF002848BF10F165
:104A2000000F01BD4DF808EDFFF7F4FF0CBF0120AA
:104A300000205DF808FB00BF4DF808EDFFF7EAFF26
:104A400034BF012000205DF808FB00BF4DF808EDE1
:104A5000FFF7E0FF94BF012000205DF808FB00BFD6
:104A60004DF808EDFFF7CEFF94BF012000205DF860
:104A700008FB00BF4DF808EDFFF7C4FF34BF01206D
:104A800000205DF808FB00BF4FEA410C7FEA6C5C38
:104A900002D150EA013C0AD14FEA430C7FEA6C5C38
:104AA00002D152EA033C02D14FF0000070474FF0B0
:104AB000010070474FEA410212F5001215D211D5DC
:104AC0006FF47873B3EB625212D94FEAC12343F00B
:104AD000004343EA505311F0004F23FA02F018BF8D
:104AE000404270474FF00000704750EA013005D156
:104AF00011F0004008BF6FF0004070474FF0000019
:104B0000704700BF53B94AB9002908BF00281CBF2D
:104B10004FF0FF314FF0FF3000F06AB9ADF1080CF3
:104B20006DE904CE00F006F8DDF804E0DDE90223CB
:104B300004B070472DE9F047089D0E4604460F4625
:104B4000002B4AD194468C45B2FA82F260D942B128
:104B5000C2F12003974020FA03F30CFA02FC1F4332
:104B600094404FEA1C4E1FFA8CF6B7FBFEF1230C63
:104B70000EFB117743EA074301FB06F098420AD97E
:104B80001CEB030301F1FF3780F01581984240F2DE
:104B90001281023963441B1AA4B2B3FBFEF00EFB70
:104BA000103344EA034400FB06F6A6420AD91CEB84
:104BB000040400F1FF3380F00081A64240F2FD8042
:104BC0006444023840EA0140A41B00211DB1D440D6
:104BD0000023C5E90043BDE8F0878B4205D90DB13C
:104BE000C5E9000100210846F5E7B3FA83F1002981
:104BF00046D1B34202D3824200F2F580841A66EBBA
:104C0000030201201746002DE5D0C5E90047E2E781
:104C1000002A40F09380A1EB0C034FEA1C471FFAD7
:104C20008CFE0121B3FBF7F607FB1630230C43EA99
:104C300000430EFB06F0984208D91CEB030306F173
:104C4000FF3802D2984200F2D08046461B1AA4B226
:104C5000B3FBF7F007FB103344EA03440EFB00FEFE
:104C6000A64508D91CEB040400F1FF3302D2A64587
:104C700000F2B6801846A4EB0E0440EA0640A5E711
:104C8000C1F120078B4022FA07FC4CEA030C06FA1C
:104C900001FE20FA07F426FA07F344EA0E0400FAAC
:104CA00001F84FEA1C404FEA1449B3FBF0FE1FFA2B
:104CB0008CF600FB1E3349EA03430EFB06F99945C7
:104CC00002FA01F20BD91CEB03030EF1FF3A80F05C
:104CD0008580994540F28280AEF1020E6344A3EBD9
:104CE0000909A4B2B9FBF0F300FB139944EA0944A3
:104CF00003FB06F6A64208D91CEB040403F1FF30BF
:104D000068D2A64266D9023B644443EA0E40A41B23
:104D1000A0FB02E6B4427346B14652D34FD05DB118
:104D2000B8EB030264EB090404FA07F722FA01F373
:104D30001F43CC40C5E9007400214CE7C2F12001BB
:104D400020FA01F30CFA02FC26FA01F196403343F3
:104D50004FEA1C471FFA8CFEB1FBF7F007FB101659
:104D6000190C41EA064100FB0EF68E4204FA02F4E9
:104D700008D91CEB010100F1FF382DD28E422BD94E
:104D800002386144891B9BB2B1FBF7F607FB161191
:104D900043EA014306FB0EF1994208D91CEB0303D9
:104DA00006F1FF3814D2994212D9023E63445B1ACD
:104DB00046EA004136E73946EDE6184602E7F04597
:104DC000ADD2BEEB020366EB0C060138B146A6E796
:104DD0004646ECE7034698E74046D3E7D6467EE7EB
:104DE0006444023847E708460DE7023E63442DE776
:104DF000704700BF08B50268034B9A4200D008BD57
:104E000001F08AFBFBE700BF0020004072B6FEE71E
:104E100000B595B03022002108A8FBF79FFB0023C6
:104E20000393049305930693079301931E4A116C11
:104E300041F080511164126C02F080520192019A8B
:104E400002931A4A116841F480411160126802F419
:104E500080420292029A0222089201210B911021B3
:104E60000C910E920F9308231093482311931292E2
:104E70000423139308A800F01BFE80B90F230393AB
:104E800002210491002305934FF480520692079368
:104E900003A801F077F820B915B05DF804FBFFF71F
:104EA000B5FFFFF7B3FF00BF0038024000700040BD
:104EB00008B501F017FBFFF7ABFF04F067FF04F044
:104EC0009FFF04F0F3FF05F0D7FE05F069FD05F044
:104ED00099FD05F037FF05F06FFF05F0A7FF04F01F
:104EE00085FA00F015F804F093FAFEE708B5012002
:104EF00004F008FBFBE7000010B514464FF0FF3349
:104F000092B2024802F0D3FA204610BD144E00209F
:104F100008B51B4804F004FB1A4B18601A4A082114
:104F2000202004F09CFB194B1860194A0121202015
:104F300004F095FB174B1860174A0021174804F03E
:104F400083FA174B1860174A0021174804F07CFABF
:104F5000164B1860164A0021164804F075FA164BD5
:104F60001860164A0021164804F06EFA154B1860B6
:104F7000154A0021154804F067FA154B186008BD62
:104F8000B8B8000800040020E0B8000808040020B9
:104F9000C8B800080404002088B90008C1A50008AA
:104FA0001C04002064B90008F1A8000818040020BF
:104FB00040B90008E1A40008140400201CB900084E
:104FC00079A7000810040020F8B80008ED4E00088A
:104FD0000C0400200268114B9A4200D0704710B5B3
:104FE00082B0002301930E4C01AA21460D480068AF
:104FF00002F08EFF012221460B4802F0B4FC019B17
:105000004BB14FF0E0234FF08052C3F8042DBFF3B3
:105010004F8FBFF36F8F02B010BD00BF004800403C
:10502000FC03002004040020144E0020FEE7FEE7ED
:10503000FEE7FEE7FEE7704708B5024802F028FBEE
:1050400008BD00BF144E002008B5024800F058F912
:1050500008BD00BF2004002000B583B000220092EC
:105060000D4B596C41F480415964596C01F48041F5
:10507000009100990192196C41F0805119641B6CE8
:1050800003F080530193019B0F216FF0010001F0A9
:1050900015FA03B05DF804FB0038024030B589B062
:1050A000044600230193214B1A6C42F480721A6467
:1050B0001B6C03F480730193019B02A903A801F008
:1050C00037F8069BCBB901F013F80346184AA2FB48
:1050D00003239B0C013B1748174A026040F2E7325A
:1050E000C2604360002303618360836100F020FAA3
:1050F000054630B1284609B030BD00F0F9FF430045
:10510000E4E70C4800F0B4F805460028F2D12D2061
:1051100001F0E4F90F2C01D90125EBE7002221462B
:105120002D2001F0CBF9054B1C60E3E7003802406D
:1051300083DE1B432004002000200040F8010020F3
:1051400030B4036A026A22F0010202624268846992
:1051500024F0730C0C6844EA0C0423F0020C8B68F6
:1051600043EA0C03114DA84203D005F58065A8421F
:1051700005D123F00803CD682B4323F004030B4D26
:10518000A84203D005F58065A84207D122F44072F9
:105190004D6945EA020C8A6942EA0C024260846168
:1051A0004A684263036230BC704700BF00000140A0
:1051B00030B4036A026A22F4807202624268C469EF
:1051C00024F0730C0C6844EA0C0523F400738C681B
:1051D00043EA0423114CA04203D004F58064A042AA
:1051E00006D123F40063CC6843EA042323F48063EC
:1051F0000A4CA04203D004F58064A04207D122F4F7
:1052000040524C6942EA04128C6942EA041242603C
:10521000C5614A68C263036230BC70470000014048
:1052200030B4036A026A22F4805202624468C2699E
:1052300022F4E6420D6842EA052223F400538D6809
:1052400043EA0533094DA84203D005F58065A8421D
:1052500004D124F480444D6944EA85144460C26159
:105260004A680264036230BC704700BF000001401E
:1052700090F83D30DBB2012B37D1022380F83D306E
:105280000268D36843F00103D3600368194A93426C
:1052900020D0B3F1804F1DD0A2F57C42934219D0AB
:1052A00002F58062934215D002F58062934211D0DC
:1052B00002F5784293420DD002F57052934209D024
:1052C000A2F59432934205D01A6842F001021A60A6
:1052D000002070479A6802F00702062A07D01A6871
:1052E00042F001021A600020704701207047002040
:1052F000704700BF0000014070477047704770471B
:1053000070B504460368DE681D6915F0020F10D001
:1053100016F0020F0DD06FF002021A61012303771D
:1053200003689B6913F0030F5ED0FFF7E6FF0023CD
:10533000237715F0040F12D016F0040F0FD0236856
:105340006FF004021A610223237723689B6913F428
:10535000407F4FD02046FFF7D0FF0023237715F082
:10536000080F12D016F0080F0FD023686FF0080254
:105370001A61042323772368DB6913F0030F40D0FD
:105380002046FFF7BAFF0023237715F0100F12D045
:1053900016F0100F0FD023686FF010021A61082367
:1053A00023772368DB6913F4407F31D02046FFF771
:1053B000A4FF0023237715F0010F02D016F0010F90
:1053C0002DD115F0800F02D016F0800F2FD115F0DF
:1053D000400F02D016F0400F31D115F0200F02D04F
:1053E00016F0200F33D170BDFFF786FF2046FFF780
:1053F00085FF9CE72046FFF77FFF2046FFF77EFFF3
:10540000ABE72046FFF778FF2046FFF777FFBAE7C4
:105410002046FFF771FF2046FFF770FFC9E72368BA
:105420006FF001021A612046FFF7E4FCC9E7236828
:105430006FF080021A61204600F038FBC7E723684E
:105440006FF040021A612046FFF759FFC5E7236855
:105450006FF020021A61204600F027FBC3E700002E
:105460000368324A904212D0B0F1804F0FD0A2F5BB
:105470007C4290420BD002F58062904207D002F548
:105480008062904203D002F57842904203D123F02B
:1054900070034A681343254A90422AD0B0F1804FE6
:1054A00027D0A2F57C42904223D002F58062904240
:1054B0001FD002F5806290421BD002F578429042E4
:1054C00017D002F57052904213D002F580629042DC
:1054D0000FD002F5806290420BD0A2F59832904234
:1054E00007D002F58062904203D002F580629042BC
:1054F00003D123F44073CA68134323F080034A693D
:1055000013438A68C2620A688262084A904203D0E2
:1055100002F58062904201D10A690263026842F09A
:1055200004020260012242610360704700000140F2
:1055300040B310B5044690F83D30F3B1022384F82F
:105540003D30214651F8040BFFF78AFF012384F810
:10555000463084F83E3084F83F3084F8403084F898
:10556000413084F8423084F8433084F8443084F881
:10557000453084F83D30002010BD80F83C3005F007
:10558000E7FADBE70120704740B310B5044690F816
:105590003D30F3B1022384F83D30214651F8040B2D
:1055A000FFF75EFF012384F8463084F83E3084F82C
:1055B0003F3084F8403084F8413084F8423084F839
:1055C000433084F8443084F8453084F83D3000207E
:1055D00010BD80F83C3005F047FADBE7012070474A
:1055E000002853D0F8B50D46044690F83D30002B06
:1055F00047D0022384F83D302268936823F4804327
:1056000023F007039360214651F8040BFFF728FFAE
:1056100021688B688A690E6A2868184322F44072F0
:1056200022F00302AB68AF6943EA0723134323F474
:105630007C4323F0FC03EA68EF6942EA07221A433D
:105640002B6A1B032F6943EA0713134326F0AA06AC
:105650006A686D6942EA05123243886021688B618D
:1056600023681A62012384F8463084F83E3084F8B7
:105670003F3084F8423084F8433084F83D300020D5
:10568000F8BD80F83C3005F007FAB2E7012070471A
:1056900030B4036A026A22F010020262446882692E
:1056A00022F4E6420D6842EA052223F020038D68C9
:1056B00043EA0513114DA84203D005F58065A842C1
:1056C00006D123F08003CD6843EA051323F040039D
:1056D0000A4DA84203D005F58065A84207D124F4FD
:1056E00040644D6944EA85048D6944EA8504446058
:1056F00082614A688263036230BC704700000140E7
:1057000038B590F83C30012B66D004460D46012395
:1057100080F83C300C2A5AD8DFE802F00759595972
:105720001B5959593059595944000068FFF708FD71
:105730002268936943F0080393612268936923F018
:10574000040393612268936929690B4393610020E4
:105750003EE00068FFF79CFF2268936943F4006312
:1057600093612268936923F480639361226893694B
:10577000296943EA01239361002029E00068FFF7CB
:1057800017FD2268D36943F00803D3612268D36907
:1057900023F00403D3612268D36929690B43D361E1
:1057A000002015E00068FFF73BFD2268D36943F451
:1057B0000063D3612268D36923F48063D3612268D4
:1057C000D369296943EA0123D361002000E0012065
:1057D000002384F83C3038BD0220FCE701F01F01B3
:1057E0004FF0010C0CFA01FC036A23EA0C0303627C
:1057F000036A8A40134303627047000010B50446F1
:105800000846002942D194F83E30DBB2013B18BF74
:105810000123002B6ED1002851D1022384F83E30A1
:10582000012201462068FFF7D9FF2368334A9342DB
:1058300003D002F58062934203D15A6C42F40042D5
:105840005A6423682D4A934249D0B3F1804F46D021
:10585000A2F57C42934242D002F5806293423ED050
:1058600002F5806293423AD002F57842934236D0F4
:1058700002F57052934232D0A2F5943293422ED068
:105880001A6842F001021A60002032E0042908D0B0
:1058900008290DD094F84130DBB2013B18BF012339
:1058A000B7E794F83F30DBB2013B18BF0123B0E704
:1058B00094F84030DBB2013B18BF0123A9E704286C
:1058C00005D0082807D0022384F84130A8E7022336
:1058D00084F83F30A4E7022384F84030A0E79A68B8
:1058E00002F00702062A07D01A6842F001021A6085
:1058F000002010BD0120FCE70020FAE70000014075
:1059000038B5044690F83E00C0B294F83F3094F8A1
:105910004220D2B294F843C00D46B1B9012849D112
:10592000012A48D1022384F83E3084F842307DB306
:10593000042D39D0012200212068FFF74FFF0122FA
:1059400004212068FFF74AFF27E0DBB25FFA8CFCF6
:10595000042912D0012833D1012B2CD1012A31D1B5
:10596000BCF1010F30D1022384F83E3084F83F307F
:1059700084F8423084F84330D9E7012B1CD1BCF1C4
:10598000010F1BD1022384F83F3084F84330CEE767
:10599000012200212068FFF721FF2268136843F0ED
:1059A00001031360002006E0012204212068FFF7B4
:1059B00015FFF2E7012038BD0120FCE71846FAE7A1
:1059C0000120F8E71846F6E71046F4E790F83C2087
:1059D000012A3DD010B40346012280F83C20022267
:1059E00080F83D2002685068946820F0700C0868C8
:1059F00040EA0C0050601A68164882421AD0B2F190
:105A0000804F17D0A0F57C40824213D000F5806013
:105A100082420FD000F5806082420BD000F57840C2
:105A2000824207D000F57050824203D0A0F5943036
:105A3000824204D124F0800449682143916001220C
:105A400083F83D20002083F83C005DF8044B70474C
:105A50000220704700000140024690F83C30012BC4
:105A600021D0012380F83C30CB6823F44073886850
:105A7000034323F480634868034323F40063086806
:105A8000034323F480530869034323F40053486914
:105A9000034323F48043C9690B4311684B6400201E
:105AA00082F83C0070470220704770477047000042
:105AB000002800F0E08170B582B00446036813F05E
:105AC000010F3BD09F4B9B6803F00C03042B2CD0A1
:105AD0009C4B9B6803F00C03082B21D06368B3F543
:105AE000803F4FD0B3F5A02F52D0964B1A6822F4C6
:105AF00080321A601A6822F480221A606368002BD0
:105B000050D000F015FD05468E4B1B6813F4003F86
:105B100014D100F00DFD401B6428F5D90320B1E13C
:105B2000884B5B6813F4800FD8D0864B1B6813F446
:105B3000003F03D06368002B00F09F81236813F0BF
:105B4000020F54D07F4B9B6813F00C0F3ED07D4B5F
:105B50009B6803F00C03082B33D0E368002B68D05C
:105B6000794B01221A6000F0E3FC0546754B1B6877
:105B700013F0020F54D100F0DBFC401B0228F5D9D2
:105B800003207FE16F4A136843F480331360B5E765
:105B90006C4B1A6842F480221A601A6842F4803210
:105BA0001A60ABE700F0C4FC0546664B1B6813F4B3
:105BB000003FC3D000F0BCFC401B6428F5D9032093
:105BC00060E1604B5B6813F4800FC6D15D4B1B68CE
:105BD00013F0020F03D0E368012B40F05081594AC3
:105BE000136823F0F803216943EAC10313602368B3
:105BF00013F0080F42D063696BB3534B0122C3F813
:105C0000802E00F095FC05464E4B5B6F13F0020FA3
:105C100034D100F08DFC401B0228F5D9032031E17E
:105C2000484A136823F0F803216943EAC10313606B
:105C3000DDE7454B00221A6000F07AFC0546414B37
:105C40001B6813F0020FD2D000F072FC401B022838
:105C5000F5D9032016E13C4B0022C3F8802E00F05A
:105C600067FC0546374B5B6F13F0020F06D000F060
:105C70005FFC401B0228F5D9032003E1236813F0E1
:105C8000040F77D02F4B1B6C13F0805F33D10023B0
:105C900001932C4B1A6C42F080521A641B6C03F077
:105CA00080530193019B0125284B1B6813F4807FCF
:105CB00023D0A368012B34D0052B38D0214B1A6F89
:105CC00022F001021A671A6F22F004021A67A36811
:105CD000002B3DD000F02CFC06461A4B1B6F13F036
:105CE000020F46D100F024FC801B41F28833984219
:105CF000F3D90320C6E00025D6E7144A136843F41D
:105D00008073136000F014FC0646104B1B6813F4FC
:105D1000807FCED100F00CFC801B0228F5D9032037
:105D2000B0E0084A136F43F001031367CFE7054B58
:105D30001A6F42F004021A671A6F42F001021A67E2
:105D4000C5E700BF00380240000047420070004035
:105D500000F0EEFB0646524B1B6F13F0020F08D00B
:105D600000F0E6FB801B41F288339842F3D9032010
:105D700088E0EDB9A369002B00F08380484A92685F
:105D800002F00C02082A51D0022B17D0454B0022FA
:105D90001A6600F0CDFB0446414B1B6813F0007FF0
:105DA00042D000F0C5FB001B0228F5D9032069E0B2
:105DB0003B4A136C23F080531364DBE7394B00221A
:105DC0001A6600F0B5FB0546354B1B6813F0007FE3
:105DD00006D000F0ADFB401B0228F5D9032051E0AE
:105DE000E369226A1343626A43EA8213A26A520891
:105DF000013A43EA0243E26A43EA0263284A5360F3
:105E0000284B01221A6600F093FB0446244B1B68C2
:105E100013F0007F06D100F08BFB001B0228F5D9A0
:105E200003202FE000202DE000202BE0012B2BD0C1
:105E30001B4B5B6803F48001E269914226D103F0B9
:105E40003F02216A8A4223D1616A47F6C0721A4032
:105E5000B2EB811F1ED103F44031A26A5208013A0D
:105E6000B1EB024F18D103F07063E26AB3EB026F3B
:105E700014D1002006E001207047012002E001203B
:105E800000E0002002B070BD0120FBE70120F9E72F
:105E90000120F7E70120F5E70120F3E70120F1E712
:105EA000003802400000474208B5334B9B6803F0BE
:105EB0000C03042B5BD0082B5BD12F4B5A6802F0EC
:105EC0003F025B6813F4800F2CD02B4B5868C0F353
:105ED00088104FEA401CBCEB000C6EEB0E0E4FEA34
:105EE0008E1343EA9C634FEA8C11B1EB0C0163EB18
:105EF0000E03DB0043EA5173C90011EB000C43F1C0
:105F00000003590200234FEA4C2041EADC51FEF71E
:105F1000F9FD194B5B68C3F3014301335B00B0FB30
:105F2000F3F008BD144B5868C0F388104FEA401CCA
:105F3000BCEB000C6EEB0E0E4FEA8E1343EA9C6333
:105F40004FEA8C11B1EB0C0163EB0E03DB0043EA6B
:105F50005173C90011EB000C43F1000399020023B7
:105F60004FEA8C2041EA9C51FEF7CCFDD1E7034873
:105F7000D7E70348D5E700BF0038024000127A0097
:105F80000024F400002800F09B8070B50D46044604
:105F90004F4B1B6803F007038B4208D2CBB24C4A2D
:105FA0001370136803F007038B4240F08B80236863
:105FB00013F0020F17D013F0040F04D0454A936872
:105FC00043F4E0539360236813F0080F04D0414A70
:105FD000936843F4604393603E4A936823F0F00370
:105FE000A1680B439360236813F0010F32D06368FC
:105FF000012B21D09A1E012A25D9364A126812F0A7
:10600000020F61D033498A6822F0030213438B6088
:1060100000F08EFA06462F4B9B6803F00C03626873
:10602000B3EB820F16D000F083FA801B41F2883365
:106030009842F0D9032042E0264A126812F4003F49
:10604000E0D101203BE0234A126812F0007FD9D151
:10605000012034E01E4B1B6803F00703AB4207D955
:10606000EAB21B4B1A701B6803F00703AB422DD139
:10607000236813F0040F06D0164A936823F4E05304
:10608000E1680B439360236813F0080F07D0114AAF
:10609000936823F46043216943EAC1039360FFF7E7
:1060A00003FF0C4B9B68C3F303130B4AD35CD8402C
:1060B0000A4B18600A4B1868FEF7F0FF002070BD0D
:1060C000012070470120FAE70120F8E70120F6E7F8
:1060D000003C024000380240B4B90008FC01002036
:1060E000F8010020014B1868704700BFFC01002038
:1060F00008B5FFF7F7FF044B9B68C3F38223034AFD
:10610000D35CD84008BD00BF00380240ACB90008DD
:1061100008B5FFF7E7FF044B9B68C3F34233034A1C
:10612000D35CD84008BD00BF00380240ACB90008BD
:106130000F2303600B4B9A6802F0030242609A68D7
:1061400002F0F00282609A6802F4E052C2609B683A
:10615000DB0803F4E0530361034B1B6803F0070300
:106160000B60704700380240003C024000230F2BB8
:1061700000F2E98070B582B065E085684FEA430EB1
:10618000032404FA0EF425EA0405CC6804FA0EF49C
:106190002C438460446824EA02044A68C2F3001273
:1061A0009A40224342605CE0DC08083450F8242026
:1061B00003F00705AD004FF00F0E0EFA05FE22EAC0
:1061C0000E0E0A69AA4042EA0E0240F824205CE062
:1061D000072200E0002202FA0EF22A4302345A4D4E
:1061E00045F82420594A94686FEA0C0224EA0C0509
:1061F0004E6816F4801F01D04CEA0405534CA5608C
:10620000E46802EA04054E6816F4001F01D04CEA67
:1062100004054E4CE560646802EA04054E6816F415
:10622000003F01D04CEA0405484C656024682240D8
:106230004D6815F4803F01D04CEA0402434C2260C3
:1062400001330F2B7DD801229A400C6804EA020C1E
:1062500032EA0404F4D14C6804F00304013C012C3C
:106260008BD94A6802F00302032A09D0C4685D0092
:106270000322AA4024EA02048A68AA402243C26098
:106280004A6802F00302022A8ED004684FEA430EE5
:10629000032202FA0EF224EA02044A6802F0030220
:1062A00002FA0EF2224302604A6812F4403FC7D05D
:1062B00000220192264A546C44F480445464526C87
:1062C00002F480420192019A9C08A51C1E4A52F8D1
:1062D000255003F0030E4FEA8E0E0F2202FA0EF243
:1062E00025EA02051B4A90423FF474AF02F5806232
:1062F00090421AD002F58062904218D002F5806276
:10630000904216D002F58062904214D002F580626D
:10631000904212D002F58062904210D002F5806265
:1063200090423FF455AF082255E7012253E702227D
:1063300051E703224FE704224DE705224BE70622EF
:1063400049E702B070BD704700380140003C014091
:10635000003802400000024070B50446866D00F02F
:10636000E7F894F83530DBB2022B06D08023636562
:10637000002384F83430012070BD0546226813687C
:1063800023F0160313602268536923F080035361DE
:10639000236CE3B12268136823F0080313602268BA
:1063A000136823F00103136023681B6813F0010FC7
:1063B00011D000F0BDF8431B052BF5D920236365F0
:1063C000032084F83500002384F83430D4E7A36C2C
:1063D000002BDFD1E3E7E26D3F239340B36001235D
:1063E00084F83530002084F83400C5E790F8353063
:1063F000DBB2022B03D080234365012070470523C5
:1064000080F835300268136823F001031360002020
:1064100070470000002807DB00F01F02400901233D
:106420009340024A42F82030704700BF00E100E08C
:10643000002808DB0901C9B200F1604000F56140A5
:1064400080F80013704700F00F000901C9B2014B3A
:106450001954704714ED00E000B500F00700C0F1DA
:10646000070CBCF1040F28BF4FF0040C031D062BD2
:106470000FD9C31E4FF0FF3E0EFA0CF021EA0001C7
:1064800099400EFA03FE22EA0E0241EA02005DF88C
:1064900004FB0023EEE70000074AD36823F4E0631F
:1064A0001B041B0C000200F4E060034343F0BF63D5
:1064B00043F40033D360704700ED00E010B50446AC
:1064C000054BD868C0F30220FFF7C6FF01462046FF
:1064D000FFF7AEFF10BD00BF00ED00E008B5FFF70D
:1064E00099FF08BD08B50B4B1A6842F400721A6098
:1064F0001A6842F480621A601A6842F480721A6064
:106500000320FFF7C9FF0F20FEF7C8FDFEF7A4FD2B
:10651000002008BD003C0240034A1168034B1B7871
:106520000B441360704700BF68040020F401002092
:10653000014B1868704700BF6804002003685A695F
:1065400012F4806F01D1002070476FF480625A61AD
:1065500000230363202280F83D2080F83E30026C47
:1065600042F00402026480F83C30012070472DE9BB
:10657000F04106460C46174698463BE0FFF7D8FF29
:10658000069BC01A404502D8B8F1000F32D1012D48
:1065900018D033689B6924EA03039BB2B3FA83F3F0
:1065A0005B099F4226D100233363202286F83D20D9
:1065B00086F83E30326C42F02002326486F83C307D
:1065C000012027E033685B6924EA03039BB2B3FA36
:1065D00083F35B09E5E733685B6924EA030C1FFA80
:1065E0008CFCBCFA8CFC4FEA5C1C674511D1B8F1FD
:1065F000FF3FC3D1C4F30745012DECD033689B693D
:1066000024EA030C1FFA8CFCBCFA8CFC4FEA5C1CDD
:10661000EBE70020BDE8F0812DE9F84305460E4682
:106620009046994653E01A6842F400721A602B684B
:106630006FF480625A6100232B63202285F83D208D
:1066400085F83E302A6C42F004022A6485F83C301A
:1066500001204AE0FFF76CFFA0EB0900404502D89B
:10666000B8F1000F33D1012F17D02B689B6926EAB0
:1066700003039BB2003B18BF012343B300232B63EA
:10668000202285F83D2085F83E302A6C42F0200219
:106690002A6485F83C30012027E02B685B6926EAF4
:1066A00003039BB2003B18BF0123E6E72B689C69FC
:1066B00026EA0404A4B2003C18BF0124A4B12B684C
:1066C0005A6912F4806FAED1B8F1FF3FC2D1C6F360
:1066D0000747012FEAD12B685C6926EA0404A4B2BB
:1066E000003C18BF0124E9E70020BDE8F88370B53D
:1066F00004460D46164623685B6913F0800F21D1CE
:106700002046FFF71BFFF8B9B5F1FF3FF3D0FFF7C5
:106710000FFF801BA84201D8002DECD123685B69D4
:1067200013F0800FE7D100232363202284F83D205B
:1067300084F83E30226C42F02002226484F83C301F
:10674000012000E0002070BD0120FCE72DE9F043AE
:1067500085B004460D4691461F46DDF830800D9EFB
:106760000368196841F4807119600096434600225D
:106770004FF00111FFF7FBFE60B9236805F0FE053D
:106780001D613346424626492046FFF745FF68B162
:10679000012008E023681B6813F4807F02D04FF4C7
:1067A00000732364032005B0BDE8F0830023039346
:1067B00023685A6903929B690393039B32464146BF
:1067C0002046FFF794FF30B9012F0FD123685FFAFD
:1067D00089F61E61E7E7236C042B01D00120E2E774
:1067E0002268136843F400731360F7E723684FEAE5
:1067F00019221A61324641462046FFF778FF20B938
:1068000023685FFA89F61E61CDE7236C042B01D063
:106810000120C8E72268136843F400731360F7E7A8
:10682000020001002DE9F04784B004460D461646EB
:1068300099460C9FDDF834800268136843F4806346
:1068400013600368196841F480711960CDF8008005
:106850003B4600224FF00111FFF789FE70B95FFA45
:1068600085FA236805F0FE051D6143463A46414915
:106870002046FFF7D1FE68B1012008E023681B68BD
:1068800013F4807F02D04FF400732364032004B01C
:10689000BDE8F0870023039323685A6903929B693C
:1068A0000393039B424639462046FFF720FF80B9F9
:1068B000B9F1010F18D12368F6B21E61424639467C
:1068C0002046FFF714FF68B3236C042B24D001206B
:1068D000DDE7236C042B01D00120D8E72268136880
:1068E00043F400731360F7E72368320A1A614246E3
:1068F00039462046FFF7FBFE18B92368F6B21E6141
:10690000DCE7236C042B01D00120C0E72268136868
:1069100043F400731360F7E72268136843F40073CD
:106920001360D4E72268136843F480731360CDF8D2
:1069300000803B4600224FF001112046FFF717FE72
:1069400068B922684AF00103136143463A4609498F
:106950002046FFF761FE002899D0012097E72368C1
:106960001B6813F4807F02D04FF40073236403206C
:106970008DE700BF0200010070B504460D461646C3
:1069800023685B6913F0040F21D12046FFF7D6FD81
:10699000F8B9B5F1FF3FF3D0FFF7CAFD801BA8425D
:1069A00001D8002DECD123685B6913F0040FE7D107
:1069B00000232363202284F83D2084F83E30226C9B
:1069C00042F02002226484F83C30012000E00020E4
:1069D00070BD0120FCE770B504460D46164614E074
:1069E0006FF010025A6100232363202284F83D20B7
:1069F00084F83E30226C226484F83C30012025E08B
:106A000023685B6913F0400F10D02368586910F0B9
:106A1000400F1AD1586910F0100FE1D1FFF788FD2F
:106A2000801BA842ECD8002DEFD1E9E700232363B7
:106A3000202284F83D2084F83E30226C42F020026F
:106A4000226484F83C30012000E0002070BD00008A
:106A5000002800F0CC8070B5044690F83D30002B43
:106A600077D0242384F83D302268136823F0010393
:106A700013602268136843F40043136022681368AC
:106A800023F400431360FFF733FB62685A4B9A42CA
:106A900064D85A4B98428CBF00230123002B40F04E
:106AA000A8805749A1FB00318B0C25686A6822F049
:106AB0003F0242EA91426A6021680A6A22F03F027C
:106AC00066684D4DAE424FD8013313430B622168C7
:106AD000CA6922F44F4222F0FF026568464B9D428C
:106AE0004CD8431E6D00B3FBF5F3013340F6FC7048
:106AF000034278D0C3F30B031A43CA6121680B68C1
:106B000023F0C003E269206A024313430B6021684B
:106B10008B6823F4034323F0FF032269E0680243F8
:106B200013438B602168CB6823F0FF036269A0697F
:106B300002431343CB602268136843F001031360E0
:106B400000202064202384F83D30206384F83E0038
:106B500070BD80F83C3003F071F982E7294B984210
:106B60008CBF0023012399E74FF4967505FB03F3CF
:106B7000254DA5FB03539B090133A6E7A668BEB9C3
:106B8000431E05EB450CB3FBFCF30133C3F30B03CE
:106B9000B3FA83F35B0943BBC6B9431E05EB450556
:106BA000B3FBF5F30133C3F30B0343F40043A3E753
:106BB000431E05EB850C0CEB8C0CB3FBFCF3013393
:106BC000C3F30B03B3FA83F35B09E4E7431E05EB5E
:106BD000850505EB8505B3FBF5F30133C3F30B0323
:106BE00043F4404388E7042386E7012384E7012038
:106BF00070470120ACE700BFA08601007F841E0023
:106C000083DE1B43FF083D00D34D62102DE9F043A6
:106C100083B004460F46904699460C9EFFF788FCC9
:106C2000054694F83D00C0B2202803D0022003B0EE
:106C3000BDE8F0830095192301224B492046FFF758
:106C400096FC002840F0898094F83C30012B00F03D
:106C50008680012384F83C3023681A6812F0010F03
:106C600003D11A6842F001021A602268136823F403
:106C700000631360212384F83D30402384F83E30C4
:106C8000002323640A9B6362BDF82C306385638D07
:106C90002385364BE362019500964B4642463946C2
:106CA0002046FFF753FD00285BD1238D002B35D004
:106CB0002A4631462046FFF71AFD20BB626A236848
:106CC00012781A61626A531C6362218D013989B29C
:106CD0002185638D9BB2013B9BB263852368586914
:106CE00010F0040FE1D00029DFD052781A61636AF6
:106CF00001336362238D013B2385638D9BB2013B8E
:106D00009BB26385D1E7236C042B01D001208EE771
:106D10002268136843F400731360F7E72A4631468C
:106D20002046FFF729FE50B1236C042B01D001202F
:106D30007DE72268136843F400731360F7E7226865
:106D4000136843F400731360202384F83D3000235C
:106D500084F83E3084F83C3069E7022067E702207F
:106D600065E7012063E700BF020010000000FFFF9D
:106D70002DE9F04387B004460F4690469946109E91
:106D8000FFF7D6FB054694F83D00C0B2202804D09A
:106D90000227384607B0BDE8F08300951923012289
:106DA00088492046FFF7E3FB002840F04D8194F826
:106DB0003C30012B00F04A81012384F83C302368E9
:106DC0001A6812F0010F03D11A6842F001021A602A
:106DD0002268136823F400631360222384F83D3093
:106DE000402384F83E30002323640E9B6362BDF889
:106DF0003C306385638D2385734BE3620195009678
:106E00004B46424639462046FFF70CFD0746002810
:106E100040F01E81238D5BB9029323685A69029268
:106E20009A690292029A1A6842F400721A6075E036
:106E3000012B0AD0022B1AD00023059323685A692C
:106E400005929B690593059B68E02268136823F40B
:106E5000806313600023039323685A6903929A693D
:106E60000392039A1A6842F400721A6056E022688C
:106E7000136823F4806313602268136843F400638B
:106E800013600023049323685A6904929B69049356
:106E9000049B43E02A4631462046FFF79CFD00282C
:106EA00040F0D88023681A69636A1A70636A0133F4
:106EB0006362238D013B2385638D9BB2013B9BB2B3
:106EC00063852BE000953346002240492046FFF7BA
:106ED0004EFB002840F0C0802268136843F4007322
:106EE000136023681A69636A1A70626A531C6362CA
:106EF000238D013B2385638D9BB2013B9BB2638550
:106F000023681B695370636A01336362238D013BFD
:106F10002385638D9BB2013B9BB26385238D002B40
:106F200000F08980032B53D8012BB3D0022BC9D09A
:106F300000953346002225492046FFF718FB00281C
:106F400040F08C802268136823F480631360236808
:106F50001A69636A1A70636A01336362238D013BA5
:106F60002385638D9BB2013B9BB2638500953346BD
:106F7000002216492046FFF7FAFA002870D122684D
:106F8000136843F40073136023681A69636A1A7004
:106F9000626A531C6362238D013B2385638D9BB220
:106FA000013B9BB2638523681B695370636A01339D
:106FB0006362238D013B2385638D9BB2013B9BB2B2
:106FC0006385ABE7020010000000FFFF0400010032
:106FD0002A4631462046FFF7FEFC002842D12368AE
:106FE0001A69636A1A70636A01336362228D013A17
:106FF00092B22285638D9BB2013B9BB2638523686D
:10700000596911F0040F89D0032A0FD023681A6937
:10701000636A1A70636A01336362238D013B2385BF
:10702000638D9BB2013B9BB2638577E71A6822F4BC
:1070300080621A60EAE7202384F83D30002384F858
:107040003E3084F83C30A4E60227A2E60227A0E600
:1070500001279EE601279CE601279AE6012798E68C
:10706000012796E6012794E62DE9F04385B0044612
:10707000884691461D46FFF75BFA94F83D30DBB237
:10708000202B03D0022005B0BDE8F0830646009017
:107090001923012257492046FFF769FA002840F0DA
:1070A000A08094F83C30012B00F09D80012384F8EF
:1070B0003C3023681A6812F0010F03D11A6842F0BD
:1070C00001021A602268136823F40063136024230A
:1070D00084F83D3000272764474BE36240E0236893
:1070E0001B6813F4807F02D04FF4007323640320E5
:1070F000C9E7A02384F83D3022685369C3F34003F5
:107100005269C2F3802294F83DC05FFA8CFCBCF156
:10711000A00F09D043B93AB9FFF70AFA801BA84279
:10712000E7D8002DE8D1E4E7202384F83D30236838
:107130005A6912F0020F31D11A6842F400721A60D3
:1071400023686FF480625A6100961923012229494D
:107150002046FFF70CFA002849D101374F4538D2B5
:107160002268136843F48073136000962B46002254
:107170004FF001112046FFF7FAF90028AFD123683C
:1071800008F0FE021A61FFF7D3F906462268536938
:10719000C3F340035269C2F38022B4E71A6842F491
:1071A00000721A600023039323685A6903929B6953
:1071B0000393039B0096192301220E492046FFF7F3
:1071C000D6F990B9202384F83D30002384F83C3070
:1071D00059E7202384F83D30002384F83C30012017
:1071E00051E702204FE702204DE701204BE7012045
:1071F00049E700BF020010000000FFFF026802F133
:107200000C0353E8003F23F490730C3242E8003142
:107210000029F3D1026802F1140353E8003F23F080
:107220000103143242E800310029F3D1036B012B32
:1072300005D0202380F842300023036370470268A2
:1072400002F10C0353E8003F23F010030C3242E834
:1072500000310029F3D1ECE790F84130DBB2212B6B
:1072600001D0022070478368B3F5805F17D0036AAE
:107270005A1C02621A7803685A60C38C9BB2013BA5
:107280009BB2C3844BB90268D36823F08003D360F8
:107290000268D36843F04003D3600020704703695D
:1072A000002BE4D1036A1B880268C3F30803536010
:1072B000036A02330362E0E710B50446026813690B
:1072C00023F44053C1680B431361836802691A4376
:1072D00043691A43C3691A430168CB6823F4164310
:1072E00023F00C031343CB600268536923F440730B
:1072F00081690B4353610368314A934206D002F51A
:107300008062934202D0FEF7F3FE01E0FEF700FF39
:10731000E369B3F5004F29D00021031849411B1838
:1073200041F10001C90041EA5371DB00181863689C
:107330004FEA83024FEA937341F10001FDF7E2FB4C
:10734000204AA2FB00314909642303FB11031B01FE
:107350003233A2FB03235B0903F0F00202EB0112BC
:1073600003F00F03216813448B6010BD0023021843
:1073700043EB0301121841F10001C90041EA5271C7
:10738000D200101841F10001626892185B41FDF7CC
:10739000B9FB0C4AA2FB00314909642303FB11032A
:1073A000DB003233A2FB03235B095A0002F4F872BC
:1073B00002EB011203F00703216813448B60D4E74A
:1073C000001001401F85EB512DE9F04383B00546C5
:1073D0000E4617469946DDF828802B681C6836EA69
:1073E00004040CBF01240024BC4228D1B8F1FF3FA3
:1073F000F3D0FFF79DF8A0EB0900404523D8B8F182
:10740000000F22D02B68DA6812F0040FE5D0802E2E
:10741000E3D0402EE1D01A6812F0080FDDD000242E
:1074200001941A6801925B680193019B2846FFF75B
:10743000E5FE08236B6485F84040012000E0002051
:1074400003B0BDE8F0830320FAE70320F8E760B358
:1074500010B5044690F8413013B3242384F841302A
:107460002268D36823F40053D3602046FFF724FF3B
:107470002268136923F4904313612268536923F04F
:107480002A0353612268D36843F40053D360002079
:107490006064202384F8413084F84230606310BD7A
:1074A00080F8403002F01CFDD7E7012070472DE93D
:1074B000F04182B01E4690F84130DBB2202B56D10D
:1074C00004460D469046002955D00AB901204FE0E8
:1074D00000234364212380F84130FFF729F8074651
:1074E000A4F82480A4F82680A368B3F5805F02D0B6
:1074F0004FF0000814E023692BB34FF000080FE0B1
:10750000202384F84130032032E038F8023B22681F
:10751000C3F308035360E28C92B2013A92B2E28460
:10752000E38C9BB293B100963B460022802120461B
:10753000FFF74AFF0028E3D1002DE6D015F8012B14
:1075400023685A60E7E7A8460025E9E700963B462E
:10755000002240212046FFF737FF18B9202384F886
:10756000413005E0202384F84130032000E0022070
:1075700002B0BDE8F0810120FAE7704708B5016864
:10758000CA6822F04002CA60202280F84120FFF73A
:10759000F4FF002008BD704708B5806B0023C38549
:1075A000FFF7F9FF08BD704790F84230DBB2222B9D
:1075B00069D18368B3F5805F4FD0826AB3F5805F8D
:1075C00004D0002B56D10369002B53D103685B68AC
:1075D0001370836A01338362C38D9BB2013B9BB2FC
:1075E000C385002B51D100B583B00268D36823F066
:1075F0002003D3600268D36823F48073D3600268E9
:10760000536923F001035361202380F842300023A3
:107610004363036B012B33D100230363026802F140
:107620000C0353E8003F23F010030C3242E8003112
:107630000029F3D103681A6812F0100F06D0002257
:1076400001921A6801925B680193019B818DFFF79B
:10765000AAFF002003B05DF804FB0269002AACD148
:10766000826A03685B68C3F308031380836A02338A
:107670008362B1E703685B6803F07F031370A8E7D8
:10768000FDF7A8FCE5E702207047002070470000E6
:1076900010B582B0044602681368D068516913F0CF
:1076A0000F0F09D113F0200F0CD010F0200F09D0CC
:1076B0002046FFF779FF16E011F0010115D110F413
:1076C000907F12D1216B012979D013F0800F03D064
:1076D00010F0800F40F0218113F0400F03D010F024
:1076E000400F40F01E8102B010BD13F0010F06D014
:1076F00010F4807F03D0626C42F00102626413F0E8
:10770000040F04D019B1626C42F00202626413F0FB
:10771000020F04D019B1626C42F00402626413F0EB
:10772000080F07D010F0200F00D119B1626C42F0A1
:1077300008026264626C002AD5D013F0200F02D0D8
:1077400010F0200F29D123685B6903F04003626CBD
:1077500012F0080F00D163B32046FFF74FFD2368F6
:107760005B6913F0400F20D0226802F1140353E844
:10777000003F23F04003143242E800310029F3D1E6
:10778000E36B73B1694A1A65E06BFEF72FFE0028C0
:10779000A9D0E06B036D9847A5E72046FFF704FFEB
:1077A000D1E72046FFF7F7FE9DE72046FFF7F3FEFF
:1077B00099E72046FFF7EFFE0023636493E713F099
:1077C000100F82D010F0100F3FF47FAF0023019311
:1077D0001368019353680193019B536913F0400FA1
:1077E0005FD0E26B13685B689BB2002B4AD0A18D1F
:1077F000994247D9E385D369B3F5807F37D02268B2
:1078000002F10C0353E8003F23F480730C3242E88A
:1078100000310029F3D1226802F1140353E8003F3C
:1078200023F00103143242E800310029F3D1226829
:1078300002F1140353E8003F23F04003143242E8FE
:1078400000310029F3D1202384F842300023236340
:10785000226802F10C0353E8003F23F010030C32BE
:1078600042E800310029F3D1E06BFEF775FD0223F9
:107870006363A18DE38D9BB2C91A89B22046FFF7DD
:1078800092FE30E7A18D99427FF42DAFD369B3F515
:10789000807F7FF428AF022363632046FFF783FED7
:1078A00021E7A18DE38D9BB2C91A89B2E38D9BB20A
:1078B000002B3FF418AF00293FF415AF226802F106
:1078C0000C0353E8003F23F490730C3242E800307D
:1078D0000028F3D1226802F1140353E8003F23F09B
:1078E0000103143242E800300028F3D1202384F849
:1078F000423000232363226802F10C0353E8003F67
:1079000023F010030C3242E800300028F3D10223A8
:1079100063632046FFF747FEE5E62046FFF79CFC41
:10792000E1E62046FFF72AFEDDE600BF9975000874
:1079300081628285C28500234364222380F842301D
:10794000036923B10268D36843F48073D36002688B
:10795000536943F0010353610268D36843F0200385
:10796000D3600020704708B590F84230DBB2202B7E
:1079700008D149B10AB9012008BD00230363FFF70C
:10798000D7FFF9E70220F7E70120F5E7034AD2F82D
:10799000883043F47003C2F88830704700ED00E08F
:1079A00000F1080343604FF0FF328260C36003615F
:1079B00000230360704700230361704743684B60F6
:1079C0009A688A60516099600861036801330360B6
:1079D000704730B40D68B5F1FF3F11D000F10803D6
:1079E0001C465B681A68AA42FAD963684B609960C2
:1079F0008C606160086103680133036030BC7047CC
:107A00000469F2E70369416882688A6041685160ED
:107A10005A68824206D0002202611A68013A1A604E
:107A20001868704782685A60F5E70346406A18B1E3
:107A30001B6B1868C0F13800704710B5044602F09F
:107A400001F8A26BE36B9A4204D0002402F01CF808
:107A5000204610BD0124F9E710B5044601F0F2FFFD
:107A6000A36B23B9012402F00FF8204610BD0024B7
:107A7000F9E770B504461546866B026C5AB903687F
:107A80001BB100200136A66370BD806801F0D2F9F9
:107A90000023A360F6E76DB94068FAF759FB636805
:107AA000226C13446360A268934219D32368636015
:107AB0002846E7E7C068FAF74BFBE368226C5142BF
:107AC0009B1AE3602268934202D2A3680B44E360EE
:107AD000022D01D00020D5E726B1013E0020D1E7DC
:107AE0002846CFE70020CDE70346026C6AB110B507
:107AF0000846D9681144D9609C68A14201D319682D
:107B0000D960D968FAF724FB10BD704738B505462F
:107B100001F098FF95F8454064B201E0013C64B281
:107B2000002C0ADD6B6A43B105F1240001F086F8F0
:107B30000028F3D001F016F9F0E7FF2385F845306F
:107B400001F0A2FF01F07EFF95F8444064B201E02D
:107B5000013C64B2002C0ADD2B6943B105F1100031
:107B600001F06CF80028F3D001F0FCF8F0E7FF23F7
:107B700085F8443001F088FF38BD38B5E0B10D46D6
:107B8000044601F05FFF2368E26B216C01FB0230C9
:107B9000A0600020A0636360013A02FB0133E36050
:107BA000FF2384F8443084F84530FDB9236963B974
:107BB00001F06AFF012038BD4FF0500383F31188B4
:107BC000BFF36F8FBFF34F8FFEE704F1100001F09A
:107BD00035F80028ECD04FF0E0234FF08052C3F886
:107BE000042DBFF34F8FBFF36F8FE1E704F1100057
:107BF000FFF7D6FE04F12400FFF7D2FED8E738B530
:107C00001D46049C0B4649B92460E06323640121AE
:107C10002046FFF7B2FF84F84C5038BD2260F4E7ED
:107C200040B94FF0500383F31188BFF36F8FBFF358
:107C30004F8FFEE710B584B01C46844653B192B115
:107C400089B94FF0500383F31188BFF36F8FBFF3EF
:107C50004F8FFEE74FF0500383F31188BFF36F8F10
:107C6000BFF34F8FFEE76AB150230393039B502B62
:107C700013D04FF0500383F31188BFF36F8FBFF31E
:107C80004F8FFEE70029EFD04FF0500383F31188A8
:107C9000BFF36F8FBFF34F8FFEE7039B012384F881
:107CA000463000949DF818306046FFF7A8FF204644
:107CB00004B010BD40B94FF0500383F31188BFF3F7
:107CC0006F8FBFF34F8FFEE7F0B583B00D461446BC
:107CD000064601FB00F0503001F088FD074650B128
:107CE000002380F846300090234600F150022946D8
:107CF0003046FFF784FF384603B0F0BDF0B585B0DD
:107D0000019288B10F461D460446B1B1022D20D123
:107D1000E36B012B1DD04FF0500383F31188BFF3A9
:107D20006F8FBFF34F8FFEE74FF0500383F311883F
:107D3000BFF36F8FBFF34F8FFEE7036C002BE5D0CF
:107D40004FF0500383F31188BFF36F8FBFF34F8F52
:107D5000FEE701F013F8064658B9019B002B48D006
:107D60004FF0500383F31188BFF36F8FBFF34F8F32
:107D7000FEE700263DE02A4639462046FFF779FE19
:107D8000636A7BB948B14FF0E0234FF08052C3F8EB
:107D9000042DBFF34F8FBFF36F8F01F075FE0120ED
:107DA00005B0F0BD04F1240000F048FF0028F4D035
:107DB0004FF0E0234FF08052C3F8042DBFF34F8FF4
:107DC000BFF36F8FE9E701F05FFE0020E8E702A84C
:107DD00000F07AFF012619E0002384F8443021E006
:107DE000002384F8453023E02046FFF78FFE00F0A3
:107DF000B1FD01F027FEA26BE36B9A42BBD3022DCB
:107E0000B9D0019B002BDED0002EE0D001F03CFE6B
:107E100000F006FD01F016FE94F8442052B2B2F1D3
:107E2000FF3FD9D094F8452052B2B2F1FF3FD7D0EE
:107E300001F02AFE01A902A800F052FFD8B920469D
:107E4000FFF7FBFD0028CFD0019904F1100000F0EE
:107E5000C1FE2046FFF75AFE00F07CFD0028C8D185
:107E60004FF0E0234FF08052C3F8042DBFF34F8F43
:107E7000BFF36F8FBDE72046FFF748FE00F06AFDB5
:107E800000208DE748B108B5002181600160C16024
:107E90000B460A46FFF732FF08BD704710B5024691
:107EA00000210120FFF706FF0446FFF7EBFF204605
:107EB00010BD10B582B00B46009000221146012083
:107EC000FFF7AEFE0446FFF7DDFF204602B010BD0F
:107ED00038B538B10446856800F04AFF85420AD0BB
:107EE000002038BD4FF0500383F31188BFF36F8F2C
:107EF000BFF34F8FFEE7E368013BE3600BB1012066
:107F0000EFE71A4619462046FFF7F8FE0120E8E79A
:107F10002DE9F84390B10F4616461C460546B1B10F
:107F2000022C20D1EB6B012B1DD04FF0500383F3BB
:107F30001188BFF36F8FBFF34F8FFEE74FF05003F1
:107F400083F31188BFF36F8FBFF34F8FFEE7036C8E
:107F5000002BE5D04FF0500383F31188BFF36F8FF0
:107F6000BFF34F8FFEE701F093FEEFF311884FF060
:107F7000500383F31188BFF36F8FBFF34F8FAA6B4A
:107F8000EB6B9A4206D3022C04D0002088F31188B0
:107F9000BDE8F88395F845904FFA89F9AB6B224616
:107FA00039462846FFF765FDB9F1FF3F06D009F1D4
:107FB00001035BB285F845300120E7E76B6A0BB936
:107FC0000120E3E705F1240000F038FE18B126B1E6
:107FD00001203060DAE70120D8E70120D6E7F0B5CC
:107FE00085B0019290B10F460446C1B100F0C6FEC3
:107FF000064600BB019B002B5ED04FF0500383F37D
:108000001188BFF36F8FBFF34F8FFEE74FF0500320
:1080100083F31188BFF36F8FBFF34F8FFEE7036CBD
:10802000002BE3D04FF0500383F31188BFF36F8F21
:10803000BFF34F8FFEE700263EE039462046FFF7AC
:1080400053FD013DA563236923B901F01DFD012006
:1080500005B0F0BD04F1100000F0F0FD0028F4D0F0
:108060004FF0E0234FF08052C3F8042DBFF34F8F41
:10807000BFF36F8FE9E701F007FD0020E8E702A8F2
:1080800000F022FE012621E0002384F8443029E09C
:10809000002384F845302BE02046FFF737FD00F041
:1080A00059FC09E02046FFF731FD00F053FC204663
:1080B000FFF7D2FC00283FD101F0C4FCA56B002DD6
:1080C000BBD1019B002BD6D0002ED8D001F0DCFC18
:1080D00000F0A6FB01F0B6FC94F844305BB2B3F1BB
:1080E000FF3FD1D094F845305BB2B3F1FF3FCFD022
:1080F00001F0CAFC01A902A800F0F2FD0028D1D1CC
:108100002046FFF7A9FC0028C6D0019904F12400FD
:1081100000F060FD2046FFF7F9FC00F01BFC002892
:10812000CAD14FF0E0234FF08052C3F8042DBFF3C3
:108130004F8FBFF36F8FBFE7002089E770B584B022
:10814000019158B10446036C8BB14FF0500383F397
:108150001188BFF36F8FBFF34F8FFEE74FF05003CF
:1081600083F31188BFF36F8FBFF34F8FFEE700F0EB
:1081700005FE054650B9019B5BB14FF0500383F3F8
:108180001188BFF36F8FBFF34F8FFEE70026354690
:1081900055E0064653E0013BA36323683BB12369E6
:1081A0004BB901F071FC0126304604B070BD00F0FF
:1081B000D9FEA060F3E704F1100000F03FFD0028B5
:1081C000EFD04FF0E0234FF08052C3F8042DBFF3FF
:1081D0004F8FBFF36F8FE4E746B14FF0500383F347
:1081E0001188BFF36F8FBFF34F8FFEE701F04CFC98
:1081F000DAE702A800F068FD01252AE0002384F8F0
:10820000443032E0002384F8453034E001F01AFCB9
:10821000A06800F0C3FD064601F036FC3BE02046B6
:10822000FFF774FC00F096FB09E02046FFF76EFCB8
:1082300000F090FB2046FFF70FFC002842D101F030
:1082400001FCA36B002BA6D1019B002BC4D0002DF9
:10825000CFD001F019FC00F0E3FA01F0F3FB94F841
:1082600044305BB2B3F1FF3FC8D094F845305BB205
:10827000B3F1FF3FC6D001F007FC01A902A800F04E
:108280002FFD0028D1D12046FFF7E6FB0028C6D0FD
:108290002368002BBAD0019904F1240000F09AFC65
:1082A0002046FFF733FC00F055FB0028C7D14FF004
:1082B000E0234FF08052C3F8042DBFF34F8FBFF37C
:1082C0006F8FBCE70EB900266EE701F0BBFB2046BE
:1082D000FFF7ABFB0146A06800F0F4FD01F0D4FB12
:1082E000F1E780B170B50C460546866800F040FDA8
:1082F000864211D021462846FFF720FF80B1EB6867
:108300000133EB600CE04FF0500383F31188BFF3AF
:108310006F8FBFF34F8FFEE7EB680133EB600120F7
:1083200070BD00000023072B0CD8074A52F83320F9
:108330000AB10133F7E7044A42F8331002EBC302F3
:1083400050607047704700BF6C04002070B5044651
:108350000D46164601F076FB94F844305BB2B3F15B
:10836000FF3F0DD094F845305BB2B3F1FF3F0BD027
:1083700001F08AFBA36B5BB12046FFF7C7FB70BD22
:10838000002384F84430EDE7002384F84530EFE71C
:108390003246294604F1240000F034FCECE70000EA
:1083A000084B1B681B6823B9074B4FF0FF321A605C
:1083B0007047044B1B68DB68DB685A68024B1A6025
:1083C000704700BF1C050020B40400202DE9F047D1
:1083D00080460D4617469946089EDDF824A00A9C63
:1083E0009200A521206BF8F7B9F8236B07F18042C2
:1083F000013A03EB820727F00707A5B34FF0000C03
:10840000BCF10F0F09D815F80C3004EB0C0282F800
:10841000343013B10CF1010CF2E7002384F843303F
:10842000372E00D93726E662E66400252565201D33
:10843000FFF7C1FA04F11800FFF7BDFA2461C6F195
:108440003806A6616462656584F858504A4641461C
:10845000384601F0C9FA2060BAF1000F01D0CAF81D
:108460000040BDE8F087002384F83430D8E70000EE
:1084700038B5002407E004EB840293000E4818444A
:10848000FFF78EFA0134372CF5D90C4D2846FFF74B
:1084900087FA0B4C2046FFF783FA0A48FFF780FA69
:1084A0000948FFF77DFA0948FFF77AFA084B1D6083
:1084B000084B1C6038BD00BF480500203405002073
:1084C0002005002004050020F0040020D80400202E
:1084D0001C0500201805002010B5044601F0B2FA72
:1084E000224A136801331360214B1B685BB1214B97
:1084F0001B686BB91E4B1B68DA6AE36A9A4207D89D
:108500001B4B1C6004E01A4B1C601368012B29D024
:10851000194A1368013313606364E06A174B1B68E0
:10852000984201D9154B186000EB8000211D144BB7
:1085300003EB8000FFF742FA01F0A6FA0D4B1B682F
:108540007BB10B4B1B68DA6AE36A9A4209D24FF09F
:10855000E0234FF08052C3F8042DBFF34F8FBFF3D9
:108560006F8F10BDFFF784FFD2E700BFD404002057
:10857000A8090020C8040020B8040020CC04002072
:108580004805002010B5044690F8593063B1012B1E
:1085900011D0022B0ED04FF0500383F31188BFF39C
:1085A0006F8FBFF34F8FFEE7006B01F0A1F92046FC
:1085B00001F09EF910BD01F09BF9FBE70F4B1B6822
:1085C000D3B110B501F03EFA0D4BDB68DC68201D1D
:1085D000FFF718FA0B4A1368013B1360074A136848
:1085E000013B136001F050FA2046FFF7CBFF034B2D
:1085F0001B68002BE6D110BD704700BFEC040020C3
:10860000F0040020D404002008B5FFF7D7FF074B83
:108610001B68012BF9D94FF0E0234FF08052C3F8CB
:10862000042DBFF34F8FBFF36F8FEEE74805002097
:1086300070B504460D46174B1E68174B186804307A
:10864000FFF7E0F9B4F1FF3F0DD03444124B1B6843
:108650005C60A64210D9114B18680F4B19680431A1
:10866000FFF7B7F970BD002DEFD00B4B196804313F
:108670000B48FFF7A3F9F5E70A4B1868064B196892
:108680000431FFF7A6F9084B1B68A342EAD9064B51
:108690001C60E7E7D0040020A8090020180500208E
:1086A000D80400201C050020B404002030B587B099
:1086B0000B9C7CB10C9DB5B15C250495049D5C2D93
:1086C0001AD04FF0500383F31188BFF36F8FBFF3BD
:1086D0004F8FFEE74FF0500383F31188BFF36F8F86
:1086E000BFF34F8FFEE74FF0500383F31188BFF3C2
:1086F0006F8FBFF34F8FFEE7049D0C9D2C63022408
:1087000085F8594000240394029505AC01940A9C15
:108710000094FFF75BFE0C98FFF7DEFE059807B0AC
:1087200030BD2DE9F04385B00746884614461E4605
:10873000900001F05BF808B381465C2001F056F828
:108740000546A8B1C0F83090002380F85930039353
:1087500002900D9B01930C9B0093334622464146A9
:108760003846FFF733FE2846FFF7B6FE012007E044
:10877000484601F0BDF84FF0FF3001E04FF0FF3008
:1087800005B0BDE8F083000010B588B00024059462
:10879000069407AA06A905A800F0ACFF059B029362
:1087A000069B019300942346079A17491748FFF741
:1087B0007DFF174B1860C0B100F04EFC012815D1A9
:1087C0004FF0500383F31188BFF36F8FBFF34F8FC8
:1087D000104B4FF0FF321A600F4B01221A600F4B03
:1087E00000221A6001F0C8F903E00020B0F1FF3F59
:1087F00001D008B010BD4FF0500383F31188BFF3D0
:108800006F8FBFF34F8FFEE754B70008098600084B
:10881000B0040020B4040020C8040020D0040020CC
:10882000024A136801331360704700BFAC04002094
:10883000014B1868704700BFD0040020F8B53A4BD0
:108840001B68002B69D1394B1D6801351D60C5B906
:10885000374B1B681B6843B14FF0500383F31188FB
:10886000BFF36F8FBFF34F8FFEE7314A1168314B73
:10887000186810601960304A136801331360FFF7FD
:108880008FFD2E4B1B68AB423DD900272C4B1B683C
:10889000DB6A03EB83039A002A4B9B58012B00D918
:1088A0000127294B1B68002B3CD001273AE0012708
:1088B0001F4B1B681B6843B31D4B1B68DB68DC68E0
:1088C00063689D4226D3261D3046FFF79BF8A36AB6
:1088D0001BB104F11800FFF795F8E36A1B4A126810
:1088E000934201D9194A136003EB83039A0031467E
:1088F00014481044FFF762F8E26A114B1B68DB6A08
:108900009A42D4D2D4E70027D2E70C4B4FF0FF3283
:108910001A60BBE7094A1360B8E70D4A13680133D0
:10892000136000273846F8BDAC040020D0040020B6
:108930001C05002018050020BC040020B404002001
:10894000A809002048050020C0040020CC04002015
:10895000C404002038B5354B1B6843B94FF05003B1
:1089600083F31188BFF36F8FBFF34F8FFEE701F0E2
:1089700069F82E4B1A68013A1A601B68002B4FD118
:108980002B4B1B680BB900244BE00024294B1B68C0
:108990001BB3284BDB68DC6804F11800FFF732F8E2
:1089A000251D2846FFF72EF8E06A234B1B689842E6
:1089B00001D9214B186000EB800029461F4B03EBC7
:1089C0008000FEF7FBFFE26A1D4B1B68DB6A9A42E0
:1089D000DCD31C4B01221A60D8E70CB1FFF7E0FC96
:1089E000194B1C6884B9174B1C68D4B14FF0E023B5
:1089F0004FF08052C3F8042DBFF34F8FBFF36F8F3A
:108A000001240EE0013C07D0FFF718FF0028F9D041
:108A10000C4B01221A60F5E70B4B00221A60E2E7CB
:108A2000002401F031F8204638BD00BFAC0400201E
:108A3000D404002004050020CC04002048050020B8
:108A4000A8090020C0040020C404002038B558B193
:108A50000C46054689B94FF0500383F31188BFF3E4
:108A60006F8FBFF34F8FFEE74FF0500383F31188F2
:108A7000BFF36F8FBFF34F8FFEE71B4B1B6843B1F4
:108A80004FF0500383F31188BFF36F8FBFF34F8F05
:108A9000FEE7FFF7C5FE154B18682B681C448342A0
:108AA00009D9A34201D82C600EE0A04201D32C606A
:108AB0000AE02C6004E0A34201D8A04212D22C604C
:108AC0000021201AFFF7B4FDFFF744FF48B94FF02B
:108AD000E0234FF08052C3F8042DBFF34F8FBFF354
:108AE0006F8F38BD2C60EFE7AC040020D00400206D
:108AF00010B5A8B10446104B1B6843B14FF05003AA
:108B000083F31188BFF36F8FBFF34F8FFEE7FFF73B
:108B100087FE00212046FFF78BFDFFF71BFF48B9BA
:108B20004FF0E0234FF08052C3F8042DBFF34F8F76
:108B3000BFF36F8F10BD00BFAC040020204B1B683B
:108B40001BB1204B01221A6070471E4B00221A6095
:108B50001D4B1B6803EB83018A001C498A585AB9D4
:108B60000BB1013BF6E74FF0500383F31188BFF3DD
:108B70006F8FBFF34F8FFEE7084603EB83018A0038
:108B8000024451684968516003EB830C4FEA8C0240
:108B90000832024491420BD003EB830291000B4A4E
:108BA0000A445268D1680A4A1160074A1360704744
:108BB000486862469100054A0A445060ECE700BFED
:108BC000AC040020C0040020CC0400204805002094
:108BD000A809002058B110B50C46094A116818318F
:108BE000FEF7F7FE01212046FFF722FD10BD4FF0F2
:108BF000500383F31188BFF36F8FBFF34F8FFEE7EE
:108C0000A809002038B570B10D4614460A4A11680B
:108C10001831FEF7D3FE0CB14FF0FF352146284640
:108C2000FFF706FD38BD4FF0500383F31188BFF303
:108C30006F8FBFF34F8FFEE7A809002038B5C368D8
:108C4000DC6824B304F118052846FEF7DBFE184B58
:108C50001B682BBB251D2846FEF7D4FEE06A154B8A
:108C60001B68984201D9134B186000EB800029461D
:108C7000114B03EB8000FEF7A1FEE26A0F4B1B686D
:108C8000DB6A9A4211D901200D4B186038BD4FF0B4
:108C9000500383F31188BFF36F8FBFF34F8FFEE74D
:108CA00029460848FEF78AFEE7E70020EEE700BF06
:108CB000AC040020CC04002048050020A8090020B6
:108CC000C004002004050020034B1B680360034B15
:108CD0001B684360704700BFBC040020D004002024
:108CE000F8B5C8B10C460546F9B100F0ABFE1B4B18
:108CF00019686B68C81A2268B2F1FF3F26D0184E77
:108D000036682F68B74201D08B4224D9824215D8E9
:108D10000023236001241AE04FF0500383F31188ED
:108D2000BFF36F8FBFF34F8FFEE74FF0500383F316
:108D30001188BFF36F8FBFF34F8FFEE75B1A1344A9
:108D400023602846FFF7C0FF002400E0002400F065
:108D50009BFE2046F8BD0124F9E700BFD0040020A7
:108D6000BC040020014B01221A607047C00400209F
:108D7000014B1868704700BFA8090020054B1B680D
:108D800033B1054B1B680BB10020704702207047C0
:108D900001207047C8040020AC04002000283ED009
:108DA00038B50446C36A204A1268D26A93422ED26A
:108DB0008269002A05DB1C4A1268D26AC2F13802B5
:108DC0008261616903EB8303184A02EB83039942D2
:108DD00005D0154B1B68DB6AE362012038BD251DF9
:108DE0002846FEF70FFE104B1B68D86AE062104B56
:108DF0001B68984201D90E4B186000EB8000294691
:108E00000A4B03EB8000FEF7D9FD0120E6E7C26CB8
:108E1000054B1B68DB6A9A4203D30020DEE7002083
:108E200070470120DAE700BFA809002048050020AC
:108E3000CC04002000283BD038B504461E4B1B68EC
:108E4000834208D04FF0500383F31188BFF36F8F34
:108E5000BFF34F8FFEE7036D43B94FF0500383F329
:108E60001188BFF36F8FBFF34F8FFEE7013B0365A0
:108E7000C16AC26C91421DD00BB1002038BD051DE6
:108E80002846FEF7BFFDE06CE062C0F13803A36145
:108E90000A4B1B68984201D9084B186000EB800010
:108EA0002946074B03EB8000FEF788FD0120E5E72C
:108EB000002070470020E1E7A8090020CC04002032
:108EC00048050020002846D038B50446036D43B954
:108ED0004FF0500383F31188BFF36F8FBFF34F8FB1
:108EE000FEE7C26C8A4200D20A46E16A914201D092
:108EF000012B00D038BD184B1B68A34222D0E26280
:108F0000A369002B02DBC2F13802A261626901EBA6
:108F10008101124B03EB81039A42EBD1251D2846B8
:108F2000FEF770FDE06A0E4B1B68984201D90C4BAE
:108F3000186000EB80002946084B03EB8000FEF729
:108F40003DFDD7E74FF0500383F31188BFF36F8FD8
:108F5000BFF34F8FFEE77047A809002048050020A7
:108F6000CC040020054B1B6823B1044B1A68136D19
:108F700001331365014B1868704700BFA809002032
:108F8000064B1A6813682BB90123036023B9D36811
:108F9000186870470023F8E700207047AC0A0020EB
:108FA00008B54160006191420CD8D21A83699A4297
:108FB00001D3012008BD011D094B1868FEF709FD0A
:108FC0000020F7E79A4201D2994206D2011D054BD3
:108FD0001868FEF7FEFC0020ECE70120EAE700BF7E
:108FE000A80A0020AC0A002030B583B000F02AFDAA
:108FF000114B1B681BB100F047FD03B030BD0F4D96
:109000002846FEF7CDFC0E4C2046FEF7C9FC0D4B62
:109010001D600D4B1C60002300930C4B0C4A10216B
:109020000A20FEF7FDFD044B18600028E3D0094933
:10903000FFF778F9DFE700BFA40A0020C40A002088
:10904000B00A0020AC0A0020A80A0020AC090020C9
:10905000FC0900205CB7000810B588B0FFF7C4FF1A
:10906000124B1B68CBB100240594069407AA06A9ED
:1090700005A800F04BFB059B0293069B019302237E
:1090800000932346079A0A490A48FFF70FFB0A4B49
:10909000186010B1012008B010BD4FF0500383F3E9
:1090A0001188BFF36F8FBFF34F8FFEE7A40A002034
:1090B00064B70008BD930008A00A0020B8B19C4620
:1090C00003461848006858B300B585B00091019276
:1090D000029305291CDCFFF751FE022810D0002363
:1090E0001A4669460F480068FEF708FE15E04FF083
:1090F000500383F31188BFF36F8FBFF34F8FFEE7E9
:109100000023069A694607480068FEF7F7FD04E069
:10911000002362466946FEF7FBFE05B05DF804FBDE
:1091200000207047A40A002070B582B01B4B1B685A
:109130001A6862B3DB681E68DC68251D2846FEF7E6
:1091400061FC236A2046984794F8283013F0040FF6
:10915000ECD0A36933449E4207D263602461294660
:109160000E4B1868FEF735FCE0E7002100910B4636
:1091700032462046FFF7A2FF0028D7D14FF0500318
:1091800083F31188BFF36F8FBFF34F8FFEE7044A5D
:10919000106802490860136002B070BDAC0A00207C
:1091A000A80A002038B50546FFF742FB0446074BE6
:1091B0001B68834205D800232B60044B1C602046AB
:1091C00038BDFFF7B1FF01232B60F6E79C0A0020B2
:1091D00070B582B006460D4617490968C968CC6863
:1091E000201DFEF70FFC94F828C01CF0040F08D1D6
:1091F0002CF0010C84F828C0236A2046984702B05E
:1092000070BDA16933462A4631442046FFF7C8FEA7
:109210000028F1D0002100910B4632462046FFF78E
:109220004DFF0028E8D14FF0500383F31188BFF3BE
:109230006F8FBFF34F8FFEE7AC0A002070B582B08E
:1092400006460C46FFF7ECFA01A8FFF7ABFF019BBF
:1092500033BB0546E4B9B04213D22246711B124B10
:109260001868FFF773F8FFF775FBD8B94FF0E023E4
:109270004FF08052C3F8042DBFF34F8FBFF36F8FB1
:1092800010E0FFF767FB29463046FFF7A1FF09E032
:10929000064A126812680AB90124DEE71C46DCE7B8
:1092A000FFF758FB02B070BDA40A0020A80A0020F6
:1092B00010B588B002E0049B002B0FDA002204A94D
:1092C0003D4B1868FEF78BFE002873D0049B002BE3
:1092D000F1DA07990698059B9847ECE7069C6369C5
:1092E00013B1201DFEF78EFB03A8FFF75BFF049B65
:1092F000092BE3D8DFE803F00505053037500505F5
:10930000303794F8283043F0010384F82830059B67
:10931000A169024619442046FFF742FE0028CDD03D
:10932000236A2046984794F8283013F0040FC5D0DC
:10933000A269002100910B46059802442046FFF7E0
:10934000BDFE0028BAD14FF0500383F31188BFF35C
:109350006F8FBFF34F8FFEE794F8283023F001039F
:1093600084F82830AAE794F8283043F0010384F801
:1093700028300599A16131B10346024601442046D7
:10938000FFF70EFE9AE74FF0500383F31188BFF307
:109390006F8FBFF34F8FFEE794F8283013F0020F62
:1093A00004D023F0010384F8283087E7204600F03A
:1093B0009FFA83E708B010BDA40A002000B583B06F
:1093C00001A8FFF7DDFD0199FFF738FFFFF770FFF8
:1093D000F6E708B54FF0E0231B69FFF7CFFC012843
:1093E00000D108BD00F09EFBFBE70000EFF3058312
:1093F0002BB9064B186828B901221A6070476FF024
:10940000050070474FF0FF30704700BF90110020FB
:10941000EFF3058373B90A4B1B68012B0DD110B50F
:109420000024084BDC77064B02221A60FFF7ACF9E8
:10943000204610BD6FF0050070474FF0FF307047B9
:109440009011002000ED00E0F0B587B000240594F5
:10945000EFF3058474BB68B322B31568936903B94D
:1094600018235C1E372C49D8546814F0010F47D1DB
:1094700056696EB14FEA960C94682CB1D7685B2F91
:1094800002D9176907B1C6B92CB14FF0FF340EE00D
:109490004FF0800CF0E7D4688CB9146994B14FF0A8
:1094A000FF3404E01546002418234FF0800C012CF3
:1094B0000AD0ACB1059807B0F0BD0124F7E74FF032
:1094C000FF34F4E70024F2E71469926802920194F1
:1094D00000930B4662462946FFF7E8F80590E9E756
:1094E00005AA019200930B461FFA8CF22946FFF75A
:1094F00018F90128DED000230593DBE70020DAE726
:109500000020D8E708B5EFF3058333B908B9002088
:1095100008BDFFF7EDFA0020FAE76FF00500F7E766
:1095200070B5EFF30583002B3CD1044600B14368CE
:1095300013F0010600D0012613F0080F35D144B313
:10954000A16811B1E3684F2B18D891B14FF0FF33E8
:109550006BBB16B30420FEF7A1FC05461DB304B196
:10956000246821462846FEF7DDFEE6B145F00105F8
:1095700019E0E3687BB14FF0FF33E9E726B104203F
:10958000FEF797FC0546E9E70120FEF792FC054649
:10959000E4E70023DCE70023DAE70120FEF77EFCA6
:1095A0000546DBE70025284670BD0025FBE70025C2
:1095B000F9E7EFF30582DAB910B503460C4620F05F
:1095C000010003F00101012B15D941B12146FEF73D
:1095D00088FE012812D09CB16FF001000FE02146F7
:1095E000FEF7ACFD01280ED07CB16FF0010006E063
:1095F0006FF0050070476FF0030000E0002010BD21
:109600006FF00200FBE70020F9E76FF00200F6E7D9
:10961000EFF30582BAB908B5034620F0010003F064
:109620000101012B12D929B1FEF752FC012810D1FA
:10963000002008BD00231A461946FEF75FFB0128EB
:109640000AD10020F5E76FF0050070476FF00300C6
:10965000EFE76FF00200ECE76FF00200E9E770B5AA
:1096600082B0EFF30583002B3AD1144600283BD09B
:1096700000293BD06AB393684BB1D2684F2A06D910
:10968000226922B101FB00F56669AE421BD273B1BB
:109690004FF0FF3363BB0022FEF70CFB054605B31A
:1096A00004B1246821462846FEF73CFE19E0E36831
:1096B0008BB9236913B14FF0FF33EBE763696BB1EB
:1096C0004FF0FF33E6E700250095FEF7A9FA0546BF
:1096D000E5E70023DEE74FF0FF33DBE70023D9E7C0
:1096E0000025284602B070BD0025FAE70025F8E7FE
:1096F0000025F6E7034B0360034B0B6080231360E8
:10970000704700BF34110020340F0020034B03606A
:10971000034B0B604FF4807313607047D80E00202A
:10972000D80A0020124A12F0070F1ED0D11D21F0D6
:109730000701C1F5705313440A460E480260002128
:1097400041601344083B23F007030B480360596052
:109750001960991A51601360084B1960084B196021
:10976000084B4FF000421A6070474FF47053E4E723
:10977000B4110020AC110020A8110020A01100207D
:10978000A411002094110020164B1A461B68834236
:10979000FBD3516802EB010C844509D0416800EB12
:1097A000010C634509D00360904219D010607047E6
:1097B0004068014451601046F0E710B40A4C246838
:1097C000A3420BD05B681944416013681B680360B7
:1097D000904200D010605DF8044B70470460F7E7DA
:1097E000704700BFAC110020A811002038B5044616
:1097F000FFF716F8384B1B68B3B1384B1B681C4297
:1098000050D1002C50D004F1080214F0070F02D000
:1098100022F007020832002A55D0314B1B689342D0
:1098200053D330490C6804E0FFF77CFFE5E721469D
:109830001C466368934202D22368002BF7D1264B63
:109840001B68A34243D00D68083523680B6063682A
:109850009B1A102B10D9A01810F0070F08D04FF04A
:10986000500383F31188BFF36F8FBFF34F8FFEE771
:1098700043606260FFF788FF626819490B689B1AB2
:109880000B60194909688B4201D217490B60134BD1
:109890001B681343636000232360144A1368013379
:1098A000136002E0002500E00025FFF753F815F0F3
:1098B000070F0ED04FF0500383F31188BFF36F8F63
:1098C000BFF34F8FFEE70025EFE70025EDE700250A
:1098D000EBE7284638BD00BFA811002094110020F6
:1098E000A4110020AC110020A01100209C11002028
:1098F000002834D038B50446A0F1080550F8043CDF
:10990000174A1268134208D14FF0500383F31188AD
:10991000BFF36F8FBFF34F8FFEE750F8081C41B1C4
:109920004FF0500383F31188BFF36F8FBFF34F8F56
:10993000FEE723EA020340F8043CFEF771FF54F807
:10994000041C084A13680B4413602846FFF71CFFE9
:10995000054A136801331360FEF7FCFF38BD7047FA
:1099600094110020A41100209811002082B000233F
:1099700001930D4B1B68B3F1FF3F08D04FF050032C
:1099800083F31188BFF36F8FBFF34F8FFEE74FF064
:10999000500383F31188BFF36F8FBFF34F8F019B89
:1099A000002BFCD002B0704700020020084800687D
:1099B000006880F308884FF0000080F3148862B6D6
:1099C00061B6BFF34F8FBFF36F8F00DF00BF0000A2
:1099D00008ED00E0DFF80C00016841F4700101605F
:1099E0007047000088ED00E04FF0807340F8043CC1
:1099F00021F0010140F8081C054B40F80C3C40F8F0
:109A0000202C6FF0020340F8243C4438704700BF1C
:109A10006D99000800000000000000000000000038
:109A2000074B19680868B0E8F04F80F30988BFF366
:109A30006F8F4FF0000080F311887047AFF3008004
:109A4000A80900204FF0500383F31188BFF36F8FF4
:109A5000BFF34F8F0B4A136801331360012B00D003
:109A600070474FF0E023D3F8043D13F0FF0FF7D019
:109A70004FF0500383F31188BFF36F8FBFF34F8F05
:109A8000FEE700BF00020020094B1B6843B94FF0FE
:109A9000500383F31188BFF36F8FBFF34F8FFEE73F
:109AA000013B034A13600BB983F31188704700BF71
:109AB0000002002000000000000000000000000084
:109AC000EFF30980BFF36F8F154B1A681EF0100F6C
:109AD00008BF20ED108A20E9F04F10602DE9090041
:109AE0004FF0500080F31188BFF34F8FBFF36F8F9B
:109AF000FFF724F84FF0000080F3118809BC1968C3
:109B00000868B0E8F04F1EF0100F08BFB0EC108AE4
:109B100080F30988BFF36F8F704700BFAFF30080F9
:109B2000A809002008B54FF0500383F31188BFF354
:109B30006F8FBFF34F8FFEF781FE28B14FF0E02308
:109B40004FF08052C3F8042D002383F3118808BD21
:109B50004FF0E022002313619361054B1B68054918
:109B6000A1FB03139B09013B53610723136170475A
:109B7000FC010020D34D62104FF0E023D3F8002DFC
:109B80003D4B9A421CD04FF0E023D3F8002D3B4BC5
:109B90009A421ED030B583B0394B1A78D2B20192B6
:109BA000FF221A701B78DBB28DF803309DF803306A
:109BB00003F05003334A1370334B07221A601BE043
:109BC0004FF0500383F31188BFF36F8FBFF34F8FB4
:109BD000FEE74FF0500383F31188BFF36F8FBFF39D
:109BE0004F8FFEE7284A1368013B13609DF803304E
:109BF0005B00DBB28DF803309DF8033013F0800F6B
:109C0000F0D1214B1B68032B08D04FF0500383F396
:109C10001188BFF36F8FBFF34F8FFEE71B021A4A05
:109C2000136003F4E0631360019BDBB2144A13700A
:109C30004FF0E024D4F8203D43F47003C4F8203DF5
:109C4000D4F8203D43F07043C4F8203DFFF780FF77
:109C500000250E4B1D60FFF7BDFED4F8343F43F0E6
:109C60004043C4F8343FFFF7A1FEFEF767FFFFF75C
:109C70007DFE284603B030BD71C20F4170C20F4156
:109C800000E400E0B84D0020B44D002000020020A8
:109C9000EFF305830F2B0FD9114A9B5CDBB2114AFE
:109CA00012789A4208D94FF0500383F31188BFF31A
:109CB0006F8FBFF34F8FFEE74FF0E023D3F80C3DDB
:109CC00003F4E063084A1268934208D94FF0500346
:109CD00083F31188BFF36F8FBFF34F8FFEE7704799
:109CE000F0E300E0B84D0020B44D002010B503466D
:109CF0000C4A0D490D48006840B10C480068034407
:109D0000521A934206D8094A136010BD0748084CFE
:109D10000460F2E7F6F748FD0C2303604FF0FF30D4
:109D2000F3E700BF0000022000040000BC4D00204B
:109D3000285000200120704708B5F6F735FD16239E
:109D400003604FF0FF3008BD08B54FF0FF31FFF75B
:109D5000F3FFFEE770B50C461646002506E0AFF3AC
:109D60000080214601F8010B01350C46B542F6DBB7
:109D7000304670BD4FF0FF3070474FF400534B60DA
:109D800000207047012070470020704786B00022F5
:109D900001921A4B196B41F080011963196B01F0A4
:109DA0008001019101990292196B41F0010119633F
:109DB000196B01F00101029102990392196B41F0B4
:109DC00002011963196B01F00201039103990492D6
:109DD000196B41F010011963196B01F01001049126
:109DE000049905921A6B42F008021A631B6B03F088
:109DF00008030593059B06B0704700BF003802407A
:109E000008B50B480B4B03600B4B4360002383608A
:109E1000C3604FF48042026143618361C3610362A6
:109E2000FCF716FE00B908BDFAF7F0FFFBE700BF2C
:109E3000C04D002000580040A086010030B589B018
:109E40000023039304930593069307930268144B2E
:109E50009A4201D009B030BD00250195114C236B09
:109E600043F002032363236B03F002030193019B7E
:109E70004FF44063039312230493032306930423B4
:109E8000079303A90848FCF771F90295236C43F482
:109E900080032364236C03F480030293029BD9E7BD
:109EA00000580040003802400004024008B50A484B
:109EB0000A4B03604FF4E133436000238360C360C7
:109EC00003610C2242618361C361FDF7C0FA00B9EE
:109ED00008BDFAF79BFFFBE7144E00200048004046
:109EE00010B588B00023039304930593069307935A
:109EF0000268194B9A4201D008B010BD00240194A9
:109F000003F5F8331A6C42F480221A641A6C02F4D6
:109F100080220192019A02941A6B42F008021A639D
:109F20001B6B03F008030293029B4FF440730393EF
:109F300002230493032306930723079303A90748E7
:109F4000FCF714F9224605212720FCF7B7FA272051
:109F5000FCF7C4FAD0E700BF00480040000C024004
:109F600010B584B04FF47A740294019300920123E7
:109F70000A4601460248FCF7FBFE40B204B010BDA1
:109F8000C04D002010B584B04FF47A740294019350
:109F9000009201230A4601460248FCF737FE40B210
:109FA00004B010BDC04D002010B50124FF2C0ED010
:109FB0004FF47A73012221460648FDF755F810B197
:109FC0000134E4B2F2E720B2034B188010BDD22076
:109FD000FCE700BFC04D00200402002010B582B095
:109FE00084B201230DF1070275212046FFF7B8FF67
:109FF000E0BB9DF80730682B3BD100238DF806307D
:10A0000001230DF106026B212046FFF7BBFF98BB31
:10A0100005238DF8063001230DF106021A21204692
:10A02000FFF7B0FF58BB07238DF8063001230DF171
:10A03000060219212046FFF7A5FF18BB00238DF863
:10A04000063001230DF106021C212046FFF79AFF7E
:10A05000D8B900238DF8063001230DF106021B212B
:10A060002046FFF78FFF98B902B010BD6FF00100D6
:10A07000FAE74FF0FF30F7E76FF00200F4E76FF018
:10A080000300F1E76FF00400EEE76FF00500EBE787
:10A090006FF00600E8E7000000B583B006236A46CB
:10A0A0003B211E480088FFF75BFF9DF800209DF8CC
:10A0B000013043EA02231BB207EE903AF8EEE76A5A
:10A0C000174AC2ED006A9DF802109DF8033043EA7A
:10A0D00001231BB207EE903AB8EEE77A82ED017ADF
:10A0E0009DF804109DF8053043EA01231BB207EEEA
:10A0F000903AF8EEE77AC2ED027A9FED0A6A66EED0
:10A10000866AC2ED006A27EE067A82ED017A67EE72
:10A11000867AC2ED027A03B05DF804FB04020020E7
:10A120005C4E00200000803800B583B006236A46EC
:10A1300043211E480088FFF713FF9DF800209DF87B
:10A14000013043EA02231BB207EE903AF8EEE76AC9
:10A15000174AC2ED036A9DF802109DF8033043EAE6
:10A1600001231BB207EE903AB8EEE77A82ED047A4B
:10A170009DF804109DF8053043EA01231BB207EE59
:10A18000903AF8EEE77AC2ED057A9FED0A6AC6EEDC
:10A19000865AC2ED035AC7EE066AC2ED046A87EE1C
:10A1A000867A82ED057A03B05DF804FB0402002094
:10A1B0005C4E00200000034310B50446816800682F
:10A1C000FBF71CFBE1686068FBF718FBA36873B939
:10A1D00023681B6800225A63E368DBB963681B6865
:10A1E00000225A6323691B685B6A238410BD042B19
:10A1F00006D0082B09D023681B6800221A64EBE7FD
:10A2000023681B6800229A63E6E723681B68002224
:10A21000DA63E1E7042B06D0082B09D063681B68DA
:10A2200000221A64DEE763681B6800229A63D9E79C
:10A2300063681B680022DA63D4E781EAE173A3EB69
:10A24000E1739BB200290FDB00295FDD8268002AE1
:10A2500039D1026812685363C368002B43D1436845
:10A260001B6800225A63704782684AB90268126804
:10A2700000215163C268B2B94268126853637047E3
:10A28000042A06D0082A09D0026812680021116445
:10A29000F0E70268126800219163EBE70268126838
:10A2A0000021D163E6E7042A05D0082A07D04268D6
:10A2B000126813647047426812689363704742687B
:10A2C0001268D3637047042A05D0082A07D00268B1
:10A2D00012681364C0E7026812689363BCE70268FF
:10A2E0001268D363B8E7042B06D0082B09D0436863
:10A2F0001B6800221A64704743681B6800229A6337
:10A30000704743681B680022DA637047836853B95B
:10A3100003681B6800225A63C368BBB943681B68A3
:10A3200000225A637047042B06D0082B09D003681B
:10A330001B6800221A64EFE703681B6800229A6317
:10A34000EAE703681B680022DA63E5E7042B06D01E
:10A35000082B09D043681B6800221A6470474368C1
:10A360001B6800229A63704743681B680022DA6307
:10A37000704708B50023836100234362836203644E
:10A38000C363836343643C210069FBF7B9FA08BDEA
:10A3900010B4024603691B685C6AA3B2018C5B1AA5
:10A3A00090F9141089B213FB01F31BB2C069184471
:10A3B000D06107EE903AF8EEE77ADFED076A87EEB4
:10A3C000A67ADFED067A67EE277AC2ED097A148461
:10A3D0005DF8044B704700BF000082440080BB451D
:10A3E000B5EE400AF1EE10FA06D1D0ED097AF5EE9D
:10A3F000407AF1EE10FA45D0D0ED097A30EE670AD6
:10A40000D0ED0B7AD0ED0F6A30EE667A67EE877A80
:10A4100090ED0C7A27EE007A77EE877A90ED0D6A50
:10A4200036EEA67A30EE477AD0ED105A37EE257A1E
:10A4300026EE077A77EE877A90ED117A77EE277A13
:10A44000C0ED117AC0ED106A80ED0F0A9FED117A10
:10A45000F4EEC77AF1EE10FA01DD80ED117A90ED9D
:10A46000117ADFED0D7AB4EEE77AF1EE10FA01D54C
:10A47000C0ED117AD0ED117AFDEEE77A17EE903A41
:10A4800018B2704700234364C363036483630020EE
:10A49000704700BF00806D4400806DC470B50446F5
:10A4A0000D4616464FF0FF310B4B1868FFF781F849
:10A4B000012C09D0102C0AD1082E08D12A68074B8C
:10A4C0009A606A68DA6002E02A78044B1A70024BDC
:10A4D0001868FFF79DF870BD00040020C801002037
:10A4E0002DE9F04192B000252E462F46A8462C4675
:10A4F0001DE0002502241AE0052418E000260424AB
:10A5000015E01E46052412E09DF84730AA2B0ED117
:10A5100001240CE09DF84730552BEAD0AA2B06D039
:10A52000002404E09DF847804544EDB203244FF039
:10A53000FF320DF14701204B1868FDF750FD01284F
:10A54000F5D1052CF3D801A353F824F009A5000890
:10A5500015A5000825A5000865A5000879A500082F
:10A5600099A500089DF847703D44EDB2002FC3D077
:10A57000402FC3D90024DAE7731CDBB29DF84720D3
:10A5800006F148010DEB010606F8442C2A44D5B229
:10A590009F42B6D01E46CAE79DF84730AB4204D072
:10A5A0000648F5F7C1FE0024C1E73A4601A9404636
:10A5B000FFF774FF0024BAE7040400206CB700081A
:10A5C00030B52DED048B83B0012243494348FDF79C
:10A5D000CAF9FFF7E9FCFFF701FDC820FEF792FF7B
:10A5E00000249FED3F8AF0EE488AB0EE489A12E0D0
:10A5F000FFF79AFD3B4BD3ED037A39EE279AD3ED63
:10A60000047A78EEA78AD3ED057A38EE278A0220FD
:10A61000FEF778FF0134B4F5967FE9DBDFED327A9F
:10A62000C9EE279A88EEA79AC8EE278A02E020464C
:10A63000FEF768FF2D4B5C68042C00D805242B4BDB
:10A640001B78012BF3D11C20FFF7D0F8054600281A
:10A65000EDD0FFF721FDFFF767FD224BD3ED036A35
:10A6600076EEE96A93ED047A37EE497AD3ED057A0E
:10A6700077EEE87A9FED1E6A66EE866AC5ED036A9C
:10A6800027EE067A85ED047A67EE867AC5ED057ABF
:10A69000D3ED007A9FED177A67EE877AC5ED007AE1
:10A6A000D3ED017A67EE877AC5ED017AD3ED027AB0
:10A6B00067EE877AC5ED027A00228DF800200195B9
:10A6C000134669460C480068FDF718FB0128AED018
:10A6D0002846FFF70DF9AAE7FC030020144E0020DE
:10A6E000000000005C4E002000009643C8010020DE
:10A6F00035FA8E3C0AE81C410804002070B500249D
:10A700002646092C13DC174800F0C0FC20BB4FF490
:10A710007A71144800F07CFD08BB124D284600F009
:10A72000D3FD0644284600F053FD0134E9E70E4B03
:10A73000A3FB0636F60807EE906AF8EE677A9FEDFF
:10A740000B7A87EE870ADFED0A7A20EE270AF2EE0F
:10A75000067A20EE270A70BD9FED060AFBE79FED03
:10A76000050AF8E7E04F0020CDCCCCCC00F07F45C7
:10A7700033335340000000002DE9F0412DED028BF2
:10A7800084B0504D2846FFF717FD4F4C2046FFF789
:10A7900013FD2846FFF7EDFD2046FFF7EAFDFEF723
:10A7A00047F803904FF00008002559E0FFF7A6FF97
:10A7B00010EE108A4FF0FF312068FEF7FAFE434B8F
:10A7C000C3F828802068FEF723FF002560E0B0EE84
:10A7D000480A3C48FFF704FE0446B0EE680A3A48CF
:10A7E000FFF7FEFD0746374E21463046FFF725FDB1
:10A7F000354C39462046FFF720FD354F4FF0FF31ED
:10A800003868FEF7D6FEF269304B1A61E2695A6188
:10A81000726A1A62626A5A623868FEF7F9FE142098
:10A82000FEF7E4FF0446B8B1736A0360264B596A29
:10A830004160F2698260DB69C360C0F81080012367
:10A840008DF80430029000231A4601A921480068BF
:10A85000FDF754FA012831D10A2103A8FEF7F6F8D2
:10A860001B4C4FF0FF312068FEF7A3FE174B93ED12
:10A87000028AD3ED038A2068FEF7CAFE1148FFF76B
:10A8800087FD1148FFF784FD0135EDB2042D8DD809
:10A89000B5EE408AF1EE10FA99D1F5EE408AF1EE6C
:10A8A00010FA94D1074A00235364D3631364064A11
:10A8B0005364D363136400273C4694E72046FFF7B4
:10A8C00017F8C9E75002002008020020C801002044
:10A8D000000400200804002084460023184604E0F9
:10A8E0001CF803201044C0B201339942F8DC7047D1
:10A8F00030B593B028E0119B10228DF8022018216A
:10A900008DF803101A6801925A6802929A680392AD
:10A91000DA6804921A6905925B6906934D1D0C1D55
:10A9200002310DF10200FFF7D7FF04F148030DEBF0
:10A93000030404F8480C0A232A4669461648FCF723
:10A94000B6FD1198FEF7D4FF4FF0FF3210A9134B5C
:10A950001868FDF744FB0128F6D1AA238DF80030D2
:10A9600055238DF801309DF84030002BC3D0012BCA
:10A97000E7D1119B20228DF8022014218DF80310BD
:10A980009A680192DA6802921A6803925A680492ED
:10A990001B690593C2E700BF144E00200804002085
:10A9A00000B58DB02422002103A8F5F7D7FD0023C0
:10A9B000019302931148124A0260436083604FF68C
:10A9C000FF72C26003618361032303930123059334
:10A9D000099303A9FAF704FE50B9002301930293E7
:10A9E00001A90648FAF7F2FF28B90DB05DF804FB9B
:10A9F000FAF70CFAF1E7FAF709FAF6E7504F0020F8
:10AA00000004004000B58DB02422002103A8F5F712
:10AA1000A5FD0023019302931148124A026043608E
:10AA200083604FF6FF72C260036183610323039367
:10AA300001230593099303A9FAF7D2FD50B9002326
:10AA40000193029301A90648FAF7C0FF28B90DB097
:10AA50005DF804FBFAF7DAF9F1E7FAF7D7F9F6E768
:10AA6000084F0020000C00400268094B9A4200D0B9
:10AA7000704782B000230193064B5A6C42F00102EA
:10AA80005A645B6C03F001030193019B02B07047B1
:10AA9000000001400038024000B58BB00023059350
:10AAA00006930793089309930368244A934205D0B9
:10AAB000234A934222D00BB05DF804FB00210191A0
:10AAC000204B1A6C42F002021A641A6C02F0020265
:10AAD0000192019A02911A6B42F002021A631B6BF7
:10AAE00003F002030293029B302305930223069393
:10AAF000099305A91448FBF739FBDCE70021039112
:10AB0000104B1A6C42F008021A641A6C02F0080228
:10AB10000392039A04911A6B42F001021A631B6BB1
:10AB200003F001030493049B03230593022306937C
:10AB3000099305A90548FBF719FBBCE70004004091
:10AB4000000C0040003802400004024000000240B7
:10AB500082B00368104A934204D0104A93420ED048
:10AB600002B07047002300930D4B5A6C42F4003240
:10AB70005A645B6C03F400330093009BF0E70023FE
:10AB80000193074B5A6C42F480225A645B6C03F4C5
:10AB900080230193019BE3E700440140004801400A
:10ABA0000038024000B589B0002303930493059355
:10ABB0000693079303682A4A934208D0294A93428E
:10ABC0001DD0294A934232D009B05DF804FB00231E
:10ABD0000093264B1A6B42F010021A631B6B03F0B2
:10ABE00010030093009B4FF4C0430393022304938C
:10ABF0000123079303A91E48FBF7B8FAE4E70023F3
:10AC000001931A4B1A6B42F002021A631B6B03F09A
:10AC100002030193019B4FF4807303930223049377
:10AC20000323079303A91348FBF7A0FACCE70023FB
:10AC300002930E4B1A6B42F002021A631B6B03F075
:10AC400002030293029B4FF40073039302230493C5
:10AC50000323079303A90748FBF788FAB4E700BF6B
:10AC6000000001400044014000480140003802401B
:10AC7000001002400004024010B592B0002410946D
:10AC8000119409940A940B940C940D940E940F94BF
:10AC90002022214601A8F5F761FC2848284B0360D3
:10ACA00009234360846040F2E733C3600461446178
:10ACB0008461FAF769FC002831D1002310931193C5
:10ACC00010A91E48FAF782FE00282BD160230993B1
:10ACD00000230A930B930C930D930E930F9308226A
:10ACE00009A91648FAF70CFDF8B90C2209A913486E
:10ACF000FAF706FDE0B9002301930293039304934E
:10AD000005934FF400520692089301A90B48FAF7F5
:10AD1000A3FE80B90948FFF745FF12B010BDFAF74E
:10AD200075F8CAE7FAF772F8D0E7FAF76FF8DCE7D8
:10AD3000FAF76CF8DFE7FAF769F8EBE7984F0020CD
:10AD40000000014000B589B00023019302930393F2
:10AD500004930593069307931548164A0260092247
:10AD60004260836040F2E732C26003618361FAF7B8
:10AD7000DFFBA0B90E48FAF707FC98B960230193EE
:10AD8000002202920392059201A90948FAF7B8FC41
:10AD900058B90748FFF706FF09B05DF804FBFAF75A
:10ADA00035F8E7E7FAF732F8E8E7FAF72FF8F0E7CF
:10ADB000C04E00200044014000B589B0002301933B
:10ADC0000293039304930593069307931548164A39
:10ADD000026009224260836040F2E732C260036190
:10ADE0008361FAF7A5FBA0B90E48FAF7CDFB98B935
:10ADF00060230193002202920392059201A909485F
:10AE0000FAF77EFC58B90748FFF7CCFE09B05DF8A9
:10AE100004FBF9F7FBFFE7E7F9F7F8FFE8E7F9F7D5
:10AE2000F5FFF0E7784E00200048014000B585B0FE
:10AE3000002300930193029303931448144A026081
:10AE4000436083600361037680F82030C362114A57
:10AE50008262C3600122C26180F83030426100F03A
:10AE6000E9F868B9082300930123019300230293B2
:10AE70006946064800F02CFA28B905B05DF804FBD5
:10AE8000F9F7C4FFEEE7F9F7C1FFF6E7E04F00205E
:10AE9000002001400100000F00B589B0002303939A
:10AEA0000493059306930793026803F1804303F527
:10AEB00090339A4202D009B05DF804FB0021019161
:10AEC00003F58C335A6C42F480725A645A6C02F463
:10AED00080720192019A02911A6B42F002021A6387
:10AEE0001B6B03F002030293029B012303930323D2
:10AEF000049303A90148FBF739F9DCE70004024099
:10AF00004A4B5A6822F440325A605A6841680A43F0
:10AF10005A600268536823F4807353600268536870
:10AF2000016943EA012353600268536823F04073C8
:10AF300053600268536881680B43536002689368EA
:10AF400023F40063936002689368C1680B439360C5
:10AF5000826A374B9A4257D00268936823F0706335
:10AF6000936002689368816A0B43936002689368F8
:10AF700023F04053936002689368C16A0B43936067
:10AF80000268936823F00203936002689368017E6D
:10AF900043EA4103936090F82030002B3FD00268D1
:10AFA000536843F4006353600268536823F46043BA
:10AFB000536001684B68426A013A43EA42334B608E
:10AFC0000268D36A23F47003D3620168CB6AC26952
:10AFD000013A43EA0253CB620268936823F4007398
:10AFE00093600268936890F8301043EA41239360BD
:10AFF0000268936823F480639360026893684169F0
:10B0000043EA8123936070470268936823F070637A
:10B0100093600268936823F040539360B0E702683E
:10B02000536823F400635360CAE700BF0023014064
:10B030000100000F38B310B50446036C43B1236C14
:10B0400013F0100F0BD00120002384F83C3010BD0A
:10B05000FFF722FF0023636484F83C30EFE7236CA2
:10B0600023F4885323F0020343F0020323642046B1
:10B07000FFF746FF00206064236C23F0030343F0D6
:10B0800001032364E0E701207047000082B0002341
:10B09000019390F83C30012B00F08980012380F867
:10B0A0003C3003689A6812F0010F13D19A6842F09D
:10B0B00001029A60414B1B68414AA2FB03239B0C8F
:10B0C00003EB4303019302E0019B013B0193019BCE
:10B0D000002BF9D10268936813F0010F5CD0036C68
:10B0E00023F4E06323F0010343F4807303645368A3
:10B0F00013F4806F05D0036C23F4405343F4805362
:10B100000364036C13F4805F1BD0436C23F00603CD
:10B110004364002380F83C306FF022031360294B16
:10B120005B6813F01F0F27D10368274A934211D0A1
:10B1300002F58072934207D0244A934214D0002033
:10B1400033E000234364E4E702F50072526812F032
:10B150001F0FF1D19A6812F0405F2AD19A6842F02D
:10B1600080429A60002020E002F58072526812F05E
:10B17000100FEFD0002018E00368134A934201D06B
:10B18000002012E09A6812F0405F14D19A6842F0F1
:10B1900080429A60002008E0036C43F010030364CF
:10B1A000436C43F001034364002002B07047022067
:10B1B000FBE70020F9E70020F7E700BFFC010020D3
:10B1C00083DE1B4300230140002001400022014098
:10B1D00090F83C30012B19D0012380F83C300268F4
:10B1E000936823F00103936003689B6813F0010FD9
:10B1F00007D1036C23F4885323F0010343F00103C8
:10B200000364002380F83C301846704702207047E2
:10B2100070B504460D4603689A6812F4806F03D037
:10B220009B6813F4807F19D1FBF782F906462368E7
:10B230001A6812F0020F20D1B5F1FF3FF7D0B5B96F
:10B2400023681B6813F0020FF1D1236C43F0040351
:10B250002364002384F83C30032032E0036C43F085
:10B2600020030364002380F83C30012029E0FBF731
:10B270005FF9801BA842DAD9E2E76FF012021A6088
:10B28000236C43F40073236423689A6812F0405FD0
:10B2900016D1207EB0B9DA6A12F4700F03D09B6821
:10B2A00013F4806F0DD1236C23F480732364236C1B
:10B2B00013F4805F05D1236C43F00103236400E0A5
:10B2C000002070BD0020FCE70368D86C70470000C8
:10B2D00030B482B00022019290F83C20012A00F0A4
:10B2E000B6800346012280F83C200A68092A40D92A
:10B2F0000468E06892B202EB42021E3A4FF0070C7B
:10B300000CFA02F220EA0202E2601C68E0680A8895
:10B3100002EB42021E3A8D6805FA02F20243E26035
:10B320004A68062A3CD81C68606B02EB8202053A28
:10B330004FF01F0C0CFA02F220EA020262631C6852
:10B34000606B4A6802EB8202053AB1F800C00CFA61
:10B3500002F20243626318683E4A904250D0186875
:10B360003C4A904255D0002083F83C0002B030BCEB
:10B3700070470468206992B202EB42024FF0070C5A
:10B380000CFA02F220EA020222611C6820690A8893
:10B3900002EB42028D6805FA02F202432261BFE726
:10B3A0000C2A16D81D68286B02EB8202233A1F2450
:10B3B00004FA02F220EA02022A631D68286B4A6836
:10B3C00002EB8202233A0C8804FA02F202432A6357
:10B3D000C1E71D68E86A02EB8202413A1F2404FAC1
:10B3E00002F220EA0202EA621D68E86A4A6802EB99
:10B3F0008202413A0C8804FA02F20243EA62AAE7A6
:10B400000A68122AABD11448426842F480024260B2
:10B41000A5E70A68103A012AA5D80F48426842F405
:10B42000000242600A68102A9DD10C4A12680C4939
:10B43000A1FB0212920C02EB82025200019202E086
:10B44000019A013A0192019A002AF9D18BE7022070
:10B450008CE700BF0020014000230140FC010020D8
:10B4600083DE1B43DFF834D0FCF790FA0C480D491B
:10B470000D4A002302E0D458C4500433C4188C424F
:10B48000F9D30A4A0A4C002301E013600432A242B5
:10B49000FBD3F4F7D9FEF9F70BFD7047000002204B
:10B4A0000000002098020020D4B900089802002073
:10B4B00028500020FEE70000F8B500BFF8BC08BC2B
:10B4C0009E467047F8B500BFF8BC08BC9E46704762
:10B4D00005000000190000007D00000000000000D1
:10B4E000000000000000F03F0000000000002440C9
:10B4F00000000000000059400000000000408F40A4
:10B50000000000000088C34000000000006AF8400E
:10B510000000000080842E4100000000D012634132
:10B520000000000084D797410000000065CDCD41A8
:10B53000000000205FA00242000000E87648374289
:10B54000000000A2941A6D42000040E59C30A24227
:10B550000000901EC4BCD64200003426F56B0C439C
:10B560000080E03779C3414300A0D8855734764343
:10B5700000C84E676DC1AB43003D9160E458E143A4
:10B58000408CB5781DAF154450EFE2D6E41A4B4419
:10B5900092D54D06CFF08044F64AE1C7022DB5445E
:10B5A000B49DD9794378EA44BC89D897B2D29C3CFF
:10B5B00033A7A8D523F649393DA7F444FD0FA5329A
:10B5C0009D978CCF08BA5B25436FAC642806C80AE8
:10B5D0000080E03779C34143176E05B5B5B893468F
:10B5E000F5F93FE9034F384D321D30F94877825A5B
:10B5F0003CBF737FDD4F15750020202020202020C8
:10B600002020282828282820202020202020202012
:10B610002020202020202020208810101010101022
:10B62000101010101010101010040404040404046E
:10B630000404041010101010101041414141414108
:10B6400001010101010101010101010101010101EA
:10B6500001010101101010101010424242424242FA
:10B6600002020202020202020202020202020202BA
:10B670000202020210101010200000000000000062
:10B6800000000000000000000000000000000000BA
:10B6900000000000000000000000000000000000AA
:10B6A000000000000000000000000000000000009A
:10B6B000000000000000000000000000000000008A
:10B6C000000000000000000000000000000000007A
:10B6D000000000000000000000000000000000006A
:10B6E000000000000000000000000000000000005A
:10B6F000000000000000000000000000726F626F98
:10B70000744D757465780000636D64517565756579
:10B71000000000006461746151756575650000008A
:10B72000626174747279745461736B006D6F746FBD
:10B73000725461736B000000636D645461736B003D
:10B7400075736172745461736B000000696D755498
:10B7500061736B0049444C4500000000546D725108
:10B7600000000000546D7220537663004572726FC2
:10B77000723A20435243204661696C6564210D0092
:10B78000494E4600696E66004E414E006E616E0085
:10B7900030000000496E66696E697479000000002F
:10B7A0004E614E005245454E54206D616C6C6F6386
:10B7B0002073756363656564656400002E2E2F2E0B
:10B7C0002E2F2E2E2F2E2E2F2E2E2F2E2E2F6E651D
:10B7D000776C69622F6C6962632F7374646C696241
:10B7E0002F64746F612E630042616C6C6F63207311
:10B7F0007563636565646564000000003031323351
:10B80000343536373839414243444546000000005C
:10B8100030313233343536373839616263646566C6
:10B82000000000002C2066756E6374696F6E3A200C
:10B8300000000000617373657274696F6E202225C9
:10B840007322206661696C65643A2066696C6520C4
:10B85000222573222C206C696E65202564257325B2
:10B86000730A00002E2E2F2E2E2F2E2E2F2E2E2F2F
:10B870002E2E2F2E2E2F6E65776C69622F6C6962CB
:10B88000632F7374646C69622F6D707265632E63CD
:10B890000000000043000000504F534958000000D2
:10B8A0002E000000232D302B20000000686C4C007F
:10B8B0006566674546470000FCB6000800000000CA
:10B8C000000000000000000008B7000800000000B1
:10B8D0000000000000000000000000000000000068
:10B8E00014B7000800000000000000000000000085
:10B8F000000000000000000020B700080000000069
:10B900000000000000000000000000000002000035
:10B910000800000000000000000000002CB7000834
:10B920000000000000000000000000000000000017
:10B9300000100000300000000000000000000000C7
:10B9400038B7000800000000000000000000000000
:10B950000000000060090000180000000000000066
:10B960000000000040B700080000000000000000D8
:10B970000000000000000000600900000800000056
:10B9800000000000000000004CB7000800000000AC
:10B99000000000000000000000000000600900003E
:10B9A0002000000000000000000000000000000077
:10B9B0000102030400000000000000000102030473
:04B9C0000607080965
:08B9C4008C67FF7F0100000009
:04B9CC002902000844
:04B9D0000102000868
:10B9D4000000000003000000B4020020100000205A
:10B9E40000000000B40200201C0300208403002097
:10B9F4000000000000000000000000000000000043
:10BA04000000000000000000000000000000000032
:10BA14000000000000000000000000000000000022
:10BA240000000000000000000000000043000000CF
:10BA34000000000000000000000000000000000002
:10BA440000000000000000000000000043000000AF
:10BA540000000000000000000000000000000000E2
:10BA6400000000000000000000000000430000008F
:10BA740000000000000000000000000000000000C2
:10BA8400000000000000000000000000430000006F
:10BA940000000000000000000000000000000000A2
:10BAA400000000000000000000000000430000004F
:10BAB4000000000000000000000000000000000082
:10BAC400000000000000000000000000430000002F
:10BAD4000000000000000000000000000000000062
:10BAE400000000000000000000000000430000000F
:10BAF4000000000000000000000000000000000042
:10BB0400000000000000000000000000D53500081F
:10BB1400AD3D000800000000F8B50008A0B800081A
:10BB240030B8000830B8000830B8000830B8000851
:10BB340030B8000830B8000830B8000830B8000841
:10BB440030B80008FFFFFFFFFFFFFFFFFFFFFFFF0D
:10BB5400FFFF000001004153434949000000000079
:10BB640000000000000000000000000000000000D1
:10BB74000000000000004153434949000000000058
:10BB840000000000000000000000000000000000B1
:10BB9400000000000000000001000000140000008C
:10BBA4000000000000000000000000000000000091
:10BBB4000000000000000000000000000000000081
:10BBC4000000000001000000100000000024F40048
:10BBD400AAAAAAAA68000000984F0020984F002043
:10BBE400080000000C000000084F002001000000C5
:10BBF4000000000000000000000000000000000041
:10BC0400000000000000A040CDCC4C3DCDCCCC3D8C
:10BC14000000000000000000000000000000000020
:10BC2400C04E0020784E00200000000000000000FC
:10BC3400504F002001000000000000000000000040
:10BC44000000000000000000000000000000A04010
:10BC5400CDCC4C3DCDCCCC3D00000000000000001C
:08BC64000000000000000000D8
:040000050800B465D6
:00000001FF
