ARM GAS  /tmp/ccigZTgq.s 			page 1


   1              		.cpu cortex-m4
   2              		.arch armv7e-m
   3              		.fpu fpv4-sp-d16
   4              		.eabi_attribute 27, 1
   5              		.eabi_attribute 28, 1
   6              		.eabi_attribute 20, 1
   7              		.eabi_attribute 21, 1
   8              		.eabi_attribute 23, 3
   9              		.eabi_attribute 24, 1
  10              		.eabi_attribute 25, 1
  11              		.eabi_attribute 26, 1
  12              		.eabi_attribute 30, 1
  13              		.eabi_attribute 34, 1
  14              		.eabi_attribute 18, 4
  15              		.file	"tim.c"
  16              		.text
  17              	.Ltext0:
  18              		.cfi_sections	.debug_frame
  19              		.file 1 "Core/Src/tim.c"
  20              		.section	.text.MX_TIM3_Init,"ax",%progbits
  21              		.align	1
  22              		.global	MX_TIM3_Init
  23              		.syntax unified
  24              		.thumb
  25              		.thumb_func
  27              	MX_TIM3_Init:
  28              	.LFB240:
   1:Core/Src/tim.c **** /* USER CODE BEGIN Header */
   2:Core/Src/tim.c **** /**
   3:Core/Src/tim.c ****   ******************************************************************************
   4:Core/Src/tim.c ****   * @file    tim.c
   5:Core/Src/tim.c ****   * @brief   This file provides code for the configuration
   6:Core/Src/tim.c ****   *          of the TIM instances.
   7:Core/Src/tim.c ****   ******************************************************************************
   8:Core/Src/tim.c ****   * @attention
   9:Core/Src/tim.c ****   *
  10:Core/Src/tim.c ****   * Copyright (c) 2025 STMicroelectronics.
  11:Core/Src/tim.c ****   * All rights reserved.
  12:Core/Src/tim.c ****   *
  13:Core/Src/tim.c ****   * This software is licensed under terms that can be found in the LICENSE file
  14:Core/Src/tim.c ****   * in the root directory of this software component.
  15:Core/Src/tim.c ****   * If no LICENSE file comes with this software, it is provided AS-IS.
  16:Core/Src/tim.c ****   *
  17:Core/Src/tim.c ****   ******************************************************************************
  18:Core/Src/tim.c ****   */
  19:Core/Src/tim.c **** /* USER CODE END Header */
  20:Core/Src/tim.c **** /* Includes ------------------------------------------------------------------*/
  21:Core/Src/tim.c **** #include "tim.h"
  22:Core/Src/tim.c **** 
  23:Core/Src/tim.c **** /* USER CODE BEGIN 0 */
  24:Core/Src/tim.c **** 
  25:Core/Src/tim.c **** /* USER CODE END 0 */
  26:Core/Src/tim.c **** 
  27:Core/Src/tim.c **** TIM_HandleTypeDef htim1;
  28:Core/Src/tim.c **** TIM_HandleTypeDef htim3;
  29:Core/Src/tim.c **** TIM_HandleTypeDef htim5;
  30:Core/Src/tim.c **** TIM_HandleTypeDef htim10;
ARM GAS  /tmp/ccigZTgq.s 			page 2


  31:Core/Src/tim.c **** TIM_HandleTypeDef htim11;
  32:Core/Src/tim.c **** 
  33:Core/Src/tim.c **** /* TIM1 init function */
  34:Core/Src/tim.c **** void MX_TIM1_Init(void)
  35:Core/Src/tim.c **** {
  36:Core/Src/tim.c **** 
  37:Core/Src/tim.c ****   /* USER CODE BEGIN TIM1_Init 0 */
  38:Core/Src/tim.c **** 
  39:Core/Src/tim.c ****   /* USER CODE END TIM1_Init 0 */
  40:Core/Src/tim.c **** 
  41:Core/Src/tim.c ****   TIM_MasterConfigTypeDef sMasterConfig = {0};
  42:Core/Src/tim.c ****   TIM_OC_InitTypeDef sConfigOC = {0};
  43:Core/Src/tim.c ****   TIM_BreakDeadTimeConfigTypeDef sBreakDeadTimeConfig = {0};
  44:Core/Src/tim.c **** 
  45:Core/Src/tim.c ****   /* USER CODE BEGIN TIM1_Init 1 */
  46:Core/Src/tim.c **** 
  47:Core/Src/tim.c ****   /* USER CODE END TIM1_Init 1 */
  48:Core/Src/tim.c ****   htim1.Instance = TIM1;
  49:Core/Src/tim.c ****   htim1.Init.Prescaler = 9;
  50:Core/Src/tim.c ****   htim1.Init.CounterMode = TIM_COUNTERMODE_UP;
  51:Core/Src/tim.c ****   htim1.Init.Period = 999;
  52:Core/Src/tim.c ****   htim1.Init.ClockDivision = TIM_CLOCKDIVISION_DIV1;
  53:Core/Src/tim.c ****   htim1.Init.RepetitionCounter = 0;
  54:Core/Src/tim.c ****   htim1.Init.AutoReloadPreload = TIM_AUTORELOAD_PRELOAD_DISABLE;
  55:Core/Src/tim.c ****   if (HAL_TIM_PWM_Init(&htim1) != HAL_OK)
  56:Core/Src/tim.c ****   {
  57:Core/Src/tim.c ****     Error_Handler();
  58:Core/Src/tim.c ****   }
  59:Core/Src/tim.c ****   sMasterConfig.MasterOutputTrigger = TIM_TRGO_RESET;
  60:Core/Src/tim.c ****   sMasterConfig.MasterSlaveMode = TIM_MASTERSLAVEMODE_DISABLE;
  61:Core/Src/tim.c ****   if (HAL_TIMEx_MasterConfigSynchronization(&htim1, &sMasterConfig) != HAL_OK)
  62:Core/Src/tim.c ****   {
  63:Core/Src/tim.c ****     Error_Handler();
  64:Core/Src/tim.c ****   }
  65:Core/Src/tim.c ****   sConfigOC.OCMode = TIM_OCMODE_PWM1;
  66:Core/Src/tim.c ****   sConfigOC.Pulse = 0;
  67:Core/Src/tim.c ****   sConfigOC.OCPolarity = TIM_OCPOLARITY_HIGH;
  68:Core/Src/tim.c ****   sConfigOC.OCNPolarity = TIM_OCNPOLARITY_HIGH;
  69:Core/Src/tim.c ****   sConfigOC.OCFastMode = TIM_OCFAST_DISABLE;
  70:Core/Src/tim.c ****   sConfigOC.OCIdleState = TIM_OCIDLESTATE_RESET;
  71:Core/Src/tim.c ****   sConfigOC.OCNIdleState = TIM_OCNIDLESTATE_RESET;
  72:Core/Src/tim.c ****   if (HAL_TIM_PWM_ConfigChannel(&htim1, &sConfigOC, TIM_CHANNEL_3) != HAL_OK)
  73:Core/Src/tim.c ****   {
  74:Core/Src/tim.c ****     Error_Handler();
  75:Core/Src/tim.c ****   }
  76:Core/Src/tim.c ****   if (HAL_TIM_PWM_ConfigChannel(&htim1, &sConfigOC, TIM_CHANNEL_4) != HAL_OK)
  77:Core/Src/tim.c ****   {
  78:Core/Src/tim.c ****     Error_Handler();
  79:Core/Src/tim.c ****   }
  80:Core/Src/tim.c ****   sBreakDeadTimeConfig.OffStateRunMode = TIM_OSSR_DISABLE;
  81:Core/Src/tim.c ****   sBreakDeadTimeConfig.OffStateIDLEMode = TIM_OSSI_DISABLE;
  82:Core/Src/tim.c ****   sBreakDeadTimeConfig.LockLevel = TIM_LOCKLEVEL_OFF;
  83:Core/Src/tim.c ****   sBreakDeadTimeConfig.DeadTime = 0;
  84:Core/Src/tim.c ****   sBreakDeadTimeConfig.BreakState = TIM_BREAK_DISABLE;
  85:Core/Src/tim.c ****   sBreakDeadTimeConfig.BreakPolarity = TIM_BREAKPOLARITY_HIGH;
  86:Core/Src/tim.c ****   sBreakDeadTimeConfig.AutomaticOutput = TIM_AUTOMATICOUTPUT_DISABLE;
  87:Core/Src/tim.c ****   if (HAL_TIMEx_ConfigBreakDeadTime(&htim1, &sBreakDeadTimeConfig) != HAL_OK)
ARM GAS  /tmp/ccigZTgq.s 			page 3


  88:Core/Src/tim.c ****   {
  89:Core/Src/tim.c ****     Error_Handler();
  90:Core/Src/tim.c ****   }
  91:Core/Src/tim.c ****   /* USER CODE BEGIN TIM1_Init 2 */
  92:Core/Src/tim.c **** 
  93:Core/Src/tim.c ****   /* USER CODE END TIM1_Init 2 */
  94:Core/Src/tim.c ****   HAL_TIM_MspPostInit(&htim1);
  95:Core/Src/tim.c **** 
  96:Core/Src/tim.c **** }
  97:Core/Src/tim.c **** /* TIM3 init function */
  98:Core/Src/tim.c **** void MX_TIM3_Init(void)
  99:Core/Src/tim.c **** {
  29              		.loc 1 99 1 view -0
  30              		.cfi_startproc
  31              		@ args = 0, pretend = 0, frame = 48
  32              		@ frame_needed = 0, uses_anonymous_args = 0
  33 0000 00B5     		push	{lr}
  34              	.LCFI0:
  35              		.cfi_def_cfa_offset 4
  36              		.cfi_offset 14, -4
  37 0002 8DB0     		sub	sp, sp, #52
  38              	.LCFI1:
  39              		.cfi_def_cfa_offset 56
 100:Core/Src/tim.c **** 
 101:Core/Src/tim.c ****   /* USER CODE BEGIN TIM3_Init 0 */
 102:Core/Src/tim.c **** 
 103:Core/Src/tim.c ****   /* USER CODE END TIM3_Init 0 */
 104:Core/Src/tim.c **** 
 105:Core/Src/tim.c ****   TIM_Encoder_InitTypeDef sConfig = {0};
  40              		.loc 1 105 3 view .LVU1
  41              		.loc 1 105 27 is_stmt 0 view .LVU2
  42 0004 2422     		movs	r2, #36
  43 0006 0021     		movs	r1, #0
  44 0008 03A8     		add	r0, sp, #12
  45 000a FFF7FEFF 		bl	memset
  46              	.LVL0:
 106:Core/Src/tim.c ****   TIM_MasterConfigTypeDef sMasterConfig = {0};
  47              		.loc 1 106 3 is_stmt 1 view .LVU3
  48              		.loc 1 106 27 is_stmt 0 view .LVU4
  49 000e 0023     		movs	r3, #0
  50 0010 0193     		str	r3, [sp, #4]
  51 0012 0293     		str	r3, [sp, #8]
 107:Core/Src/tim.c **** 
 108:Core/Src/tim.c ****   /* USER CODE BEGIN TIM3_Init 1 */
 109:Core/Src/tim.c **** 
 110:Core/Src/tim.c ****   /* USER CODE END TIM3_Init 1 */
 111:Core/Src/tim.c ****   htim3.Instance = TIM3;
  52              		.loc 1 111 3 is_stmt 1 view .LVU5
  53              		.loc 1 111 18 is_stmt 0 view .LVU6
  54 0014 1148     		ldr	r0, .L7
  55 0016 124A     		ldr	r2, .L7+4
  56 0018 0260     		str	r2, [r0]
 112:Core/Src/tim.c ****   htim3.Init.Prescaler = 0;
  57              		.loc 1 112 3 is_stmt 1 view .LVU7
  58              		.loc 1 112 24 is_stmt 0 view .LVU8
  59 001a 4360     		str	r3, [r0, #4]
 113:Core/Src/tim.c ****   htim3.Init.CounterMode = TIM_COUNTERMODE_UP;
ARM GAS  /tmp/ccigZTgq.s 			page 4


  60              		.loc 1 113 3 is_stmt 1 view .LVU9
  61              		.loc 1 113 26 is_stmt 0 view .LVU10
  62 001c 8360     		str	r3, [r0, #8]
 114:Core/Src/tim.c ****   htim3.Init.Period = 65535;
  63              		.loc 1 114 3 is_stmt 1 view .LVU11
  64              		.loc 1 114 21 is_stmt 0 view .LVU12
  65 001e 4FF6FF72 		movw	r2, #65535
  66 0022 C260     		str	r2, [r0, #12]
 115:Core/Src/tim.c ****   htim3.Init.ClockDivision = TIM_CLOCKDIVISION_DIV1;
  67              		.loc 1 115 3 is_stmt 1 view .LVU13
  68              		.loc 1 115 28 is_stmt 0 view .LVU14
  69 0024 0361     		str	r3, [r0, #16]
 116:Core/Src/tim.c ****   htim3.Init.AutoReloadPreload = TIM_AUTORELOAD_PRELOAD_DISABLE;
  70              		.loc 1 116 3 is_stmt 1 view .LVU15
  71              		.loc 1 116 32 is_stmt 0 view .LVU16
  72 0026 8361     		str	r3, [r0, #24]
 117:Core/Src/tim.c ****   sConfig.EncoderMode = TIM_ENCODERMODE_TI12;
  73              		.loc 1 117 3 is_stmt 1 view .LVU17
  74              		.loc 1 117 23 is_stmt 0 view .LVU18
  75 0028 0323     		movs	r3, #3
  76 002a 0393     		str	r3, [sp, #12]
 118:Core/Src/tim.c ****   sConfig.IC1Polarity = TIM_ICPOLARITY_RISING;
  77              		.loc 1 118 3 is_stmt 1 view .LVU19
 119:Core/Src/tim.c ****   sConfig.IC1Selection = TIM_ICSELECTION_DIRECTTI;
  78              		.loc 1 119 3 view .LVU20
  79              		.loc 1 119 24 is_stmt 0 view .LVU21
  80 002c 0123     		movs	r3, #1
  81 002e 0593     		str	r3, [sp, #20]
 120:Core/Src/tim.c ****   sConfig.IC1Prescaler = TIM_ICPSC_DIV1;
  82              		.loc 1 120 3 is_stmt 1 view .LVU22
 121:Core/Src/tim.c ****   sConfig.IC1Filter = 0;
  83              		.loc 1 121 3 view .LVU23
 122:Core/Src/tim.c ****   sConfig.IC2Polarity = TIM_ICPOLARITY_RISING;
  84              		.loc 1 122 3 view .LVU24
 123:Core/Src/tim.c ****   sConfig.IC2Selection = TIM_ICSELECTION_DIRECTTI;
  85              		.loc 1 123 3 view .LVU25
  86              		.loc 1 123 24 is_stmt 0 view .LVU26
  87 0030 0993     		str	r3, [sp, #36]
 124:Core/Src/tim.c ****   sConfig.IC2Prescaler = TIM_ICPSC_DIV1;
  88              		.loc 1 124 3 is_stmt 1 view .LVU27
 125:Core/Src/tim.c ****   sConfig.IC2Filter = 0;
  89              		.loc 1 125 3 view .LVU28
 126:Core/Src/tim.c ****   if (HAL_TIM_Encoder_Init(&htim3, &sConfig) != HAL_OK)
  90              		.loc 1 126 3 view .LVU29
  91              		.loc 1 126 7 is_stmt 0 view .LVU30
  92 0032 03A9     		add	r1, sp, #12
  93 0034 FFF7FEFF 		bl	HAL_TIM_Encoder_Init
  94              	.LVL1:
  95              		.loc 1 126 6 discriminator 1 view .LVU31
  96 0038 50B9     		cbnz	r0, .L5
  97              	.L2:
 127:Core/Src/tim.c ****   {
 128:Core/Src/tim.c ****     Error_Handler();
 129:Core/Src/tim.c ****   }
 130:Core/Src/tim.c ****   sMasterConfig.MasterOutputTrigger = TIM_TRGO_RESET;
  98              		.loc 1 130 3 is_stmt 1 view .LVU32
  99              		.loc 1 130 37 is_stmt 0 view .LVU33
ARM GAS  /tmp/ccigZTgq.s 			page 5


 100 003a 0023     		movs	r3, #0
 101 003c 0193     		str	r3, [sp, #4]
 131:Core/Src/tim.c ****   sMasterConfig.MasterSlaveMode = TIM_MASTERSLAVEMODE_DISABLE;
 102              		.loc 1 131 3 is_stmt 1 view .LVU34
 103              		.loc 1 131 33 is_stmt 0 view .LVU35
 104 003e 0293     		str	r3, [sp, #8]
 132:Core/Src/tim.c ****   if (HAL_TIMEx_MasterConfigSynchronization(&htim3, &sMasterConfig) != HAL_OK)
 105              		.loc 1 132 3 is_stmt 1 view .LVU36
 106              		.loc 1 132 7 is_stmt 0 view .LVU37
 107 0040 01A9     		add	r1, sp, #4
 108 0042 0648     		ldr	r0, .L7
 109 0044 FFF7FEFF 		bl	HAL_TIMEx_MasterConfigSynchronization
 110              	.LVL2:
 111              		.loc 1 132 6 discriminator 1 view .LVU38
 112 0048 28B9     		cbnz	r0, .L6
 113              	.L1:
 133:Core/Src/tim.c ****   {
 134:Core/Src/tim.c ****     Error_Handler();
 135:Core/Src/tim.c ****   }
 136:Core/Src/tim.c ****   /* USER CODE BEGIN TIM3_Init 2 */
 137:Core/Src/tim.c **** 
 138:Core/Src/tim.c ****   /* USER CODE END TIM3_Init 2 */
 139:Core/Src/tim.c **** 
 140:Core/Src/tim.c **** }
 114              		.loc 1 140 1 view .LVU39
 115 004a 0DB0     		add	sp, sp, #52
 116              	.LCFI2:
 117              		.cfi_remember_state
 118              		.cfi_def_cfa_offset 4
 119              		@ sp needed
 120 004c 5DF804FB 		ldr	pc, [sp], #4
 121              	.L5:
 122              	.LCFI3:
 123              		.cfi_restore_state
 128:Core/Src/tim.c ****   }
 124              		.loc 1 128 5 is_stmt 1 view .LVU40
 125 0050 FFF7FEFF 		bl	Error_Handler
 126              	.LVL3:
 127 0054 F1E7     		b	.L2
 128              	.L6:
 134:Core/Src/tim.c ****   }
 129              		.loc 1 134 5 view .LVU41
 130 0056 FFF7FEFF 		bl	Error_Handler
 131              	.LVL4:
 132              		.loc 1 140 1 is_stmt 0 view .LVU42
 133 005a F6E7     		b	.L1
 134              	.L8:
 135              		.align	2
 136              	.L7:
 137 005c 00000000 		.word	htim3
 138 0060 00040040 		.word	1073742848
 139              		.cfi_endproc
 140              	.LFE240:
 142              		.section	.text.MX_TIM5_Init,"ax",%progbits
 143              		.align	1
 144              		.global	MX_TIM5_Init
 145              		.syntax unified
ARM GAS  /tmp/ccigZTgq.s 			page 6


 146              		.thumb
 147              		.thumb_func
 149              	MX_TIM5_Init:
 150              	.LFB241:
 141:Core/Src/tim.c **** /* TIM5 init function */
 142:Core/Src/tim.c **** void MX_TIM5_Init(void)
 143:Core/Src/tim.c **** {
 151              		.loc 1 143 1 is_stmt 1 view -0
 152              		.cfi_startproc
 153              		@ args = 0, pretend = 0, frame = 48
 154              		@ frame_needed = 0, uses_anonymous_args = 0
 155 0000 00B5     		push	{lr}
 156              	.LCFI4:
 157              		.cfi_def_cfa_offset 4
 158              		.cfi_offset 14, -4
 159 0002 8DB0     		sub	sp, sp, #52
 160              	.LCFI5:
 161              		.cfi_def_cfa_offset 56
 144:Core/Src/tim.c **** 
 145:Core/Src/tim.c ****   /* USER CODE BEGIN TIM5_Init 0 */
 146:Core/Src/tim.c **** 
 147:Core/Src/tim.c ****   /* USER CODE END TIM5_Init 0 */
 148:Core/Src/tim.c **** 
 149:Core/Src/tim.c ****   TIM_Encoder_InitTypeDef sConfig = {0};
 162              		.loc 1 149 3 view .LVU44
 163              		.loc 1 149 27 is_stmt 0 view .LVU45
 164 0004 2422     		movs	r2, #36
 165 0006 0021     		movs	r1, #0
 166 0008 03A8     		add	r0, sp, #12
 167 000a FFF7FEFF 		bl	memset
 168              	.LVL5:
 150:Core/Src/tim.c ****   TIM_MasterConfigTypeDef sMasterConfig = {0};
 169              		.loc 1 150 3 is_stmt 1 view .LVU46
 170              		.loc 1 150 27 is_stmt 0 view .LVU47
 171 000e 0023     		movs	r3, #0
 172 0010 0193     		str	r3, [sp, #4]
 173 0012 0293     		str	r3, [sp, #8]
 151:Core/Src/tim.c **** 
 152:Core/Src/tim.c ****   /* USER CODE BEGIN TIM5_Init 1 */
 153:Core/Src/tim.c **** 
 154:Core/Src/tim.c ****   /* USER CODE END TIM5_Init 1 */
 155:Core/Src/tim.c ****   htim5.Instance = TIM5;
 174              		.loc 1 155 3 is_stmt 1 view .LVU48
 175              		.loc 1 155 18 is_stmt 0 view .LVU49
 176 0014 1148     		ldr	r0, .L15
 177 0016 124A     		ldr	r2, .L15+4
 178 0018 0260     		str	r2, [r0]
 156:Core/Src/tim.c ****   htim5.Init.Prescaler = 0;
 179              		.loc 1 156 3 is_stmt 1 view .LVU50
 180              		.loc 1 156 24 is_stmt 0 view .LVU51
 181 001a 4360     		str	r3, [r0, #4]
 157:Core/Src/tim.c ****   htim5.Init.CounterMode = TIM_COUNTERMODE_UP;
 182              		.loc 1 157 3 is_stmt 1 view .LVU52
 183              		.loc 1 157 26 is_stmt 0 view .LVU53
 184 001c 8360     		str	r3, [r0, #8]
 158:Core/Src/tim.c ****   htim5.Init.Period = 65535;
 185              		.loc 1 158 3 is_stmt 1 view .LVU54
ARM GAS  /tmp/ccigZTgq.s 			page 7


 186              		.loc 1 158 21 is_stmt 0 view .LVU55
 187 001e 4FF6FF72 		movw	r2, #65535
 188 0022 C260     		str	r2, [r0, #12]
 159:Core/Src/tim.c ****   htim5.Init.ClockDivision = TIM_CLOCKDIVISION_DIV1;
 189              		.loc 1 159 3 is_stmt 1 view .LVU56
 190              		.loc 1 159 28 is_stmt 0 view .LVU57
 191 0024 0361     		str	r3, [r0, #16]
 160:Core/Src/tim.c ****   htim5.Init.AutoReloadPreload = TIM_AUTORELOAD_PRELOAD_DISABLE;
 192              		.loc 1 160 3 is_stmt 1 view .LVU58
 193              		.loc 1 160 32 is_stmt 0 view .LVU59
 194 0026 8361     		str	r3, [r0, #24]
 161:Core/Src/tim.c ****   sConfig.EncoderMode = TIM_ENCODERMODE_TI12;
 195              		.loc 1 161 3 is_stmt 1 view .LVU60
 196              		.loc 1 161 23 is_stmt 0 view .LVU61
 197 0028 0323     		movs	r3, #3
 198 002a 0393     		str	r3, [sp, #12]
 162:Core/Src/tim.c ****   sConfig.IC1Polarity = TIM_ICPOLARITY_RISING;
 199              		.loc 1 162 3 is_stmt 1 view .LVU62
 163:Core/Src/tim.c ****   sConfig.IC1Selection = TIM_ICSELECTION_DIRECTTI;
 200              		.loc 1 163 3 view .LVU63
 201              		.loc 1 163 24 is_stmt 0 view .LVU64
 202 002c 0123     		movs	r3, #1
 203 002e 0593     		str	r3, [sp, #20]
 164:Core/Src/tim.c ****   sConfig.IC1Prescaler = TIM_ICPSC_DIV1;
 204              		.loc 1 164 3 is_stmt 1 view .LVU65
 165:Core/Src/tim.c ****   sConfig.IC1Filter = 0;
 205              		.loc 1 165 3 view .LVU66
 166:Core/Src/tim.c ****   sConfig.IC2Polarity = TIM_ICPOLARITY_RISING;
 206              		.loc 1 166 3 view .LVU67
 167:Core/Src/tim.c ****   sConfig.IC2Selection = TIM_ICSELECTION_DIRECTTI;
 207              		.loc 1 167 3 view .LVU68
 208              		.loc 1 167 24 is_stmt 0 view .LVU69
 209 0030 0993     		str	r3, [sp, #36]
 168:Core/Src/tim.c ****   sConfig.IC2Prescaler = TIM_ICPSC_DIV1;
 210              		.loc 1 168 3 is_stmt 1 view .LVU70
 169:Core/Src/tim.c ****   sConfig.IC2Filter = 0;
 211              		.loc 1 169 3 view .LVU71
 170:Core/Src/tim.c ****   if (HAL_TIM_Encoder_Init(&htim5, &sConfig) != HAL_OK)
 212              		.loc 1 170 3 view .LVU72
 213              		.loc 1 170 7 is_stmt 0 view .LVU73
 214 0032 03A9     		add	r1, sp, #12
 215 0034 FFF7FEFF 		bl	HAL_TIM_Encoder_Init
 216              	.LVL6:
 217              		.loc 1 170 6 discriminator 1 view .LVU74
 218 0038 50B9     		cbnz	r0, .L13
 219              	.L10:
 171:Core/Src/tim.c ****   {
 172:Core/Src/tim.c ****     Error_Handler();
 173:Core/Src/tim.c ****   }
 174:Core/Src/tim.c ****   sMasterConfig.MasterOutputTrigger = TIM_TRGO_RESET;
 220              		.loc 1 174 3 is_stmt 1 view .LVU75
 221              		.loc 1 174 37 is_stmt 0 view .LVU76
 222 003a 0023     		movs	r3, #0
 223 003c 0193     		str	r3, [sp, #4]
 175:Core/Src/tim.c ****   sMasterConfig.MasterSlaveMode = TIM_MASTERSLAVEMODE_DISABLE;
 224              		.loc 1 175 3 is_stmt 1 view .LVU77
 225              		.loc 1 175 33 is_stmt 0 view .LVU78
ARM GAS  /tmp/ccigZTgq.s 			page 8


 226 003e 0293     		str	r3, [sp, #8]
 176:Core/Src/tim.c ****   if (HAL_TIMEx_MasterConfigSynchronization(&htim5, &sMasterConfig) != HAL_OK)
 227              		.loc 1 176 3 is_stmt 1 view .LVU79
 228              		.loc 1 176 7 is_stmt 0 view .LVU80
 229 0040 01A9     		add	r1, sp, #4
 230 0042 0648     		ldr	r0, .L15
 231 0044 FFF7FEFF 		bl	HAL_TIMEx_MasterConfigSynchronization
 232              	.LVL7:
 233              		.loc 1 176 6 discriminator 1 view .LVU81
 234 0048 28B9     		cbnz	r0, .L14
 235              	.L9:
 177:Core/Src/tim.c ****   {
 178:Core/Src/tim.c ****     Error_Handler();
 179:Core/Src/tim.c ****   }
 180:Core/Src/tim.c ****   /* USER CODE BEGIN TIM5_Init 2 */
 181:Core/Src/tim.c **** 
 182:Core/Src/tim.c ****   /* USER CODE END TIM5_Init 2 */
 183:Core/Src/tim.c **** 
 184:Core/Src/tim.c **** }
 236              		.loc 1 184 1 view .LVU82
 237 004a 0DB0     		add	sp, sp, #52
 238              	.LCFI6:
 239              		.cfi_remember_state
 240              		.cfi_def_cfa_offset 4
 241              		@ sp needed
 242 004c 5DF804FB 		ldr	pc, [sp], #4
 243              	.L13:
 244              	.LCFI7:
 245              		.cfi_restore_state
 172:Core/Src/tim.c ****   }
 246              		.loc 1 172 5 is_stmt 1 view .LVU83
 247 0050 FFF7FEFF 		bl	Error_Handler
 248              	.LVL8:
 249 0054 F1E7     		b	.L10
 250              	.L14:
 178:Core/Src/tim.c ****   }
 251              		.loc 1 178 5 view .LVU84
 252 0056 FFF7FEFF 		bl	Error_Handler
 253              	.LVL9:
 254              		.loc 1 184 1 is_stmt 0 view .LVU85
 255 005a F6E7     		b	.L9
 256              	.L16:
 257              		.align	2
 258              	.L15:
 259 005c 00000000 		.word	htim5
 260 0060 000C0040 		.word	1073744896
 261              		.cfi_endproc
 262              	.LFE241:
 264              		.section	.text.HAL_TIM_PWM_MspInit,"ax",%progbits
 265              		.align	1
 266              		.global	HAL_TIM_PWM_MspInit
 267              		.syntax unified
 268              		.thumb
 269              		.thumb_func
 271              	HAL_TIM_PWM_MspInit:
 272              	.LVL10:
 273              	.LFB244:
ARM GAS  /tmp/ccigZTgq.s 			page 9


 185:Core/Src/tim.c **** /* TIM10 init function */
 186:Core/Src/tim.c **** void MX_TIM10_Init(void)
 187:Core/Src/tim.c **** {
 188:Core/Src/tim.c **** 
 189:Core/Src/tim.c ****   /* USER CODE BEGIN TIM10_Init 0 */
 190:Core/Src/tim.c **** 
 191:Core/Src/tim.c ****   /* USER CODE END TIM10_Init 0 */
 192:Core/Src/tim.c **** 
 193:Core/Src/tim.c ****   TIM_OC_InitTypeDef sConfigOC = {0};
 194:Core/Src/tim.c **** 
 195:Core/Src/tim.c ****   /* USER CODE BEGIN TIM10_Init 1 */
 196:Core/Src/tim.c **** 
 197:Core/Src/tim.c ****   /* USER CODE END TIM10_Init 1 */
 198:Core/Src/tim.c ****   htim10.Instance = TIM10;
 199:Core/Src/tim.c ****   htim10.Init.Prescaler = 9;
 200:Core/Src/tim.c ****   htim10.Init.CounterMode = TIM_COUNTERMODE_UP;
 201:Core/Src/tim.c ****   htim10.Init.Period = 999;
 202:Core/Src/tim.c ****   htim10.Init.ClockDivision = TIM_CLOCKDIVISION_DIV1;
 203:Core/Src/tim.c ****   htim10.Init.AutoReloadPreload = TIM_AUTORELOAD_PRELOAD_DISABLE;
 204:Core/Src/tim.c ****   if (HAL_TIM_Base_Init(&htim10) != HAL_OK)
 205:Core/Src/tim.c ****   {
 206:Core/Src/tim.c ****     Error_Handler();
 207:Core/Src/tim.c ****   }
 208:Core/Src/tim.c ****   if (HAL_TIM_PWM_Init(&htim10) != HAL_OK)
 209:Core/Src/tim.c ****   {
 210:Core/Src/tim.c ****     Error_Handler();
 211:Core/Src/tim.c ****   }
 212:Core/Src/tim.c ****   sConfigOC.OCMode = TIM_OCMODE_PWM1;
 213:Core/Src/tim.c ****   sConfigOC.Pulse = 0;
 214:Core/Src/tim.c ****   sConfigOC.OCPolarity = TIM_OCPOLARITY_HIGH;
 215:Core/Src/tim.c ****   sConfigOC.OCFastMode = TIM_OCFAST_DISABLE;
 216:Core/Src/tim.c ****   if (HAL_TIM_PWM_ConfigChannel(&htim10, &sConfigOC, TIM_CHANNEL_1) != HAL_OK)
 217:Core/Src/tim.c ****   {
 218:Core/Src/tim.c ****     Error_Handler();
 219:Core/Src/tim.c ****   }
 220:Core/Src/tim.c ****   /* USER CODE BEGIN TIM10_Init 2 */
 221:Core/Src/tim.c **** 
 222:Core/Src/tim.c ****   /* USER CODE END TIM10_Init 2 */
 223:Core/Src/tim.c ****   HAL_TIM_MspPostInit(&htim10);
 224:Core/Src/tim.c **** 
 225:Core/Src/tim.c **** }
 226:Core/Src/tim.c **** /* TIM11 init function */
 227:Core/Src/tim.c **** void MX_TIM11_Init(void)
 228:Core/Src/tim.c **** {
 229:Core/Src/tim.c **** 
 230:Core/Src/tim.c ****   /* USER CODE BEGIN TIM11_Init 0 */
 231:Core/Src/tim.c **** 
 232:Core/Src/tim.c ****   /* USER CODE END TIM11_Init 0 */
 233:Core/Src/tim.c **** 
 234:Core/Src/tim.c ****   TIM_OC_InitTypeDef sConfigOC = {0};
 235:Core/Src/tim.c **** 
 236:Core/Src/tim.c ****   /* USER CODE BEGIN TIM11_Init 1 */
 237:Core/Src/tim.c **** 
 238:Core/Src/tim.c ****   /* USER CODE END TIM11_Init 1 */
 239:Core/Src/tim.c ****   htim11.Instance = TIM11;
 240:Core/Src/tim.c ****   htim11.Init.Prescaler = 9;
 241:Core/Src/tim.c ****   htim11.Init.CounterMode = TIM_COUNTERMODE_UP;
ARM GAS  /tmp/ccigZTgq.s 			page 10


 242:Core/Src/tim.c ****   htim11.Init.Period = 999;
 243:Core/Src/tim.c ****   htim11.Init.ClockDivision = TIM_CLOCKDIVISION_DIV1;
 244:Core/Src/tim.c ****   htim11.Init.AutoReloadPreload = TIM_AUTORELOAD_PRELOAD_DISABLE;
 245:Core/Src/tim.c ****   if (HAL_TIM_Base_Init(&htim11) != HAL_OK)
 246:Core/Src/tim.c ****   {
 247:Core/Src/tim.c ****     Error_Handler();
 248:Core/Src/tim.c ****   }
 249:Core/Src/tim.c ****   if (HAL_TIM_PWM_Init(&htim11) != HAL_OK)
 250:Core/Src/tim.c ****   {
 251:Core/Src/tim.c ****     Error_Handler();
 252:Core/Src/tim.c ****   }
 253:Core/Src/tim.c ****   sConfigOC.OCMode = TIM_OCMODE_PWM1;
 254:Core/Src/tim.c ****   sConfigOC.Pulse = 0;
 255:Core/Src/tim.c ****   sConfigOC.OCPolarity = TIM_OCPOLARITY_HIGH;
 256:Core/Src/tim.c ****   sConfigOC.OCFastMode = TIM_OCFAST_DISABLE;
 257:Core/Src/tim.c ****   if (HAL_TIM_PWM_ConfigChannel(&htim11, &sConfigOC, TIM_CHANNEL_1) != HAL_OK)
 258:Core/Src/tim.c ****   {
 259:Core/Src/tim.c ****     Error_Handler();
 260:Core/Src/tim.c ****   }
 261:Core/Src/tim.c ****   /* USER CODE BEGIN TIM11_Init 2 */
 262:Core/Src/tim.c **** 
 263:Core/Src/tim.c ****   /* USER CODE END TIM11_Init 2 */
 264:Core/Src/tim.c ****   HAL_TIM_MspPostInit(&htim11);
 265:Core/Src/tim.c **** 
 266:Core/Src/tim.c **** }
 267:Core/Src/tim.c **** 
 268:Core/Src/tim.c **** void HAL_TIM_PWM_MspInit(TIM_HandleTypeDef* tim_pwmHandle)
 269:Core/Src/tim.c **** {
 274              		.loc 1 269 1 is_stmt 1 view -0
 275              		.cfi_startproc
 276              		@ args = 0, pretend = 0, frame = 8
 277              		@ frame_needed = 0, uses_anonymous_args = 0
 278              		@ link register save eliminated.
 270:Core/Src/tim.c **** 
 271:Core/Src/tim.c ****   if(tim_pwmHandle->Instance==TIM1)
 279              		.loc 1 271 3 view .LVU87
 280              		.loc 1 271 19 is_stmt 0 view .LVU88
 281 0000 0268     		ldr	r2, [r0]
 282              		.loc 1 271 5 view .LVU89
 283 0002 094B     		ldr	r3, .L24
 284 0004 9A42     		cmp	r2, r3
 285 0006 00D0     		beq	.L23
 286 0008 7047     		bx	lr
 287              	.L23:
 269:Core/Src/tim.c **** 
 288              		.loc 1 269 1 view .LVU90
 289 000a 82B0     		sub	sp, sp, #8
 290              	.LCFI8:
 291              		.cfi_def_cfa_offset 8
 272:Core/Src/tim.c ****   {
 273:Core/Src/tim.c ****   /* USER CODE BEGIN TIM1_MspInit 0 */
 274:Core/Src/tim.c **** 
 275:Core/Src/tim.c ****   /* USER CODE END TIM1_MspInit 0 */
 276:Core/Src/tim.c ****     /* TIM1 clock enable */
 277:Core/Src/tim.c ****     __HAL_RCC_TIM1_CLK_ENABLE();
 292              		.loc 1 277 5 is_stmt 1 view .LVU91
 293              	.LBB2:
ARM GAS  /tmp/ccigZTgq.s 			page 11


 294              		.loc 1 277 5 view .LVU92
 295 000c 0023     		movs	r3, #0
 296 000e 0193     		str	r3, [sp, #4]
 297              		.loc 1 277 5 view .LVU93
 298 0010 064B     		ldr	r3, .L24+4
 299 0012 5A6C     		ldr	r2, [r3, #68]
 300 0014 42F00102 		orr	r2, r2, #1
 301 0018 5A64     		str	r2, [r3, #68]
 302              		.loc 1 277 5 view .LVU94
 303 001a 5B6C     		ldr	r3, [r3, #68]
 304 001c 03F00103 		and	r3, r3, #1
 305 0020 0193     		str	r3, [sp, #4]
 306              		.loc 1 277 5 view .LVU95
 307 0022 019B     		ldr	r3, [sp, #4]
 308              	.LBE2:
 309              		.loc 1 277 5 discriminator 1 view .LVU96
 278:Core/Src/tim.c ****   /* USER CODE BEGIN TIM1_MspInit 1 */
 279:Core/Src/tim.c **** 
 280:Core/Src/tim.c ****   /* USER CODE END TIM1_MspInit 1 */
 281:Core/Src/tim.c ****   }
 282:Core/Src/tim.c **** }
 310              		.loc 1 282 1 is_stmt 0 view .LVU97
 311 0024 02B0     		add	sp, sp, #8
 312              	.LCFI9:
 313              		.cfi_def_cfa_offset 0
 314              		@ sp needed
 315 0026 7047     		bx	lr
 316              	.L25:
 317              		.align	2
 318              	.L24:
 319 0028 00000140 		.word	1073807360
 320 002c 00380240 		.word	1073887232
 321              		.cfi_endproc
 322              	.LFE244:
 324              		.section	.text.HAL_TIM_Encoder_MspInit,"ax",%progbits
 325              		.align	1
 326              		.global	HAL_TIM_Encoder_MspInit
 327              		.syntax unified
 328              		.thumb
 329              		.thumb_func
 331              	HAL_TIM_Encoder_MspInit:
 332              	.LVL11:
 333              	.LFB245:
 283:Core/Src/tim.c **** 
 284:Core/Src/tim.c **** void HAL_TIM_Encoder_MspInit(TIM_HandleTypeDef* tim_encoderHandle)
 285:Core/Src/tim.c **** {
 334              		.loc 1 285 1 is_stmt 1 view -0
 335              		.cfi_startproc
 336              		@ args = 0, pretend = 0, frame = 40
 337              		@ frame_needed = 0, uses_anonymous_args = 0
 338              		.loc 1 285 1 is_stmt 0 view .LVU99
 339 0000 00B5     		push	{lr}
 340              	.LCFI10:
 341              		.cfi_def_cfa_offset 4
 342              		.cfi_offset 14, -4
 343 0002 8BB0     		sub	sp, sp, #44
 344              	.LCFI11:
ARM GAS  /tmp/ccigZTgq.s 			page 12


 345              		.cfi_def_cfa_offset 48
 286:Core/Src/tim.c **** 
 287:Core/Src/tim.c ****   GPIO_InitTypeDef GPIO_InitStruct = {0};
 346              		.loc 1 287 3 is_stmt 1 view .LVU100
 347              		.loc 1 287 20 is_stmt 0 view .LVU101
 348 0004 0023     		movs	r3, #0
 349 0006 0593     		str	r3, [sp, #20]
 350 0008 0693     		str	r3, [sp, #24]
 351 000a 0793     		str	r3, [sp, #28]
 352 000c 0893     		str	r3, [sp, #32]
 353 000e 0993     		str	r3, [sp, #36]
 288:Core/Src/tim.c ****   if(tim_encoderHandle->Instance==TIM3)
 354              		.loc 1 288 3 is_stmt 1 view .LVU102
 355              		.loc 1 288 23 is_stmt 0 view .LVU103
 356 0010 0368     		ldr	r3, [r0]
 357              		.loc 1 288 5 view .LVU104
 358 0012 244A     		ldr	r2, .L32
 359 0014 9342     		cmp	r3, r2
 360 0016 05D0     		beq	.L30
 289:Core/Src/tim.c ****   {
 290:Core/Src/tim.c ****   /* USER CODE BEGIN TIM3_MspInit 0 */
 291:Core/Src/tim.c **** 
 292:Core/Src/tim.c ****   /* USER CODE END TIM3_MspInit 0 */
 293:Core/Src/tim.c ****     /* TIM3 clock enable */
 294:Core/Src/tim.c ****     __HAL_RCC_TIM3_CLK_ENABLE();
 295:Core/Src/tim.c **** 
 296:Core/Src/tim.c ****     __HAL_RCC_GPIOB_CLK_ENABLE();
 297:Core/Src/tim.c ****     /**TIM3 GPIO Configuration
 298:Core/Src/tim.c ****     PB4     ------> TIM3_CH1
 299:Core/Src/tim.c ****     PB5     ------> TIM3_CH2
 300:Core/Src/tim.c ****     */
 301:Core/Src/tim.c ****     GPIO_InitStruct.Pin = GPIO_PIN_4|GPIO_PIN_5;
 302:Core/Src/tim.c ****     GPIO_InitStruct.Mode = GPIO_MODE_AF_PP;
 303:Core/Src/tim.c ****     GPIO_InitStruct.Pull = GPIO_NOPULL;
 304:Core/Src/tim.c ****     GPIO_InitStruct.Speed = GPIO_SPEED_FREQ_LOW;
 305:Core/Src/tim.c ****     GPIO_InitStruct.Alternate = GPIO_AF2_TIM3;
 306:Core/Src/tim.c ****     HAL_GPIO_Init(GPIOB, &GPIO_InitStruct);
 307:Core/Src/tim.c **** 
 308:Core/Src/tim.c ****   /* USER CODE BEGIN TIM3_MspInit 1 */
 309:Core/Src/tim.c **** 
 310:Core/Src/tim.c ****   /* USER CODE END TIM3_MspInit 1 */
 311:Core/Src/tim.c ****   }
 312:Core/Src/tim.c ****   else if(tim_encoderHandle->Instance==TIM5)
 361              		.loc 1 312 8 is_stmt 1 view .LVU105
 362              		.loc 1 312 10 is_stmt 0 view .LVU106
 363 0018 234A     		ldr	r2, .L32+4
 364 001a 9342     		cmp	r3, r2
 365 001c 22D0     		beq	.L31
 366              	.LVL12:
 367              	.L26:
 313:Core/Src/tim.c ****   {
 314:Core/Src/tim.c ****   /* USER CODE BEGIN TIM5_MspInit 0 */
 315:Core/Src/tim.c **** 
 316:Core/Src/tim.c ****   /* USER CODE END TIM5_MspInit 0 */
 317:Core/Src/tim.c ****     /* TIM5 clock enable */
 318:Core/Src/tim.c ****     __HAL_RCC_TIM5_CLK_ENABLE();
 319:Core/Src/tim.c **** 
ARM GAS  /tmp/ccigZTgq.s 			page 13


 320:Core/Src/tim.c ****     __HAL_RCC_GPIOA_CLK_ENABLE();
 321:Core/Src/tim.c ****     /**TIM5 GPIO Configuration
 322:Core/Src/tim.c ****     PA0-WKUP     ------> TIM5_CH1
 323:Core/Src/tim.c ****     PA1     ------> TIM5_CH2
 324:Core/Src/tim.c ****     */
 325:Core/Src/tim.c ****     GPIO_InitStruct.Pin = GPIO_PIN_0|GPIO_PIN_1;
 326:Core/Src/tim.c ****     GPIO_InitStruct.Mode = GPIO_MODE_AF_PP;
 327:Core/Src/tim.c ****     GPIO_InitStruct.Pull = GPIO_NOPULL;
 328:Core/Src/tim.c ****     GPIO_InitStruct.Speed = GPIO_SPEED_FREQ_LOW;
 329:Core/Src/tim.c ****     GPIO_InitStruct.Alternate = GPIO_AF2_TIM5;
 330:Core/Src/tim.c ****     HAL_GPIO_Init(GPIOA, &GPIO_InitStruct);
 331:Core/Src/tim.c **** 
 332:Core/Src/tim.c ****   /* USER CODE BEGIN TIM5_MspInit 1 */
 333:Core/Src/tim.c **** 
 334:Core/Src/tim.c ****   /* USER CODE END TIM5_MspInit 1 */
 335:Core/Src/tim.c ****   }
 336:Core/Src/tim.c **** }
 368              		.loc 1 336 1 view .LVU107
 369 001e 0BB0     		add	sp, sp, #44
 370              	.LCFI12:
 371              		.cfi_remember_state
 372              		.cfi_def_cfa_offset 4
 373              		@ sp needed
 374 0020 5DF804FB 		ldr	pc, [sp], #4
 375              	.LVL13:
 376              	.L30:
 377              	.LCFI13:
 378              		.cfi_restore_state
 294:Core/Src/tim.c **** 
 379              		.loc 1 294 5 is_stmt 1 view .LVU108
 380              	.LBB3:
 294:Core/Src/tim.c **** 
 381              		.loc 1 294 5 view .LVU109
 382 0024 0021     		movs	r1, #0
 383 0026 0191     		str	r1, [sp, #4]
 294:Core/Src/tim.c **** 
 384              		.loc 1 294 5 view .LVU110
 385 0028 204B     		ldr	r3, .L32+8
 386 002a 1A6C     		ldr	r2, [r3, #64]
 387 002c 42F00202 		orr	r2, r2, #2
 388 0030 1A64     		str	r2, [r3, #64]
 294:Core/Src/tim.c **** 
 389              		.loc 1 294 5 view .LVU111
 390 0032 1A6C     		ldr	r2, [r3, #64]
 391 0034 02F00202 		and	r2, r2, #2
 392 0038 0192     		str	r2, [sp, #4]
 294:Core/Src/tim.c **** 
 393              		.loc 1 294 5 view .LVU112
 394 003a 019A     		ldr	r2, [sp, #4]
 395              	.LBE3:
 294:Core/Src/tim.c **** 
 396              		.loc 1 294 5 view .LVU113
 296:Core/Src/tim.c ****     /**TIM3 GPIO Configuration
 397              		.loc 1 296 5 view .LVU114
 398              	.LBB4:
 296:Core/Src/tim.c ****     /**TIM3 GPIO Configuration
 399              		.loc 1 296 5 view .LVU115
ARM GAS  /tmp/ccigZTgq.s 			page 14


 400 003c 0291     		str	r1, [sp, #8]
 296:Core/Src/tim.c ****     /**TIM3 GPIO Configuration
 401              		.loc 1 296 5 view .LVU116
 402 003e 1A6B     		ldr	r2, [r3, #48]
 403 0040 42F00202 		orr	r2, r2, #2
 404 0044 1A63     		str	r2, [r3, #48]
 296:Core/Src/tim.c ****     /**TIM3 GPIO Configuration
 405              		.loc 1 296 5 view .LVU117
 406 0046 1B6B     		ldr	r3, [r3, #48]
 407 0048 03F00203 		and	r3, r3, #2
 408 004c 0293     		str	r3, [sp, #8]
 296:Core/Src/tim.c ****     /**TIM3 GPIO Configuration
 409              		.loc 1 296 5 view .LVU118
 410 004e 029B     		ldr	r3, [sp, #8]
 411              	.LBE4:
 296:Core/Src/tim.c ****     /**TIM3 GPIO Configuration
 412              		.loc 1 296 5 view .LVU119
 301:Core/Src/tim.c ****     GPIO_InitStruct.Mode = GPIO_MODE_AF_PP;
 413              		.loc 1 301 5 view .LVU120
 301:Core/Src/tim.c ****     GPIO_InitStruct.Mode = GPIO_MODE_AF_PP;
 414              		.loc 1 301 25 is_stmt 0 view .LVU121
 415 0050 3023     		movs	r3, #48
 416 0052 0593     		str	r3, [sp, #20]
 302:Core/Src/tim.c ****     GPIO_InitStruct.Pull = GPIO_NOPULL;
 417              		.loc 1 302 5 is_stmt 1 view .LVU122
 302:Core/Src/tim.c ****     GPIO_InitStruct.Pull = GPIO_NOPULL;
 418              		.loc 1 302 26 is_stmt 0 view .LVU123
 419 0054 0223     		movs	r3, #2
 420 0056 0693     		str	r3, [sp, #24]
 303:Core/Src/tim.c ****     GPIO_InitStruct.Speed = GPIO_SPEED_FREQ_LOW;
 421              		.loc 1 303 5 is_stmt 1 view .LVU124
 304:Core/Src/tim.c ****     GPIO_InitStruct.Alternate = GPIO_AF2_TIM3;
 422              		.loc 1 304 5 view .LVU125
 305:Core/Src/tim.c ****     HAL_GPIO_Init(GPIOB, &GPIO_InitStruct);
 423              		.loc 1 305 5 view .LVU126
 305:Core/Src/tim.c ****     HAL_GPIO_Init(GPIOB, &GPIO_InitStruct);
 424              		.loc 1 305 31 is_stmt 0 view .LVU127
 425 0058 0993     		str	r3, [sp, #36]
 306:Core/Src/tim.c **** 
 426              		.loc 1 306 5 is_stmt 1 view .LVU128
 427 005a 05A9     		add	r1, sp, #20
 428 005c 1448     		ldr	r0, .L32+12
 429              	.LVL14:
 306:Core/Src/tim.c **** 
 430              		.loc 1 306 5 is_stmt 0 view .LVU129
 431 005e FFF7FEFF 		bl	HAL_GPIO_Init
 432              	.LVL15:
 433 0062 DCE7     		b	.L26
 434              	.LVL16:
 435              	.L31:
 318:Core/Src/tim.c **** 
 436              		.loc 1 318 5 is_stmt 1 view .LVU130
 437              	.LBB5:
 318:Core/Src/tim.c **** 
 438              		.loc 1 318 5 view .LVU131
 439 0064 0021     		movs	r1, #0
 440 0066 0391     		str	r1, [sp, #12]
ARM GAS  /tmp/ccigZTgq.s 			page 15


 318:Core/Src/tim.c **** 
 441              		.loc 1 318 5 view .LVU132
 442 0068 104B     		ldr	r3, .L32+8
 443 006a 1A6C     		ldr	r2, [r3, #64]
 444 006c 42F00802 		orr	r2, r2, #8
 445 0070 1A64     		str	r2, [r3, #64]
 318:Core/Src/tim.c **** 
 446              		.loc 1 318 5 view .LVU133
 447 0072 1A6C     		ldr	r2, [r3, #64]
 448 0074 02F00802 		and	r2, r2, #8
 449 0078 0392     		str	r2, [sp, #12]
 318:Core/Src/tim.c **** 
 450              		.loc 1 318 5 view .LVU134
 451 007a 039A     		ldr	r2, [sp, #12]
 452              	.LBE5:
 318:Core/Src/tim.c **** 
 453              		.loc 1 318 5 view .LVU135
 320:Core/Src/tim.c ****     /**TIM5 GPIO Configuration
 454              		.loc 1 320 5 view .LVU136
 455              	.LBB6:
 320:Core/Src/tim.c ****     /**TIM5 GPIO Configuration
 456              		.loc 1 320 5 view .LVU137
 457 007c 0491     		str	r1, [sp, #16]
 320:Core/Src/tim.c ****     /**TIM5 GPIO Configuration
 458              		.loc 1 320 5 view .LVU138
 459 007e 1A6B     		ldr	r2, [r3, #48]
 460 0080 42F00102 		orr	r2, r2, #1
 461 0084 1A63     		str	r2, [r3, #48]
 320:Core/Src/tim.c ****     /**TIM5 GPIO Configuration
 462              		.loc 1 320 5 view .LVU139
 463 0086 1B6B     		ldr	r3, [r3, #48]
 464 0088 03F00103 		and	r3, r3, #1
 465 008c 0493     		str	r3, [sp, #16]
 320:Core/Src/tim.c ****     /**TIM5 GPIO Configuration
 466              		.loc 1 320 5 view .LVU140
 467 008e 049B     		ldr	r3, [sp, #16]
 468              	.LBE6:
 320:Core/Src/tim.c ****     /**TIM5 GPIO Configuration
 469              		.loc 1 320 5 view .LVU141
 325:Core/Src/tim.c ****     GPIO_InitStruct.Mode = GPIO_MODE_AF_PP;
 470              		.loc 1 325 5 view .LVU142
 325:Core/Src/tim.c ****     GPIO_InitStruct.Mode = GPIO_MODE_AF_PP;
 471              		.loc 1 325 25 is_stmt 0 view .LVU143
 472 0090 0323     		movs	r3, #3
 473 0092 0593     		str	r3, [sp, #20]
 326:Core/Src/tim.c ****     GPIO_InitStruct.Pull = GPIO_NOPULL;
 474              		.loc 1 326 5 is_stmt 1 view .LVU144
 326:Core/Src/tim.c ****     GPIO_InitStruct.Pull = GPIO_NOPULL;
 475              		.loc 1 326 26 is_stmt 0 view .LVU145
 476 0094 0223     		movs	r3, #2
 477 0096 0693     		str	r3, [sp, #24]
 327:Core/Src/tim.c ****     GPIO_InitStruct.Speed = GPIO_SPEED_FREQ_LOW;
 478              		.loc 1 327 5 is_stmt 1 view .LVU146
 328:Core/Src/tim.c ****     GPIO_InitStruct.Alternate = GPIO_AF2_TIM5;
 479              		.loc 1 328 5 view .LVU147
 329:Core/Src/tim.c ****     HAL_GPIO_Init(GPIOA, &GPIO_InitStruct);
 480              		.loc 1 329 5 view .LVU148
ARM GAS  /tmp/ccigZTgq.s 			page 16


 329:Core/Src/tim.c ****     HAL_GPIO_Init(GPIOA, &GPIO_InitStruct);
 481              		.loc 1 329 31 is_stmt 0 view .LVU149
 482 0098 0993     		str	r3, [sp, #36]
 330:Core/Src/tim.c **** 
 483              		.loc 1 330 5 is_stmt 1 view .LVU150
 484 009a 05A9     		add	r1, sp, #20
 485 009c 0548     		ldr	r0, .L32+16
 486              	.LVL17:
 330:Core/Src/tim.c **** 
 487              		.loc 1 330 5 is_stmt 0 view .LVU151
 488 009e FFF7FEFF 		bl	HAL_GPIO_Init
 489              	.LVL18:
 490              		.loc 1 336 1 view .LVU152
 491 00a2 BCE7     		b	.L26
 492              	.L33:
 493              		.align	2
 494              	.L32:
 495 00a4 00040040 		.word	1073742848
 496 00a8 000C0040 		.word	1073744896
 497 00ac 00380240 		.word	1073887232
 498 00b0 00040240 		.word	1073873920
 499 00b4 00000240 		.word	1073872896
 500              		.cfi_endproc
 501              	.LFE245:
 503              		.section	.text.HAL_TIM_Base_MspInit,"ax",%progbits
 504              		.align	1
 505              		.global	HAL_TIM_Base_MspInit
 506              		.syntax unified
 507              		.thumb
 508              		.thumb_func
 510              	HAL_TIM_Base_MspInit:
 511              	.LVL19:
 512              	.LFB246:
 337:Core/Src/tim.c **** 
 338:Core/Src/tim.c **** void HAL_TIM_Base_MspInit(TIM_HandleTypeDef* tim_baseHandle)
 339:Core/Src/tim.c **** {
 513              		.loc 1 339 1 is_stmt 1 view -0
 514              		.cfi_startproc
 515              		@ args = 0, pretend = 0, frame = 8
 516              		@ frame_needed = 0, uses_anonymous_args = 0
 517              		@ link register save eliminated.
 518              		.loc 1 339 1 is_stmt 0 view .LVU154
 519 0000 82B0     		sub	sp, sp, #8
 520              	.LCFI14:
 521              		.cfi_def_cfa_offset 8
 340:Core/Src/tim.c **** 
 341:Core/Src/tim.c ****   if(tim_baseHandle->Instance==TIM10)
 522              		.loc 1 341 3 is_stmt 1 view .LVU155
 523              		.loc 1 341 20 is_stmt 0 view .LVU156
 524 0002 0368     		ldr	r3, [r0]
 525              		.loc 1 341 5 view .LVU157
 526 0004 104A     		ldr	r2, .L40
 527 0006 9342     		cmp	r3, r2
 528 0008 04D0     		beq	.L38
 342:Core/Src/tim.c ****   {
 343:Core/Src/tim.c ****   /* USER CODE BEGIN TIM10_MspInit 0 */
 344:Core/Src/tim.c **** 
ARM GAS  /tmp/ccigZTgq.s 			page 17


 345:Core/Src/tim.c ****   /* USER CODE END TIM10_MspInit 0 */
 346:Core/Src/tim.c ****     /* TIM10 clock enable */
 347:Core/Src/tim.c ****     __HAL_RCC_TIM10_CLK_ENABLE();
 348:Core/Src/tim.c ****   /* USER CODE BEGIN TIM10_MspInit 1 */
 349:Core/Src/tim.c **** 
 350:Core/Src/tim.c ****   /* USER CODE END TIM10_MspInit 1 */
 351:Core/Src/tim.c ****   }
 352:Core/Src/tim.c ****   else if(tim_baseHandle->Instance==TIM11)
 529              		.loc 1 352 8 is_stmt 1 view .LVU158
 530              		.loc 1 352 10 is_stmt 0 view .LVU159
 531 000a 104A     		ldr	r2, .L40+4
 532 000c 9342     		cmp	r3, r2
 533 000e 0ED0     		beq	.L39
 534              	.L34:
 353:Core/Src/tim.c ****   {
 354:Core/Src/tim.c ****   /* USER CODE BEGIN TIM11_MspInit 0 */
 355:Core/Src/tim.c **** 
 356:Core/Src/tim.c ****   /* USER CODE END TIM11_MspInit 0 */
 357:Core/Src/tim.c ****     /* TIM11 clock enable */
 358:Core/Src/tim.c ****     __HAL_RCC_TIM11_CLK_ENABLE();
 359:Core/Src/tim.c ****   /* USER CODE BEGIN TIM11_MspInit 1 */
 360:Core/Src/tim.c **** 
 361:Core/Src/tim.c ****   /* USER CODE END TIM11_MspInit 1 */
 362:Core/Src/tim.c ****   }
 363:Core/Src/tim.c **** }
 535              		.loc 1 363 1 view .LVU160
 536 0010 02B0     		add	sp, sp, #8
 537              	.LCFI15:
 538              		.cfi_remember_state
 539              		.cfi_def_cfa_offset 0
 540              		@ sp needed
 541 0012 7047     		bx	lr
 542              	.L38:
 543              	.LCFI16:
 544              		.cfi_restore_state
 347:Core/Src/tim.c ****   /* USER CODE BEGIN TIM10_MspInit 1 */
 545              		.loc 1 347 5 is_stmt 1 view .LVU161
 546              	.LBB7:
 347:Core/Src/tim.c ****   /* USER CODE BEGIN TIM10_MspInit 1 */
 547              		.loc 1 347 5 view .LVU162
 548 0014 0023     		movs	r3, #0
 549 0016 0093     		str	r3, [sp]
 347:Core/Src/tim.c ****   /* USER CODE BEGIN TIM10_MspInit 1 */
 550              		.loc 1 347 5 view .LVU163
 551 0018 0D4B     		ldr	r3, .L40+8
 552 001a 5A6C     		ldr	r2, [r3, #68]
 553 001c 42F40032 		orr	r2, r2, #131072
 554 0020 5A64     		str	r2, [r3, #68]
 347:Core/Src/tim.c ****   /* USER CODE BEGIN TIM10_MspInit 1 */
 555              		.loc 1 347 5 view .LVU164
 556 0022 5B6C     		ldr	r3, [r3, #68]
 557 0024 03F40033 		and	r3, r3, #131072
 558 0028 0093     		str	r3, [sp]
 347:Core/Src/tim.c ****   /* USER CODE BEGIN TIM10_MspInit 1 */
 559              		.loc 1 347 5 view .LVU165
 560 002a 009B     		ldr	r3, [sp]
 561              	.LBE7:
ARM GAS  /tmp/ccigZTgq.s 			page 18


 347:Core/Src/tim.c ****   /* USER CODE BEGIN TIM10_MspInit 1 */
 562              		.loc 1 347 5 view .LVU166
 563 002c F0E7     		b	.L34
 564              	.L39:
 358:Core/Src/tim.c ****   /* USER CODE BEGIN TIM11_MspInit 1 */
 565              		.loc 1 358 5 view .LVU167
 566              	.LBB8:
 358:Core/Src/tim.c ****   /* USER CODE BEGIN TIM11_MspInit 1 */
 567              		.loc 1 358 5 view .LVU168
 568 002e 0023     		movs	r3, #0
 569 0030 0193     		str	r3, [sp, #4]
 358:Core/Src/tim.c ****   /* USER CODE BEGIN TIM11_MspInit 1 */
 570              		.loc 1 358 5 view .LVU169
 571 0032 074B     		ldr	r3, .L40+8
 572 0034 5A6C     		ldr	r2, [r3, #68]
 573 0036 42F48022 		orr	r2, r2, #262144
 574 003a 5A64     		str	r2, [r3, #68]
 358:Core/Src/tim.c ****   /* USER CODE BEGIN TIM11_MspInit 1 */
 575              		.loc 1 358 5 view .LVU170
 576 003c 5B6C     		ldr	r3, [r3, #68]
 577 003e 03F48023 		and	r3, r3, #262144
 578 0042 0193     		str	r3, [sp, #4]
 358:Core/Src/tim.c ****   /* USER CODE BEGIN TIM11_MspInit 1 */
 579              		.loc 1 358 5 view .LVU171
 580 0044 019B     		ldr	r3, [sp, #4]
 581              	.LBE8:
 358:Core/Src/tim.c ****   /* USER CODE BEGIN TIM11_MspInit 1 */
 582              		.loc 1 358 5 discriminator 1 view .LVU172
 583              		.loc 1 363 1 is_stmt 0 view .LVU173
 584 0046 E3E7     		b	.L34
 585              	.L41:
 586              		.align	2
 587              	.L40:
 588 0048 00440140 		.word	1073824768
 589 004c 00480140 		.word	1073825792
 590 0050 00380240 		.word	1073887232
 591              		.cfi_endproc
 592              	.LFE246:
 594              		.section	.text.HAL_TIM_MspPostInit,"ax",%progbits
 595              		.align	1
 596              		.global	HAL_TIM_MspPostInit
 597              		.syntax unified
 598              		.thumb
 599              		.thumb_func
 601              	HAL_TIM_MspPostInit:
 602              	.LVL20:
 603              	.LFB247:
 364:Core/Src/tim.c **** void HAL_TIM_MspPostInit(TIM_HandleTypeDef* timHandle)
 365:Core/Src/tim.c **** {
 604              		.loc 1 365 1 is_stmt 1 view -0
 605              		.cfi_startproc
 606              		@ args = 0, pretend = 0, frame = 32
 607              		@ frame_needed = 0, uses_anonymous_args = 0
 608              		.loc 1 365 1 is_stmt 0 view .LVU175
 609 0000 00B5     		push	{lr}
 610              	.LCFI17:
 611              		.cfi_def_cfa_offset 4
ARM GAS  /tmp/ccigZTgq.s 			page 19


 612              		.cfi_offset 14, -4
 613 0002 89B0     		sub	sp, sp, #36
 614              	.LCFI18:
 615              		.cfi_def_cfa_offset 40
 366:Core/Src/tim.c **** 
 367:Core/Src/tim.c ****   GPIO_InitTypeDef GPIO_InitStruct = {0};
 616              		.loc 1 367 3 is_stmt 1 view .LVU176
 617              		.loc 1 367 20 is_stmt 0 view .LVU177
 618 0004 0023     		movs	r3, #0
 619 0006 0393     		str	r3, [sp, #12]
 620 0008 0493     		str	r3, [sp, #16]
 621 000a 0593     		str	r3, [sp, #20]
 622 000c 0693     		str	r3, [sp, #24]
 623 000e 0793     		str	r3, [sp, #28]
 368:Core/Src/tim.c ****   if(timHandle->Instance==TIM1)
 624              		.loc 1 368 3 is_stmt 1 view .LVU178
 625              		.loc 1 368 15 is_stmt 0 view .LVU179
 626 0010 0368     		ldr	r3, [r0]
 627              		.loc 1 368 5 view .LVU180
 628 0012 2A4A     		ldr	r2, .L50
 629 0014 9342     		cmp	r3, r2
 630 0016 08D0     		beq	.L47
 369:Core/Src/tim.c ****   {
 370:Core/Src/tim.c ****   /* USER CODE BEGIN TIM1_MspPostInit 0 */
 371:Core/Src/tim.c **** 
 372:Core/Src/tim.c ****   /* USER CODE END TIM1_MspPostInit 0 */
 373:Core/Src/tim.c ****     __HAL_RCC_GPIOE_CLK_ENABLE();
 374:Core/Src/tim.c ****     /**TIM1 GPIO Configuration
 375:Core/Src/tim.c ****     PE13     ------> TIM1_CH3
 376:Core/Src/tim.c ****     PE14     ------> TIM1_CH4
 377:Core/Src/tim.c ****     */
 378:Core/Src/tim.c ****     GPIO_InitStruct.Pin = GPIO_PIN_13|GPIO_PIN_14;
 379:Core/Src/tim.c ****     GPIO_InitStruct.Mode = GPIO_MODE_AF_PP;
 380:Core/Src/tim.c ****     GPIO_InitStruct.Pull = GPIO_NOPULL;
 381:Core/Src/tim.c ****     GPIO_InitStruct.Speed = GPIO_SPEED_FREQ_LOW;
 382:Core/Src/tim.c ****     GPIO_InitStruct.Alternate = GPIO_AF1_TIM1;
 383:Core/Src/tim.c ****     HAL_GPIO_Init(GPIOE, &GPIO_InitStruct);
 384:Core/Src/tim.c **** 
 385:Core/Src/tim.c ****   /* USER CODE BEGIN TIM1_MspPostInit 1 */
 386:Core/Src/tim.c **** 
 387:Core/Src/tim.c ****   /* USER CODE END TIM1_MspPostInit 1 */
 388:Core/Src/tim.c ****   }
 389:Core/Src/tim.c ****   else if(timHandle->Instance==TIM10)
 631              		.loc 1 389 8 is_stmt 1 view .LVU181
 632              		.loc 1 389 10 is_stmt 0 view .LVU182
 633 0018 294A     		ldr	r2, .L50+4
 634 001a 9342     		cmp	r3, r2
 635 001c 1DD0     		beq	.L48
 390:Core/Src/tim.c ****   {
 391:Core/Src/tim.c ****   /* USER CODE BEGIN TIM10_MspPostInit 0 */
 392:Core/Src/tim.c **** 
 393:Core/Src/tim.c ****   /* USER CODE END TIM10_MspPostInit 0 */
 394:Core/Src/tim.c **** 
 395:Core/Src/tim.c ****     __HAL_RCC_GPIOB_CLK_ENABLE();
 396:Core/Src/tim.c ****     /**TIM10 GPIO Configuration
 397:Core/Src/tim.c ****     PB8     ------> TIM10_CH1
 398:Core/Src/tim.c ****     */
ARM GAS  /tmp/ccigZTgq.s 			page 20


 399:Core/Src/tim.c ****     GPIO_InitStruct.Pin = GPIO_PIN_8;
 400:Core/Src/tim.c ****     GPIO_InitStruct.Mode = GPIO_MODE_AF_PP;
 401:Core/Src/tim.c ****     GPIO_InitStruct.Pull = GPIO_NOPULL;
 402:Core/Src/tim.c ****     GPIO_InitStruct.Speed = GPIO_SPEED_FREQ_LOW;
 403:Core/Src/tim.c ****     GPIO_InitStruct.Alternate = GPIO_AF3_TIM10;
 404:Core/Src/tim.c ****     HAL_GPIO_Init(GPIOB, &GPIO_InitStruct);
 405:Core/Src/tim.c **** 
 406:Core/Src/tim.c ****   /* USER CODE BEGIN TIM10_MspPostInit 1 */
 407:Core/Src/tim.c **** 
 408:Core/Src/tim.c ****   /* USER CODE END TIM10_MspPostInit 1 */
 409:Core/Src/tim.c ****   }
 410:Core/Src/tim.c ****   else if(timHandle->Instance==TIM11)
 636              		.loc 1 410 8 is_stmt 1 view .LVU183
 637              		.loc 1 410 10 is_stmt 0 view .LVU184
 638 001e 294A     		ldr	r2, .L50+8
 639 0020 9342     		cmp	r3, r2
 640 0022 32D0     		beq	.L49
 641              	.LVL21:
 642              	.L42:
 411:Core/Src/tim.c ****   {
 412:Core/Src/tim.c ****   /* USER CODE BEGIN TIM11_MspPostInit 0 */
 413:Core/Src/tim.c **** 
 414:Core/Src/tim.c ****   /* USER CODE END TIM11_MspPostInit 0 */
 415:Core/Src/tim.c **** 
 416:Core/Src/tim.c ****     __HAL_RCC_GPIOB_CLK_ENABLE();
 417:Core/Src/tim.c ****     /**TIM11 GPIO Configuration
 418:Core/Src/tim.c ****     PB9     ------> TIM11_CH1
 419:Core/Src/tim.c ****     */
 420:Core/Src/tim.c ****     GPIO_InitStruct.Pin = GPIO_PIN_9;
 421:Core/Src/tim.c ****     GPIO_InitStruct.Mode = GPIO_MODE_AF_PP;
 422:Core/Src/tim.c ****     GPIO_InitStruct.Pull = GPIO_NOPULL;
 423:Core/Src/tim.c ****     GPIO_InitStruct.Speed = GPIO_SPEED_FREQ_LOW;
 424:Core/Src/tim.c ****     GPIO_InitStruct.Alternate = GPIO_AF3_TIM11;
 425:Core/Src/tim.c ****     HAL_GPIO_Init(GPIOB, &GPIO_InitStruct);
 426:Core/Src/tim.c **** 
 427:Core/Src/tim.c ****   /* USER CODE BEGIN TIM11_MspPostInit 1 */
 428:Core/Src/tim.c **** 
 429:Core/Src/tim.c ****   /* USER CODE END TIM11_MspPostInit 1 */
 430:Core/Src/tim.c ****   }
 431:Core/Src/tim.c **** 
 432:Core/Src/tim.c **** }
 643              		.loc 1 432 1 view .LVU185
 644 0024 09B0     		add	sp, sp, #36
 645              	.LCFI19:
 646              		.cfi_remember_state
 647              		.cfi_def_cfa_offset 4
 648              		@ sp needed
 649 0026 5DF804FB 		ldr	pc, [sp], #4
 650              	.LVL22:
 651              	.L47:
 652              	.LCFI20:
 653              		.cfi_restore_state
 373:Core/Src/tim.c ****     /**TIM1 GPIO Configuration
 654              		.loc 1 373 5 is_stmt 1 view .LVU186
 655              	.LBB9:
 373:Core/Src/tim.c ****     /**TIM1 GPIO Configuration
 656              		.loc 1 373 5 view .LVU187
ARM GAS  /tmp/ccigZTgq.s 			page 21


 657 002a 0023     		movs	r3, #0
 658 002c 0093     		str	r3, [sp]
 373:Core/Src/tim.c ****     /**TIM1 GPIO Configuration
 659              		.loc 1 373 5 view .LVU188
 660 002e 264B     		ldr	r3, .L50+12
 661 0030 1A6B     		ldr	r2, [r3, #48]
 662 0032 42F01002 		orr	r2, r2, #16
 663 0036 1A63     		str	r2, [r3, #48]
 373:Core/Src/tim.c ****     /**TIM1 GPIO Configuration
 664              		.loc 1 373 5 view .LVU189
 665 0038 1B6B     		ldr	r3, [r3, #48]
 666 003a 03F01003 		and	r3, r3, #16
 667 003e 0093     		str	r3, [sp]
 373:Core/Src/tim.c ****     /**TIM1 GPIO Configuration
 668              		.loc 1 373 5 view .LVU190
 669 0040 009B     		ldr	r3, [sp]
 670              	.LBE9:
 373:Core/Src/tim.c ****     /**TIM1 GPIO Configuration
 671              		.loc 1 373 5 view .LVU191
 378:Core/Src/tim.c ****     GPIO_InitStruct.Mode = GPIO_MODE_AF_PP;
 672              		.loc 1 378 5 view .LVU192
 378:Core/Src/tim.c ****     GPIO_InitStruct.Mode = GPIO_MODE_AF_PP;
 673              		.loc 1 378 25 is_stmt 0 view .LVU193
 674 0042 4FF4C043 		mov	r3, #24576
 675 0046 0393     		str	r3, [sp, #12]
 379:Core/Src/tim.c ****     GPIO_InitStruct.Pull = GPIO_NOPULL;
 676              		.loc 1 379 5 is_stmt 1 view .LVU194
 379:Core/Src/tim.c ****     GPIO_InitStruct.Pull = GPIO_NOPULL;
 677              		.loc 1 379 26 is_stmt 0 view .LVU195
 678 0048 0223     		movs	r3, #2
 679 004a 0493     		str	r3, [sp, #16]
 380:Core/Src/tim.c ****     GPIO_InitStruct.Speed = GPIO_SPEED_FREQ_LOW;
 680              		.loc 1 380 5 is_stmt 1 view .LVU196
 381:Core/Src/tim.c ****     GPIO_InitStruct.Alternate = GPIO_AF1_TIM1;
 681              		.loc 1 381 5 view .LVU197
 382:Core/Src/tim.c ****     HAL_GPIO_Init(GPIOE, &GPIO_InitStruct);
 682              		.loc 1 382 5 view .LVU198
 382:Core/Src/tim.c ****     HAL_GPIO_Init(GPIOE, &GPIO_InitStruct);
 683              		.loc 1 382 31 is_stmt 0 view .LVU199
 684 004c 0123     		movs	r3, #1
 685 004e 0793     		str	r3, [sp, #28]
 383:Core/Src/tim.c **** 
 686              		.loc 1 383 5 is_stmt 1 view .LVU200
 687 0050 03A9     		add	r1, sp, #12
 688 0052 1E48     		ldr	r0, .L50+16
 689              	.LVL23:
 383:Core/Src/tim.c **** 
 690              		.loc 1 383 5 is_stmt 0 view .LVU201
 691 0054 FFF7FEFF 		bl	HAL_GPIO_Init
 692              	.LVL24:
 693 0058 E4E7     		b	.L42
 694              	.LVL25:
 695              	.L48:
 395:Core/Src/tim.c ****     /**TIM10 GPIO Configuration
 696              		.loc 1 395 5 is_stmt 1 view .LVU202
 697              	.LBB10:
 395:Core/Src/tim.c ****     /**TIM10 GPIO Configuration
ARM GAS  /tmp/ccigZTgq.s 			page 22


 698              		.loc 1 395 5 view .LVU203
 699 005a 0023     		movs	r3, #0
 700 005c 0193     		str	r3, [sp, #4]
 395:Core/Src/tim.c ****     /**TIM10 GPIO Configuration
 701              		.loc 1 395 5 view .LVU204
 702 005e 1A4B     		ldr	r3, .L50+12
 703 0060 1A6B     		ldr	r2, [r3, #48]
 704 0062 42F00202 		orr	r2, r2, #2
 705 0066 1A63     		str	r2, [r3, #48]
 395:Core/Src/tim.c ****     /**TIM10 GPIO Configuration
 706              		.loc 1 395 5 view .LVU205
 707 0068 1B6B     		ldr	r3, [r3, #48]
 708 006a 03F00203 		and	r3, r3, #2
 709 006e 0193     		str	r3, [sp, #4]
 395:Core/Src/tim.c ****     /**TIM10 GPIO Configuration
 710              		.loc 1 395 5 view .LVU206
 711 0070 019B     		ldr	r3, [sp, #4]
 712              	.LBE10:
 395:Core/Src/tim.c ****     /**TIM10 GPIO Configuration
 713              		.loc 1 395 5 view .LVU207
 399:Core/Src/tim.c ****     GPIO_InitStruct.Mode = GPIO_MODE_AF_PP;
 714              		.loc 1 399 5 view .LVU208
 399:Core/Src/tim.c ****     GPIO_InitStruct.Mode = GPIO_MODE_AF_PP;
 715              		.loc 1 399 25 is_stmt 0 view .LVU209
 716 0072 4FF48073 		mov	r3, #256
 717 0076 0393     		str	r3, [sp, #12]
 400:Core/Src/tim.c ****     GPIO_InitStruct.Pull = GPIO_NOPULL;
 718              		.loc 1 400 5 is_stmt 1 view .LVU210
 400:Core/Src/tim.c ****     GPIO_InitStruct.Pull = GPIO_NOPULL;
 719              		.loc 1 400 26 is_stmt 0 view .LVU211
 720 0078 0223     		movs	r3, #2
 721 007a 0493     		str	r3, [sp, #16]
 401:Core/Src/tim.c ****     GPIO_InitStruct.Speed = GPIO_SPEED_FREQ_LOW;
 722              		.loc 1 401 5 is_stmt 1 view .LVU212
 402:Core/Src/tim.c ****     GPIO_InitStruct.Alternate = GPIO_AF3_TIM10;
 723              		.loc 1 402 5 view .LVU213
 403:Core/Src/tim.c ****     HAL_GPIO_Init(GPIOB, &GPIO_InitStruct);
 724              		.loc 1 403 5 view .LVU214
 403:Core/Src/tim.c ****     HAL_GPIO_Init(GPIOB, &GPIO_InitStruct);
 725              		.loc 1 403 31 is_stmt 0 view .LVU215
 726 007c 0323     		movs	r3, #3
 727 007e 0793     		str	r3, [sp, #28]
 404:Core/Src/tim.c **** 
 728              		.loc 1 404 5 is_stmt 1 view .LVU216
 729 0080 03A9     		add	r1, sp, #12
 730 0082 1348     		ldr	r0, .L50+20
 731              	.LVL26:
 404:Core/Src/tim.c **** 
 732              		.loc 1 404 5 is_stmt 0 view .LVU217
 733 0084 FFF7FEFF 		bl	HAL_GPIO_Init
 734              	.LVL27:
 735 0088 CCE7     		b	.L42
 736              	.LVL28:
 737              	.L49:
 416:Core/Src/tim.c ****     /**TIM11 GPIO Configuration
 738              		.loc 1 416 5 is_stmt 1 view .LVU218
 739              	.LBB11:
ARM GAS  /tmp/ccigZTgq.s 			page 23


 416:Core/Src/tim.c ****     /**TIM11 GPIO Configuration
 740              		.loc 1 416 5 view .LVU219
 741 008a 0023     		movs	r3, #0
 742 008c 0293     		str	r3, [sp, #8]
 416:Core/Src/tim.c ****     /**TIM11 GPIO Configuration
 743              		.loc 1 416 5 view .LVU220
 744 008e 0E4B     		ldr	r3, .L50+12
 745 0090 1A6B     		ldr	r2, [r3, #48]
 746 0092 42F00202 		orr	r2, r2, #2
 747 0096 1A63     		str	r2, [r3, #48]
 416:Core/Src/tim.c ****     /**TIM11 GPIO Configuration
 748              		.loc 1 416 5 view .LVU221
 749 0098 1B6B     		ldr	r3, [r3, #48]
 750 009a 03F00203 		and	r3, r3, #2
 751 009e 0293     		str	r3, [sp, #8]
 416:Core/Src/tim.c ****     /**TIM11 GPIO Configuration
 752              		.loc 1 416 5 view .LVU222
 753 00a0 029B     		ldr	r3, [sp, #8]
 754              	.LBE11:
 416:Core/Src/tim.c ****     /**TIM11 GPIO Configuration
 755              		.loc 1 416 5 view .LVU223
 420:Core/Src/tim.c ****     GPIO_InitStruct.Mode = GPIO_MODE_AF_PP;
 756              		.loc 1 420 5 view .LVU224
 420:Core/Src/tim.c ****     GPIO_InitStruct.Mode = GPIO_MODE_AF_PP;
 757              		.loc 1 420 25 is_stmt 0 view .LVU225
 758 00a2 4FF40073 		mov	r3, #512
 759 00a6 0393     		str	r3, [sp, #12]
 421:Core/Src/tim.c ****     GPIO_InitStruct.Pull = GPIO_NOPULL;
 760              		.loc 1 421 5 is_stmt 1 view .LVU226
 421:Core/Src/tim.c ****     GPIO_InitStruct.Pull = GPIO_NOPULL;
 761              		.loc 1 421 26 is_stmt 0 view .LVU227
 762 00a8 0223     		movs	r3, #2
 763 00aa 0493     		str	r3, [sp, #16]
 422:Core/Src/tim.c ****     GPIO_InitStruct.Speed = GPIO_SPEED_FREQ_LOW;
 764              		.loc 1 422 5 is_stmt 1 view .LVU228
 423:Core/Src/tim.c ****     GPIO_InitStruct.Alternate = GPIO_AF3_TIM11;
 765              		.loc 1 423 5 view .LVU229
 424:Core/Src/tim.c ****     HAL_GPIO_Init(GPIOB, &GPIO_InitStruct);
 766              		.loc 1 424 5 view .LVU230
 424:Core/Src/tim.c ****     HAL_GPIO_Init(GPIOB, &GPIO_InitStruct);
 767              		.loc 1 424 31 is_stmt 0 view .LVU231
 768 00ac 0323     		movs	r3, #3
 769 00ae 0793     		str	r3, [sp, #28]
 425:Core/Src/tim.c **** 
 770              		.loc 1 425 5 is_stmt 1 view .LVU232
 771 00b0 03A9     		add	r1, sp, #12
 772 00b2 0748     		ldr	r0, .L50+20
 773              	.LVL29:
 425:Core/Src/tim.c **** 
 774              		.loc 1 425 5 is_stmt 0 view .LVU233
 775 00b4 FFF7FEFF 		bl	HAL_GPIO_Init
 776              	.LVL30:
 777              		.loc 1 432 1 view .LVU234
 778 00b8 B4E7     		b	.L42
 779              	.L51:
 780 00ba 00BF     		.align	2
 781              	.L50:
ARM GAS  /tmp/ccigZTgq.s 			page 24


 782 00bc 00000140 		.word	1073807360
 783 00c0 00440140 		.word	1073824768
 784 00c4 00480140 		.word	1073825792
 785 00c8 00380240 		.word	1073887232
 786 00cc 00100240 		.word	1073876992
 787 00d0 00040240 		.word	1073873920
 788              		.cfi_endproc
 789              	.LFE247:
 791              		.section	.text.MX_TIM1_Init,"ax",%progbits
 792              		.align	1
 793              		.global	MX_TIM1_Init
 794              		.syntax unified
 795              		.thumb
 796              		.thumb_func
 798              	MX_TIM1_Init:
 799              	.LFB239:
  35:Core/Src/tim.c **** 
 800              		.loc 1 35 1 is_stmt 1 view -0
 801              		.cfi_startproc
 802              		@ args = 0, pretend = 0, frame = 72
 803              		@ frame_needed = 0, uses_anonymous_args = 0
 804 0000 10B5     		push	{r4, lr}
 805              	.LCFI21:
 806              		.cfi_def_cfa_offset 8
 807              		.cfi_offset 4, -8
 808              		.cfi_offset 14, -4
 809 0002 92B0     		sub	sp, sp, #72
 810              	.LCFI22:
 811              		.cfi_def_cfa_offset 80
  41:Core/Src/tim.c ****   TIM_OC_InitTypeDef sConfigOC = {0};
 812              		.loc 1 41 3 view .LVU236
  41:Core/Src/tim.c ****   TIM_OC_InitTypeDef sConfigOC = {0};
 813              		.loc 1 41 27 is_stmt 0 view .LVU237
 814 0004 0024     		movs	r4, #0
 815 0006 1094     		str	r4, [sp, #64]
 816 0008 1194     		str	r4, [sp, #68]
  42:Core/Src/tim.c ****   TIM_BreakDeadTimeConfigTypeDef sBreakDeadTimeConfig = {0};
 817              		.loc 1 42 3 is_stmt 1 view .LVU238
  42:Core/Src/tim.c ****   TIM_BreakDeadTimeConfigTypeDef sBreakDeadTimeConfig = {0};
 818              		.loc 1 42 22 is_stmt 0 view .LVU239
 819 000a 0994     		str	r4, [sp, #36]
 820 000c 0A94     		str	r4, [sp, #40]
 821 000e 0B94     		str	r4, [sp, #44]
 822 0010 0C94     		str	r4, [sp, #48]
 823 0012 0D94     		str	r4, [sp, #52]
 824 0014 0E94     		str	r4, [sp, #56]
 825 0016 0F94     		str	r4, [sp, #60]
  43:Core/Src/tim.c **** 
 826              		.loc 1 43 3 is_stmt 1 view .LVU240
  43:Core/Src/tim.c **** 
 827              		.loc 1 43 34 is_stmt 0 view .LVU241
 828 0018 2022     		movs	r2, #32
 829 001a 2146     		mov	r1, r4
 830 001c 01A8     		add	r0, sp, #4
 831 001e FFF7FEFF 		bl	memset
 832              	.LVL31:
  48:Core/Src/tim.c ****   htim1.Init.Prescaler = 9;
ARM GAS  /tmp/ccigZTgq.s 			page 25


 833              		.loc 1 48 3 is_stmt 1 view .LVU242
  48:Core/Src/tim.c ****   htim1.Init.Prescaler = 9;
 834              		.loc 1 48 18 is_stmt 0 view .LVU243
 835 0022 2848     		ldr	r0, .L64
 836 0024 284B     		ldr	r3, .L64+4
 837 0026 0360     		str	r3, [r0]
  49:Core/Src/tim.c ****   htim1.Init.CounterMode = TIM_COUNTERMODE_UP;
 838              		.loc 1 49 3 is_stmt 1 view .LVU244
  49:Core/Src/tim.c ****   htim1.Init.CounterMode = TIM_COUNTERMODE_UP;
 839              		.loc 1 49 24 is_stmt 0 view .LVU245
 840 0028 0923     		movs	r3, #9
 841 002a 4360     		str	r3, [r0, #4]
  50:Core/Src/tim.c ****   htim1.Init.Period = 999;
 842              		.loc 1 50 3 is_stmt 1 view .LVU246
  50:Core/Src/tim.c ****   htim1.Init.Period = 999;
 843              		.loc 1 50 26 is_stmt 0 view .LVU247
 844 002c 8460     		str	r4, [r0, #8]
  51:Core/Src/tim.c ****   htim1.Init.ClockDivision = TIM_CLOCKDIVISION_DIV1;
 845              		.loc 1 51 3 is_stmt 1 view .LVU248
  51:Core/Src/tim.c ****   htim1.Init.ClockDivision = TIM_CLOCKDIVISION_DIV1;
 846              		.loc 1 51 21 is_stmt 0 view .LVU249
 847 002e 40F2E733 		movw	r3, #999
 848 0032 C360     		str	r3, [r0, #12]
  52:Core/Src/tim.c ****   htim1.Init.RepetitionCounter = 0;
 849              		.loc 1 52 3 is_stmt 1 view .LVU250
  52:Core/Src/tim.c ****   htim1.Init.RepetitionCounter = 0;
 850              		.loc 1 52 28 is_stmt 0 view .LVU251
 851 0034 0461     		str	r4, [r0, #16]
  53:Core/Src/tim.c ****   htim1.Init.AutoReloadPreload = TIM_AUTORELOAD_PRELOAD_DISABLE;
 852              		.loc 1 53 3 is_stmt 1 view .LVU252
  53:Core/Src/tim.c ****   htim1.Init.AutoReloadPreload = TIM_AUTORELOAD_PRELOAD_DISABLE;
 853              		.loc 1 53 32 is_stmt 0 view .LVU253
 854 0036 4461     		str	r4, [r0, #20]
  54:Core/Src/tim.c ****   if (HAL_TIM_PWM_Init(&htim1) != HAL_OK)
 855              		.loc 1 54 3 is_stmt 1 view .LVU254
  54:Core/Src/tim.c ****   if (HAL_TIM_PWM_Init(&htim1) != HAL_OK)
 856              		.loc 1 54 32 is_stmt 0 view .LVU255
 857 0038 8461     		str	r4, [r0, #24]
  55:Core/Src/tim.c ****   {
 858              		.loc 1 55 3 is_stmt 1 view .LVU256
  55:Core/Src/tim.c ****   {
 859              		.loc 1 55 7 is_stmt 0 view .LVU257
 860 003a FFF7FEFF 		bl	HAL_TIM_PWM_Init
 861              	.LVL32:
  55:Core/Src/tim.c ****   {
 862              		.loc 1 55 6 discriminator 1 view .LVU258
 863 003e 0028     		cmp	r0, #0
 864 0040 31D1     		bne	.L59
 865              	.L53:
  59:Core/Src/tim.c ****   sMasterConfig.MasterSlaveMode = TIM_MASTERSLAVEMODE_DISABLE;
 866              		.loc 1 59 3 is_stmt 1 view .LVU259
  59:Core/Src/tim.c ****   sMasterConfig.MasterSlaveMode = TIM_MASTERSLAVEMODE_DISABLE;
 867              		.loc 1 59 37 is_stmt 0 view .LVU260
 868 0042 0023     		movs	r3, #0
 869 0044 1093     		str	r3, [sp, #64]
  60:Core/Src/tim.c ****   if (HAL_TIMEx_MasterConfigSynchronization(&htim1, &sMasterConfig) != HAL_OK)
 870              		.loc 1 60 3 is_stmt 1 view .LVU261
ARM GAS  /tmp/ccigZTgq.s 			page 26


  60:Core/Src/tim.c ****   if (HAL_TIMEx_MasterConfigSynchronization(&htim1, &sMasterConfig) != HAL_OK)
 871              		.loc 1 60 33 is_stmt 0 view .LVU262
 872 0046 1193     		str	r3, [sp, #68]
  61:Core/Src/tim.c ****   {
 873              		.loc 1 61 3 is_stmt 1 view .LVU263
  61:Core/Src/tim.c ****   {
 874              		.loc 1 61 7 is_stmt 0 view .LVU264
 875 0048 10A9     		add	r1, sp, #64
 876 004a 1E48     		ldr	r0, .L64
 877 004c FFF7FEFF 		bl	HAL_TIMEx_MasterConfigSynchronization
 878              	.LVL33:
  61:Core/Src/tim.c ****   {
 879              		.loc 1 61 6 discriminator 1 view .LVU265
 880 0050 0028     		cmp	r0, #0
 881 0052 2BD1     		bne	.L60
 882              	.L54:
  65:Core/Src/tim.c ****   sConfigOC.Pulse = 0;
 883              		.loc 1 65 3 is_stmt 1 view .LVU266
  65:Core/Src/tim.c ****   sConfigOC.Pulse = 0;
 884              		.loc 1 65 20 is_stmt 0 view .LVU267
 885 0054 6023     		movs	r3, #96
 886 0056 0993     		str	r3, [sp, #36]
  66:Core/Src/tim.c ****   sConfigOC.OCPolarity = TIM_OCPOLARITY_HIGH;
 887              		.loc 1 66 3 is_stmt 1 view .LVU268
  66:Core/Src/tim.c ****   sConfigOC.OCPolarity = TIM_OCPOLARITY_HIGH;
 888              		.loc 1 66 19 is_stmt 0 view .LVU269
 889 0058 0023     		movs	r3, #0
 890 005a 0A93     		str	r3, [sp, #40]
  67:Core/Src/tim.c ****   sConfigOC.OCNPolarity = TIM_OCNPOLARITY_HIGH;
 891              		.loc 1 67 3 is_stmt 1 view .LVU270
  67:Core/Src/tim.c ****   sConfigOC.OCNPolarity = TIM_OCNPOLARITY_HIGH;
 892              		.loc 1 67 24 is_stmt 0 view .LVU271
 893 005c 0B93     		str	r3, [sp, #44]
  68:Core/Src/tim.c ****   sConfigOC.OCFastMode = TIM_OCFAST_DISABLE;
 894              		.loc 1 68 3 is_stmt 1 view .LVU272
  68:Core/Src/tim.c ****   sConfigOC.OCFastMode = TIM_OCFAST_DISABLE;
 895              		.loc 1 68 25 is_stmt 0 view .LVU273
 896 005e 0C93     		str	r3, [sp, #48]
  69:Core/Src/tim.c ****   sConfigOC.OCIdleState = TIM_OCIDLESTATE_RESET;
 897              		.loc 1 69 3 is_stmt 1 view .LVU274
  69:Core/Src/tim.c ****   sConfigOC.OCIdleState = TIM_OCIDLESTATE_RESET;
 898              		.loc 1 69 24 is_stmt 0 view .LVU275
 899 0060 0D93     		str	r3, [sp, #52]
  70:Core/Src/tim.c ****   sConfigOC.OCNIdleState = TIM_OCNIDLESTATE_RESET;
 900              		.loc 1 70 3 is_stmt 1 view .LVU276
  70:Core/Src/tim.c ****   sConfigOC.OCNIdleState = TIM_OCNIDLESTATE_RESET;
 901              		.loc 1 70 25 is_stmt 0 view .LVU277
 902 0062 0E93     		str	r3, [sp, #56]
  71:Core/Src/tim.c ****   if (HAL_TIM_PWM_ConfigChannel(&htim1, &sConfigOC, TIM_CHANNEL_3) != HAL_OK)
 903              		.loc 1 71 3 is_stmt 1 view .LVU278
  71:Core/Src/tim.c ****   if (HAL_TIM_PWM_ConfigChannel(&htim1, &sConfigOC, TIM_CHANNEL_3) != HAL_OK)
 904              		.loc 1 71 26 is_stmt 0 view .LVU279
 905 0064 0F93     		str	r3, [sp, #60]
  72:Core/Src/tim.c ****   {
 906              		.loc 1 72 3 is_stmt 1 view .LVU280
  72:Core/Src/tim.c ****   {
 907              		.loc 1 72 7 is_stmt 0 view .LVU281
ARM GAS  /tmp/ccigZTgq.s 			page 27


 908 0066 0822     		movs	r2, #8
 909 0068 09A9     		add	r1, sp, #36
 910 006a 1648     		ldr	r0, .L64
 911 006c FFF7FEFF 		bl	HAL_TIM_PWM_ConfigChannel
 912              	.LVL34:
  72:Core/Src/tim.c ****   {
 913              		.loc 1 72 6 discriminator 1 view .LVU282
 914 0070 F8B9     		cbnz	r0, .L61
 915              	.L55:
  76:Core/Src/tim.c ****   {
 916              		.loc 1 76 3 is_stmt 1 view .LVU283
  76:Core/Src/tim.c ****   {
 917              		.loc 1 76 7 is_stmt 0 view .LVU284
 918 0072 0C22     		movs	r2, #12
 919 0074 09A9     		add	r1, sp, #36
 920 0076 1348     		ldr	r0, .L64
 921 0078 FFF7FEFF 		bl	HAL_TIM_PWM_ConfigChannel
 922              	.LVL35:
  76:Core/Src/tim.c ****   {
 923              		.loc 1 76 6 discriminator 1 view .LVU285
 924 007c E0B9     		cbnz	r0, .L62
 925              	.L56:
  80:Core/Src/tim.c ****   sBreakDeadTimeConfig.OffStateIDLEMode = TIM_OSSI_DISABLE;
 926              		.loc 1 80 3 is_stmt 1 view .LVU286
  80:Core/Src/tim.c ****   sBreakDeadTimeConfig.OffStateIDLEMode = TIM_OSSI_DISABLE;
 927              		.loc 1 80 40 is_stmt 0 view .LVU287
 928 007e 0023     		movs	r3, #0
 929 0080 0193     		str	r3, [sp, #4]
  81:Core/Src/tim.c ****   sBreakDeadTimeConfig.LockLevel = TIM_LOCKLEVEL_OFF;
 930              		.loc 1 81 3 is_stmt 1 view .LVU288
  81:Core/Src/tim.c ****   sBreakDeadTimeConfig.LockLevel = TIM_LOCKLEVEL_OFF;
 931              		.loc 1 81 41 is_stmt 0 view .LVU289
 932 0082 0293     		str	r3, [sp, #8]
  82:Core/Src/tim.c ****   sBreakDeadTimeConfig.DeadTime = 0;
 933              		.loc 1 82 3 is_stmt 1 view .LVU290
  82:Core/Src/tim.c ****   sBreakDeadTimeConfig.DeadTime = 0;
 934              		.loc 1 82 34 is_stmt 0 view .LVU291
 935 0084 0393     		str	r3, [sp, #12]
  83:Core/Src/tim.c ****   sBreakDeadTimeConfig.BreakState = TIM_BREAK_DISABLE;
 936              		.loc 1 83 3 is_stmt 1 view .LVU292
  83:Core/Src/tim.c ****   sBreakDeadTimeConfig.BreakState = TIM_BREAK_DISABLE;
 937              		.loc 1 83 33 is_stmt 0 view .LVU293
 938 0086 0493     		str	r3, [sp, #16]
  84:Core/Src/tim.c ****   sBreakDeadTimeConfig.BreakPolarity = TIM_BREAKPOLARITY_HIGH;
 939              		.loc 1 84 3 is_stmt 1 view .LVU294
  84:Core/Src/tim.c ****   sBreakDeadTimeConfig.BreakPolarity = TIM_BREAKPOLARITY_HIGH;
 940              		.loc 1 84 35 is_stmt 0 view .LVU295
 941 0088 0593     		str	r3, [sp, #20]
  85:Core/Src/tim.c ****   sBreakDeadTimeConfig.AutomaticOutput = TIM_AUTOMATICOUTPUT_DISABLE;
 942              		.loc 1 85 3 is_stmt 1 view .LVU296
  85:Core/Src/tim.c ****   sBreakDeadTimeConfig.AutomaticOutput = TIM_AUTOMATICOUTPUT_DISABLE;
 943              		.loc 1 85 38 is_stmt 0 view .LVU297
 944 008a 4FF40052 		mov	r2, #8192
 945 008e 0692     		str	r2, [sp, #24]
  86:Core/Src/tim.c ****   if (HAL_TIMEx_ConfigBreakDeadTime(&htim1, &sBreakDeadTimeConfig) != HAL_OK)
 946              		.loc 1 86 3 is_stmt 1 view .LVU298
  86:Core/Src/tim.c ****   if (HAL_TIMEx_ConfigBreakDeadTime(&htim1, &sBreakDeadTimeConfig) != HAL_OK)
ARM GAS  /tmp/ccigZTgq.s 			page 28


 947              		.loc 1 86 40 is_stmt 0 view .LVU299
 948 0090 0893     		str	r3, [sp, #32]
  87:Core/Src/tim.c ****   {
 949              		.loc 1 87 3 is_stmt 1 view .LVU300
  87:Core/Src/tim.c ****   {
 950              		.loc 1 87 7 is_stmt 0 view .LVU301
 951 0092 01A9     		add	r1, sp, #4
 952 0094 0B48     		ldr	r0, .L64
 953 0096 FFF7FEFF 		bl	HAL_TIMEx_ConfigBreakDeadTime
 954              	.LVL36:
  87:Core/Src/tim.c ****   {
 955              		.loc 1 87 6 discriminator 1 view .LVU302
 956 009a 80B9     		cbnz	r0, .L63
 957              	.L57:
  94:Core/Src/tim.c **** 
 958              		.loc 1 94 3 is_stmt 1 view .LVU303
 959 009c 0948     		ldr	r0, .L64
 960 009e FFF7FEFF 		bl	HAL_TIM_MspPostInit
 961              	.LVL37:
  96:Core/Src/tim.c **** /* TIM3 init function */
 962              		.loc 1 96 1 is_stmt 0 view .LVU304
 963 00a2 12B0     		add	sp, sp, #72
 964              	.LCFI23:
 965              		.cfi_remember_state
 966              		.cfi_def_cfa_offset 8
 967              		@ sp needed
 968 00a4 10BD     		pop	{r4, pc}
 969              	.L59:
 970              	.LCFI24:
 971              		.cfi_restore_state
  57:Core/Src/tim.c ****   }
 972              		.loc 1 57 5 is_stmt 1 view .LVU305
 973 00a6 FFF7FEFF 		bl	Error_Handler
 974              	.LVL38:
 975 00aa CAE7     		b	.L53
 976              	.L60:
  63:Core/Src/tim.c ****   }
 977              		.loc 1 63 5 view .LVU306
 978 00ac FFF7FEFF 		bl	Error_Handler
 979              	.LVL39:
 980 00b0 D0E7     		b	.L54
 981              	.L61:
  74:Core/Src/tim.c ****   }
 982              		.loc 1 74 5 view .LVU307
 983 00b2 FFF7FEFF 		bl	Error_Handler
 984              	.LVL40:
 985 00b6 DCE7     		b	.L55
 986              	.L62:
  78:Core/Src/tim.c ****   }
 987              		.loc 1 78 5 view .LVU308
 988 00b8 FFF7FEFF 		bl	Error_Handler
 989              	.LVL41:
 990 00bc DFE7     		b	.L56
 991              	.L63:
  89:Core/Src/tim.c ****   }
 992              		.loc 1 89 5 view .LVU309
 993 00be FFF7FEFF 		bl	Error_Handler
ARM GAS  /tmp/ccigZTgq.s 			page 29


 994              	.LVL42:
 995 00c2 EBE7     		b	.L57
 996              	.L65:
 997              		.align	2
 998              	.L64:
 999 00c4 00000000 		.word	htim1
 1000 00c8 00000140 		.word	1073807360
 1001              		.cfi_endproc
 1002              	.LFE239:
 1004              		.section	.text.MX_TIM10_Init,"ax",%progbits
 1005              		.align	1
 1006              		.global	MX_TIM10_Init
 1007              		.syntax unified
 1008              		.thumb
 1009              		.thumb_func
 1011              	MX_TIM10_Init:
 1012              	.LFB242:
 187:Core/Src/tim.c **** 
 1013              		.loc 1 187 1 view -0
 1014              		.cfi_startproc
 1015              		@ args = 0, pretend = 0, frame = 32
 1016              		@ frame_needed = 0, uses_anonymous_args = 0
 1017 0000 00B5     		push	{lr}
 1018              	.LCFI25:
 1019              		.cfi_def_cfa_offset 4
 1020              		.cfi_offset 14, -4
 1021 0002 89B0     		sub	sp, sp, #36
 1022              	.LCFI26:
 1023              		.cfi_def_cfa_offset 40
 193:Core/Src/tim.c **** 
 1024              		.loc 1 193 3 view .LVU311
 193:Core/Src/tim.c **** 
 1025              		.loc 1 193 22 is_stmt 0 view .LVU312
 1026 0004 0023     		movs	r3, #0
 1027 0006 0193     		str	r3, [sp, #4]
 1028 0008 0293     		str	r3, [sp, #8]
 1029 000a 0393     		str	r3, [sp, #12]
 1030 000c 0493     		str	r3, [sp, #16]
 1031 000e 0593     		str	r3, [sp, #20]
 1032 0010 0693     		str	r3, [sp, #24]
 1033 0012 0793     		str	r3, [sp, #28]
 198:Core/Src/tim.c ****   htim10.Init.Prescaler = 9;
 1034              		.loc 1 198 3 is_stmt 1 view .LVU313
 198:Core/Src/tim.c ****   htim10.Init.Prescaler = 9;
 1035              		.loc 1 198 19 is_stmt 0 view .LVU314
 1036 0014 1548     		ldr	r0, .L74
 1037 0016 164A     		ldr	r2, .L74+4
 1038 0018 0260     		str	r2, [r0]
 199:Core/Src/tim.c ****   htim10.Init.CounterMode = TIM_COUNTERMODE_UP;
 1039              		.loc 1 199 3 is_stmt 1 view .LVU315
 199:Core/Src/tim.c ****   htim10.Init.CounterMode = TIM_COUNTERMODE_UP;
 1040              		.loc 1 199 25 is_stmt 0 view .LVU316
 1041 001a 0922     		movs	r2, #9
 1042 001c 4260     		str	r2, [r0, #4]
 200:Core/Src/tim.c ****   htim10.Init.Period = 999;
 1043              		.loc 1 200 3 is_stmt 1 view .LVU317
 200:Core/Src/tim.c ****   htim10.Init.Period = 999;
ARM GAS  /tmp/ccigZTgq.s 			page 30


 1044              		.loc 1 200 27 is_stmt 0 view .LVU318
 1045 001e 8360     		str	r3, [r0, #8]
 201:Core/Src/tim.c ****   htim10.Init.ClockDivision = TIM_CLOCKDIVISION_DIV1;
 1046              		.loc 1 201 3 is_stmt 1 view .LVU319
 201:Core/Src/tim.c ****   htim10.Init.ClockDivision = TIM_CLOCKDIVISION_DIV1;
 1047              		.loc 1 201 22 is_stmt 0 view .LVU320
 1048 0020 40F2E732 		movw	r2, #999
 1049 0024 C260     		str	r2, [r0, #12]
 202:Core/Src/tim.c ****   htim10.Init.AutoReloadPreload = TIM_AUTORELOAD_PRELOAD_DISABLE;
 1050              		.loc 1 202 3 is_stmt 1 view .LVU321
 202:Core/Src/tim.c ****   htim10.Init.AutoReloadPreload = TIM_AUTORELOAD_PRELOAD_DISABLE;
 1051              		.loc 1 202 29 is_stmt 0 view .LVU322
 1052 0026 0361     		str	r3, [r0, #16]
 203:Core/Src/tim.c ****   if (HAL_TIM_Base_Init(&htim10) != HAL_OK)
 1053              		.loc 1 203 3 is_stmt 1 view .LVU323
 203:Core/Src/tim.c ****   if (HAL_TIM_Base_Init(&htim10) != HAL_OK)
 1054              		.loc 1 203 33 is_stmt 0 view .LVU324
 1055 0028 8361     		str	r3, [r0, #24]
 204:Core/Src/tim.c ****   {
 1056              		.loc 1 204 3 is_stmt 1 view .LVU325
 204:Core/Src/tim.c ****   {
 1057              		.loc 1 204 7 is_stmt 0 view .LVU326
 1058 002a FFF7FEFF 		bl	HAL_TIM_Base_Init
 1059              	.LVL43:
 204:Core/Src/tim.c ****   {
 1060              		.loc 1 204 6 discriminator 1 view .LVU327
 1061 002e A0B9     		cbnz	r0, .L71
 1062              	.L67:
 208:Core/Src/tim.c ****   {
 1063              		.loc 1 208 3 is_stmt 1 view .LVU328
 208:Core/Src/tim.c ****   {
 1064              		.loc 1 208 7 is_stmt 0 view .LVU329
 1065 0030 0E48     		ldr	r0, .L74
 1066 0032 FFF7FEFF 		bl	HAL_TIM_PWM_Init
 1067              	.LVL44:
 208:Core/Src/tim.c ****   {
 1068              		.loc 1 208 6 discriminator 1 view .LVU330
 1069 0036 98B9     		cbnz	r0, .L72
 1070              	.L68:
 212:Core/Src/tim.c ****   sConfigOC.Pulse = 0;
 1071              		.loc 1 212 3 is_stmt 1 view .LVU331
 212:Core/Src/tim.c ****   sConfigOC.Pulse = 0;
 1072              		.loc 1 212 20 is_stmt 0 view .LVU332
 1073 0038 6023     		movs	r3, #96
 1074 003a 0193     		str	r3, [sp, #4]
 213:Core/Src/tim.c ****   sConfigOC.OCPolarity = TIM_OCPOLARITY_HIGH;
 1075              		.loc 1 213 3 is_stmt 1 view .LVU333
 213:Core/Src/tim.c ****   sConfigOC.OCPolarity = TIM_OCPOLARITY_HIGH;
 1076              		.loc 1 213 19 is_stmt 0 view .LVU334
 1077 003c 0022     		movs	r2, #0
 1078 003e 0292     		str	r2, [sp, #8]
 214:Core/Src/tim.c ****   sConfigOC.OCFastMode = TIM_OCFAST_DISABLE;
 1079              		.loc 1 214 3 is_stmt 1 view .LVU335
 214:Core/Src/tim.c ****   sConfigOC.OCFastMode = TIM_OCFAST_DISABLE;
 1080              		.loc 1 214 24 is_stmt 0 view .LVU336
 1081 0040 0392     		str	r2, [sp, #12]
 215:Core/Src/tim.c ****   if (HAL_TIM_PWM_ConfigChannel(&htim10, &sConfigOC, TIM_CHANNEL_1) != HAL_OK)
ARM GAS  /tmp/ccigZTgq.s 			page 31


 1082              		.loc 1 215 3 is_stmt 1 view .LVU337
 215:Core/Src/tim.c ****   if (HAL_TIM_PWM_ConfigChannel(&htim10, &sConfigOC, TIM_CHANNEL_1) != HAL_OK)
 1083              		.loc 1 215 24 is_stmt 0 view .LVU338
 1084 0042 0592     		str	r2, [sp, #20]
 216:Core/Src/tim.c ****   {
 1085              		.loc 1 216 3 is_stmt 1 view .LVU339
 216:Core/Src/tim.c ****   {
 1086              		.loc 1 216 7 is_stmt 0 view .LVU340
 1087 0044 01A9     		add	r1, sp, #4
 1088 0046 0948     		ldr	r0, .L74
 1089 0048 FFF7FEFF 		bl	HAL_TIM_PWM_ConfigChannel
 1090              	.LVL45:
 216:Core/Src/tim.c ****   {
 1091              		.loc 1 216 6 discriminator 1 view .LVU341
 1092 004c 58B9     		cbnz	r0, .L73
 1093              	.L69:
 223:Core/Src/tim.c **** 
 1094              		.loc 1 223 3 is_stmt 1 view .LVU342
 1095 004e 0748     		ldr	r0, .L74
 1096 0050 FFF7FEFF 		bl	HAL_TIM_MspPostInit
 1097              	.LVL46:
 225:Core/Src/tim.c **** /* TIM11 init function */
 1098              		.loc 1 225 1 is_stmt 0 view .LVU343
 1099 0054 09B0     		add	sp, sp, #36
 1100              	.LCFI27:
 1101              		.cfi_remember_state
 1102              		.cfi_def_cfa_offset 4
 1103              		@ sp needed
 1104 0056 5DF804FB 		ldr	pc, [sp], #4
 1105              	.L71:
 1106              	.LCFI28:
 1107              		.cfi_restore_state
 206:Core/Src/tim.c ****   }
 1108              		.loc 1 206 5 is_stmt 1 view .LVU344
 1109 005a FFF7FEFF 		bl	Error_Handler
 1110              	.LVL47:
 1111 005e E7E7     		b	.L67
 1112              	.L72:
 210:Core/Src/tim.c ****   }
 1113              		.loc 1 210 5 view .LVU345
 1114 0060 FFF7FEFF 		bl	Error_Handler
 1115              	.LVL48:
 1116 0064 E8E7     		b	.L68
 1117              	.L73:
 218:Core/Src/tim.c ****   }
 1118              		.loc 1 218 5 view .LVU346
 1119 0066 FFF7FEFF 		bl	Error_Handler
 1120              	.LVL49:
 1121 006a F0E7     		b	.L69
 1122              	.L75:
 1123              		.align	2
 1124              	.L74:
 1125 006c 00000000 		.word	htim10
 1126 0070 00440140 		.word	1073824768
 1127              		.cfi_endproc
 1128              	.LFE242:
 1130              		.section	.text.MX_TIM11_Init,"ax",%progbits
ARM GAS  /tmp/ccigZTgq.s 			page 32


 1131              		.align	1
 1132              		.global	MX_TIM11_Init
 1133              		.syntax unified
 1134              		.thumb
 1135              		.thumb_func
 1137              	MX_TIM11_Init:
 1138              	.LFB243:
 228:Core/Src/tim.c **** 
 1139              		.loc 1 228 1 view -0
 1140              		.cfi_startproc
 1141              		@ args = 0, pretend = 0, frame = 32
 1142              		@ frame_needed = 0, uses_anonymous_args = 0
 1143 0000 00B5     		push	{lr}
 1144              	.LCFI29:
 1145              		.cfi_def_cfa_offset 4
 1146              		.cfi_offset 14, -4
 1147 0002 89B0     		sub	sp, sp, #36
 1148              	.LCFI30:
 1149              		.cfi_def_cfa_offset 40
 234:Core/Src/tim.c **** 
 1150              		.loc 1 234 3 view .LVU348
 234:Core/Src/tim.c **** 
 1151              		.loc 1 234 22 is_stmt 0 view .LVU349
 1152 0004 0023     		movs	r3, #0
 1153 0006 0193     		str	r3, [sp, #4]
 1154 0008 0293     		str	r3, [sp, #8]
 1155 000a 0393     		str	r3, [sp, #12]
 1156 000c 0493     		str	r3, [sp, #16]
 1157 000e 0593     		str	r3, [sp, #20]
 1158 0010 0693     		str	r3, [sp, #24]
 1159 0012 0793     		str	r3, [sp, #28]
 239:Core/Src/tim.c ****   htim11.Init.Prescaler = 9;
 1160              		.loc 1 239 3 is_stmt 1 view .LVU350
 239:Core/Src/tim.c ****   htim11.Init.Prescaler = 9;
 1161              		.loc 1 239 19 is_stmt 0 view .LVU351
 1162 0014 1548     		ldr	r0, .L84
 1163 0016 164A     		ldr	r2, .L84+4
 1164 0018 0260     		str	r2, [r0]
 240:Core/Src/tim.c ****   htim11.Init.CounterMode = TIM_COUNTERMODE_UP;
 1165              		.loc 1 240 3 is_stmt 1 view .LVU352
 240:Core/Src/tim.c ****   htim11.Init.CounterMode = TIM_COUNTERMODE_UP;
 1166              		.loc 1 240 25 is_stmt 0 view .LVU353
 1167 001a 0922     		movs	r2, #9
 1168 001c 4260     		str	r2, [r0, #4]
 241:Core/Src/tim.c ****   htim11.Init.Period = 999;
 1169              		.loc 1 241 3 is_stmt 1 view .LVU354
 241:Core/Src/tim.c ****   htim11.Init.Period = 999;
 1170              		.loc 1 241 27 is_stmt 0 view .LVU355
 1171 001e 8360     		str	r3, [r0, #8]
 242:Core/Src/tim.c ****   htim11.Init.ClockDivision = TIM_CLOCKDIVISION_DIV1;
 1172              		.loc 1 242 3 is_stmt 1 view .LVU356
 242:Core/Src/tim.c ****   htim11.Init.ClockDivision = TIM_CLOCKDIVISION_DIV1;
 1173              		.loc 1 242 22 is_stmt 0 view .LVU357
 1174 0020 40F2E732 		movw	r2, #999
 1175 0024 C260     		str	r2, [r0, #12]
 243:Core/Src/tim.c ****   htim11.Init.AutoReloadPreload = TIM_AUTORELOAD_PRELOAD_DISABLE;
 1176              		.loc 1 243 3 is_stmt 1 view .LVU358
ARM GAS  /tmp/ccigZTgq.s 			page 33


 243:Core/Src/tim.c ****   htim11.Init.AutoReloadPreload = TIM_AUTORELOAD_PRELOAD_DISABLE;
 1177              		.loc 1 243 29 is_stmt 0 view .LVU359
 1178 0026 0361     		str	r3, [r0, #16]
 244:Core/Src/tim.c ****   if (HAL_TIM_Base_Init(&htim11) != HAL_OK)
 1179              		.loc 1 244 3 is_stmt 1 view .LVU360
 244:Core/Src/tim.c ****   if (HAL_TIM_Base_Init(&htim11) != HAL_OK)
 1180              		.loc 1 244 33 is_stmt 0 view .LVU361
 1181 0028 8361     		str	r3, [r0, #24]
 245:Core/Src/tim.c ****   {
 1182              		.loc 1 245 3 is_stmt 1 view .LVU362
 245:Core/Src/tim.c ****   {
 1183              		.loc 1 245 7 is_stmt 0 view .LVU363
 1184 002a FFF7FEFF 		bl	HAL_TIM_Base_Init
 1185              	.LVL50:
 245:Core/Src/tim.c ****   {
 1186              		.loc 1 245 6 discriminator 1 view .LVU364
 1187 002e A0B9     		cbnz	r0, .L81
 1188              	.L77:
 249:Core/Src/tim.c ****   {
 1189              		.loc 1 249 3 is_stmt 1 view .LVU365
 249:Core/Src/tim.c ****   {
 1190              		.loc 1 249 7 is_stmt 0 view .LVU366
 1191 0030 0E48     		ldr	r0, .L84
 1192 0032 FFF7FEFF 		bl	HAL_TIM_PWM_Init
 1193              	.LVL51:
 249:Core/Src/tim.c ****   {
 1194              		.loc 1 249 6 discriminator 1 view .LVU367
 1195 0036 98B9     		cbnz	r0, .L82
 1196              	.L78:
 253:Core/Src/tim.c ****   sConfigOC.Pulse = 0;
 1197              		.loc 1 253 3 is_stmt 1 view .LVU368
 253:Core/Src/tim.c ****   sConfigOC.Pulse = 0;
 1198              		.loc 1 253 20 is_stmt 0 view .LVU369
 1199 0038 6023     		movs	r3, #96
 1200 003a 0193     		str	r3, [sp, #4]
 254:Core/Src/tim.c ****   sConfigOC.OCPolarity = TIM_OCPOLARITY_HIGH;
 1201              		.loc 1 254 3 is_stmt 1 view .LVU370
 254:Core/Src/tim.c ****   sConfigOC.OCPolarity = TIM_OCPOLARITY_HIGH;
 1202              		.loc 1 254 19 is_stmt 0 view .LVU371
 1203 003c 0022     		movs	r2, #0
 1204 003e 0292     		str	r2, [sp, #8]
 255:Core/Src/tim.c ****   sConfigOC.OCFastMode = TIM_OCFAST_DISABLE;
 1205              		.loc 1 255 3 is_stmt 1 view .LVU372
 255:Core/Src/tim.c ****   sConfigOC.OCFastMode = TIM_OCFAST_DISABLE;
 1206              		.loc 1 255 24 is_stmt 0 view .LVU373
 1207 0040 0392     		str	r2, [sp, #12]
 256:Core/Src/tim.c ****   if (HAL_TIM_PWM_ConfigChannel(&htim11, &sConfigOC, TIM_CHANNEL_1) != HAL_OK)
 1208              		.loc 1 256 3 is_stmt 1 view .LVU374
 256:Core/Src/tim.c ****   if (HAL_TIM_PWM_ConfigChannel(&htim11, &sConfigOC, TIM_CHANNEL_1) != HAL_OK)
 1209              		.loc 1 256 24 is_stmt 0 view .LVU375
 1210 0042 0592     		str	r2, [sp, #20]
 257:Core/Src/tim.c ****   {
 1211              		.loc 1 257 3 is_stmt 1 view .LVU376
 257:Core/Src/tim.c ****   {
 1212              		.loc 1 257 7 is_stmt 0 view .LVU377
 1213 0044 01A9     		add	r1, sp, #4
 1214 0046 0948     		ldr	r0, .L84
ARM GAS  /tmp/ccigZTgq.s 			page 34


 1215 0048 FFF7FEFF 		bl	HAL_TIM_PWM_ConfigChannel
 1216              	.LVL52:
 257:Core/Src/tim.c ****   {
 1217              		.loc 1 257 6 discriminator 1 view .LVU378
 1218 004c 58B9     		cbnz	r0, .L83
 1219              	.L79:
 264:Core/Src/tim.c **** 
 1220              		.loc 1 264 3 is_stmt 1 view .LVU379
 1221 004e 0748     		ldr	r0, .L84
 1222 0050 FFF7FEFF 		bl	HAL_TIM_MspPostInit
 1223              	.LVL53:
 266:Core/Src/tim.c **** 
 1224              		.loc 1 266 1 is_stmt 0 view .LVU380
 1225 0054 09B0     		add	sp, sp, #36
 1226              	.LCFI31:
 1227              		.cfi_remember_state
 1228              		.cfi_def_cfa_offset 4
 1229              		@ sp needed
 1230 0056 5DF804FB 		ldr	pc, [sp], #4
 1231              	.L81:
 1232              	.LCFI32:
 1233              		.cfi_restore_state
 247:Core/Src/tim.c ****   }
 1234              		.loc 1 247 5 is_stmt 1 view .LVU381
 1235 005a FFF7FEFF 		bl	Error_Handler
 1236              	.LVL54:
 1237 005e E7E7     		b	.L77
 1238              	.L82:
 251:Core/Src/tim.c ****   }
 1239              		.loc 1 251 5 view .LVU382
 1240 0060 FFF7FEFF 		bl	Error_Handler
 1241              	.LVL55:
 1242 0064 E8E7     		b	.L78
 1243              	.L83:
 259:Core/Src/tim.c ****   }
 1244              		.loc 1 259 5 view .LVU383
 1245 0066 FFF7FEFF 		bl	Error_Handler
 1246              	.LVL56:
 1247 006a F0E7     		b	.L79
 1248              	.L85:
 1249              		.align	2
 1250              	.L84:
 1251 006c 00000000 		.word	htim11
 1252 0070 00480140 		.word	1073825792
 1253              		.cfi_endproc
 1254              	.LFE243:
 1256              		.section	.text.HAL_TIM_PWM_MspDeInit,"ax",%progbits
 1257              		.align	1
 1258              		.global	HAL_TIM_PWM_MspDeInit
 1259              		.syntax unified
 1260              		.thumb
 1261              		.thumb_func
 1263              	HAL_TIM_PWM_MspDeInit:
 1264              	.LVL57:
 1265              	.LFB248:
 433:Core/Src/tim.c **** 
 434:Core/Src/tim.c **** void HAL_TIM_PWM_MspDeInit(TIM_HandleTypeDef* tim_pwmHandle)
ARM GAS  /tmp/ccigZTgq.s 			page 35


 435:Core/Src/tim.c **** {
 1266              		.loc 1 435 1 view -0
 1267              		.cfi_startproc
 1268              		@ args = 0, pretend = 0, frame = 0
 1269              		@ frame_needed = 0, uses_anonymous_args = 0
 1270              		@ link register save eliminated.
 436:Core/Src/tim.c **** 
 437:Core/Src/tim.c ****   if(tim_pwmHandle->Instance==TIM1)
 1271              		.loc 1 437 3 view .LVU385
 1272              		.loc 1 437 19 is_stmt 0 view .LVU386
 1273 0000 0268     		ldr	r2, [r0]
 1274              		.loc 1 437 5 view .LVU387
 1275 0002 054B     		ldr	r3, .L89
 1276 0004 9A42     		cmp	r2, r3
 1277 0006 00D0     		beq	.L88
 1278              	.L86:
 438:Core/Src/tim.c ****   {
 439:Core/Src/tim.c ****   /* USER CODE BEGIN TIM1_MspDeInit 0 */
 440:Core/Src/tim.c **** 
 441:Core/Src/tim.c ****   /* USER CODE END TIM1_MspDeInit 0 */
 442:Core/Src/tim.c ****     /* Peripheral clock disable */
 443:Core/Src/tim.c ****     __HAL_RCC_TIM1_CLK_DISABLE();
 444:Core/Src/tim.c ****   /* USER CODE BEGIN TIM1_MspDeInit 1 */
 445:Core/Src/tim.c **** 
 446:Core/Src/tim.c ****   /* USER CODE END TIM1_MspDeInit 1 */
 447:Core/Src/tim.c ****   }
 448:Core/Src/tim.c **** }
 1279              		.loc 1 448 1 view .LVU388
 1280 0008 7047     		bx	lr
 1281              	.L88:
 443:Core/Src/tim.c ****   /* USER CODE BEGIN TIM1_MspDeInit 1 */
 1282              		.loc 1 443 5 is_stmt 1 view .LVU389
 1283 000a 044A     		ldr	r2, .L89+4
 1284 000c 536C     		ldr	r3, [r2, #68]
 1285 000e 23F00103 		bic	r3, r3, #1
 1286 0012 5364     		str	r3, [r2, #68]
 1287              		.loc 1 448 1 is_stmt 0 view .LVU390
 1288 0014 F8E7     		b	.L86
 1289              	.L90:
 1290 0016 00BF     		.align	2
 1291              	.L89:
 1292 0018 00000140 		.word	1073807360
 1293 001c 00380240 		.word	1073887232
 1294              		.cfi_endproc
 1295              	.LFE248:
 1297              		.section	.text.HAL_TIM_Encoder_MspDeInit,"ax",%progbits
 1298              		.align	1
 1299              		.global	HAL_TIM_Encoder_MspDeInit
 1300              		.syntax unified
 1301              		.thumb
 1302              		.thumb_func
 1304              	HAL_TIM_Encoder_MspDeInit:
 1305              	.LVL58:
 1306              	.LFB249:
 449:Core/Src/tim.c **** 
 450:Core/Src/tim.c **** void HAL_TIM_Encoder_MspDeInit(TIM_HandleTypeDef* tim_encoderHandle)
 451:Core/Src/tim.c **** {
ARM GAS  /tmp/ccigZTgq.s 			page 36


 1307              		.loc 1 451 1 is_stmt 1 view -0
 1308              		.cfi_startproc
 1309              		@ args = 0, pretend = 0, frame = 0
 1310              		@ frame_needed = 0, uses_anonymous_args = 0
 1311              		.loc 1 451 1 is_stmt 0 view .LVU392
 1312 0000 08B5     		push	{r3, lr}
 1313              	.LCFI33:
 1314              		.cfi_def_cfa_offset 8
 1315              		.cfi_offset 3, -8
 1316              		.cfi_offset 14, -4
 452:Core/Src/tim.c **** 
 453:Core/Src/tim.c ****   if(tim_encoderHandle->Instance==TIM3)
 1317              		.loc 1 453 3 is_stmt 1 view .LVU393
 1318              		.loc 1 453 23 is_stmt 0 view .LVU394
 1319 0002 0368     		ldr	r3, [r0]
 1320              		.loc 1 453 5 view .LVU395
 1321 0004 0E4A     		ldr	r2, .L97
 1322 0006 9342     		cmp	r3, r2
 1323 0008 03D0     		beq	.L95
 454:Core/Src/tim.c ****   {
 455:Core/Src/tim.c ****   /* USER CODE BEGIN TIM3_MspDeInit 0 */
 456:Core/Src/tim.c **** 
 457:Core/Src/tim.c ****   /* USER CODE END TIM3_MspDeInit 0 */
 458:Core/Src/tim.c ****     /* Peripheral clock disable */
 459:Core/Src/tim.c ****     __HAL_RCC_TIM3_CLK_DISABLE();
 460:Core/Src/tim.c **** 
 461:Core/Src/tim.c ****     /**TIM3 GPIO Configuration
 462:Core/Src/tim.c ****     PB4     ------> TIM3_CH1
 463:Core/Src/tim.c ****     PB5     ------> TIM3_CH2
 464:Core/Src/tim.c ****     */
 465:Core/Src/tim.c ****     HAL_GPIO_DeInit(GPIOB, GPIO_PIN_4|GPIO_PIN_5);
 466:Core/Src/tim.c **** 
 467:Core/Src/tim.c ****   /* USER CODE BEGIN TIM3_MspDeInit 1 */
 468:Core/Src/tim.c **** 
 469:Core/Src/tim.c ****   /* USER CODE END TIM3_MspDeInit 1 */
 470:Core/Src/tim.c ****   }
 471:Core/Src/tim.c ****   else if(tim_encoderHandle->Instance==TIM5)
 1324              		.loc 1 471 8 is_stmt 1 view .LVU396
 1325              		.loc 1 471 10 is_stmt 0 view .LVU397
 1326 000a 0E4A     		ldr	r2, .L97+4
 1327 000c 9342     		cmp	r3, r2
 1328 000e 0BD0     		beq	.L96
 1329              	.LVL59:
 1330              	.L91:
 472:Core/Src/tim.c ****   {
 473:Core/Src/tim.c ****   /* USER CODE BEGIN TIM5_MspDeInit 0 */
 474:Core/Src/tim.c **** 
 475:Core/Src/tim.c ****   /* USER CODE END TIM5_MspDeInit 0 */
 476:Core/Src/tim.c ****     /* Peripheral clock disable */
 477:Core/Src/tim.c ****     __HAL_RCC_TIM5_CLK_DISABLE();
 478:Core/Src/tim.c **** 
 479:Core/Src/tim.c ****     /**TIM5 GPIO Configuration
 480:Core/Src/tim.c ****     PA0-WKUP     ------> TIM5_CH1
 481:Core/Src/tim.c ****     PA1     ------> TIM5_CH2
 482:Core/Src/tim.c ****     */
 483:Core/Src/tim.c ****     HAL_GPIO_DeInit(GPIOA, GPIO_PIN_0|GPIO_PIN_1);
 484:Core/Src/tim.c **** 
ARM GAS  /tmp/ccigZTgq.s 			page 37


 485:Core/Src/tim.c ****   /* USER CODE BEGIN TIM5_MspDeInit 1 */
 486:Core/Src/tim.c **** 
 487:Core/Src/tim.c ****   /* USER CODE END TIM5_MspDeInit 1 */
 488:Core/Src/tim.c ****   }
 489:Core/Src/tim.c **** }
 1331              		.loc 1 489 1 view .LVU398
 1332 0010 08BD     		pop	{r3, pc}
 1333              	.LVL60:
 1334              	.L95:
 459:Core/Src/tim.c **** 
 1335              		.loc 1 459 5 is_stmt 1 view .LVU399
 1336 0012 02F50D32 		add	r2, r2, #144384
 1337 0016 136C     		ldr	r3, [r2, #64]
 1338 0018 23F00203 		bic	r3, r3, #2
 1339 001c 1364     		str	r3, [r2, #64]
 465:Core/Src/tim.c **** 
 1340              		.loc 1 465 5 view .LVU400
 1341 001e 3021     		movs	r1, #48
 1342 0020 0948     		ldr	r0, .L97+8
 1343              	.LVL61:
 465:Core/Src/tim.c **** 
 1344              		.loc 1 465 5 is_stmt 0 view .LVU401
 1345 0022 FFF7FEFF 		bl	HAL_GPIO_DeInit
 1346              	.LVL62:
 1347 0026 F3E7     		b	.L91
 1348              	.LVL63:
 1349              	.L96:
 477:Core/Src/tim.c **** 
 1350              		.loc 1 477 5 is_stmt 1 view .LVU402
 1351 0028 02F50B32 		add	r2, r2, #142336
 1352 002c 136C     		ldr	r3, [r2, #64]
 1353 002e 23F00803 		bic	r3, r3, #8
 1354 0032 1364     		str	r3, [r2, #64]
 483:Core/Src/tim.c **** 
 1355              		.loc 1 483 5 view .LVU403
 1356 0034 0321     		movs	r1, #3
 1357 0036 0548     		ldr	r0, .L97+12
 1358              	.LVL64:
 483:Core/Src/tim.c **** 
 1359              		.loc 1 483 5 is_stmt 0 view .LVU404
 1360 0038 FFF7FEFF 		bl	HAL_GPIO_DeInit
 1361              	.LVL65:
 1362              		.loc 1 489 1 view .LVU405
 1363 003c E8E7     		b	.L91
 1364              	.L98:
 1365 003e 00BF     		.align	2
 1366              	.L97:
 1367 0040 00040040 		.word	1073742848
 1368 0044 000C0040 		.word	1073744896
 1369 0048 00040240 		.word	1073873920
 1370 004c 00000240 		.word	1073872896
 1371              		.cfi_endproc
 1372              	.LFE249:
 1374              		.section	.text.HAL_TIM_Base_MspDeInit,"ax",%progbits
 1375              		.align	1
 1376              		.global	HAL_TIM_Base_MspDeInit
 1377              		.syntax unified
ARM GAS  /tmp/ccigZTgq.s 			page 38


 1378              		.thumb
 1379              		.thumb_func
 1381              	HAL_TIM_Base_MspDeInit:
 1382              	.LVL66:
 1383              	.LFB250:
 490:Core/Src/tim.c **** 
 491:Core/Src/tim.c **** void HAL_TIM_Base_MspDeInit(TIM_HandleTypeDef* tim_baseHandle)
 492:Core/Src/tim.c **** {
 1384              		.loc 1 492 1 is_stmt 1 view -0
 1385              		.cfi_startproc
 1386              		@ args = 0, pretend = 0, frame = 0
 1387              		@ frame_needed = 0, uses_anonymous_args = 0
 1388              		@ link register save eliminated.
 493:Core/Src/tim.c **** 
 494:Core/Src/tim.c ****   if(tim_baseHandle->Instance==TIM10)
 1389              		.loc 1 494 3 view .LVU407
 1390              		.loc 1 494 20 is_stmt 0 view .LVU408
 1391 0000 0368     		ldr	r3, [r0]
 1392              		.loc 1 494 5 view .LVU409
 1393 0002 0A4A     		ldr	r2, .L104
 1394 0004 9342     		cmp	r3, r2
 1395 0006 03D0     		beq	.L102
 495:Core/Src/tim.c ****   {
 496:Core/Src/tim.c ****   /* USER CODE BEGIN TIM10_MspDeInit 0 */
 497:Core/Src/tim.c **** 
 498:Core/Src/tim.c ****   /* USER CODE END TIM10_MspDeInit 0 */
 499:Core/Src/tim.c ****     /* Peripheral clock disable */
 500:Core/Src/tim.c ****     __HAL_RCC_TIM10_CLK_DISABLE();
 501:Core/Src/tim.c ****   /* USER CODE BEGIN TIM10_MspDeInit 1 */
 502:Core/Src/tim.c **** 
 503:Core/Src/tim.c ****   /* USER CODE END TIM10_MspDeInit 1 */
 504:Core/Src/tim.c ****   }
 505:Core/Src/tim.c ****   else if(tim_baseHandle->Instance==TIM11)
 1396              		.loc 1 505 8 is_stmt 1 view .LVU410
 1397              		.loc 1 505 10 is_stmt 0 view .LVU411
 1398 0008 094A     		ldr	r2, .L104+4
 1399 000a 9342     		cmp	r3, r2
 1400 000c 07D0     		beq	.L103
 1401              	.L99:
 506:Core/Src/tim.c ****   {
 507:Core/Src/tim.c ****   /* USER CODE BEGIN TIM11_MspDeInit 0 */
 508:Core/Src/tim.c **** 
 509:Core/Src/tim.c ****   /* USER CODE END TIM11_MspDeInit 0 */
 510:Core/Src/tim.c ****     /* Peripheral clock disable */
 511:Core/Src/tim.c ****     __HAL_RCC_TIM11_CLK_DISABLE();
 512:Core/Src/tim.c ****   /* USER CODE BEGIN TIM11_MspDeInit 1 */
 513:Core/Src/tim.c **** 
 514:Core/Src/tim.c ****   /* USER CODE END TIM11_MspDeInit 1 */
 515:Core/Src/tim.c ****   }
 516:Core/Src/tim.c **** }
 1402              		.loc 1 516 1 view .LVU412
 1403 000e 7047     		bx	lr
 1404              	.L102:
 500:Core/Src/tim.c ****   /* USER CODE BEGIN TIM10_MspDeInit 1 */
 1405              		.loc 1 500 5 is_stmt 1 view .LVU413
 1406 0010 02F57442 		add	r2, r2, #62464
 1407 0014 536C     		ldr	r3, [r2, #68]
ARM GAS  /tmp/ccigZTgq.s 			page 39


 1408 0016 23F40033 		bic	r3, r3, #131072
 1409 001a 5364     		str	r3, [r2, #68]
 1410 001c 7047     		bx	lr
 1411              	.L103:
 511:Core/Src/tim.c ****   /* USER CODE BEGIN TIM11_MspDeInit 1 */
 1412              		.loc 1 511 5 view .LVU414
 1413 001e 02F57042 		add	r2, r2, #61440
 1414 0022 536C     		ldr	r3, [r2, #68]
 1415 0024 23F48023 		bic	r3, r3, #262144
 1416 0028 5364     		str	r3, [r2, #68]
 1417              		.loc 1 516 1 is_stmt 0 view .LVU415
 1418 002a F0E7     		b	.L99
 1419              	.L105:
 1420              		.align	2
 1421              	.L104:
 1422 002c 00440140 		.word	1073824768
 1423 0030 00480140 		.word	1073825792
 1424              		.cfi_endproc
 1425              	.LFE250:
 1427              		.global	htim11
 1428              		.section	.bss.htim11,"aw",%nobits
 1429              		.align	2
 1432              	htim11:
 1433 0000 00000000 		.space	72
 1433      00000000 
 1433      00000000 
 1433      00000000 
 1433      00000000 
 1434              		.global	htim10
 1435              		.section	.bss.htim10,"aw",%nobits
 1436              		.align	2
 1439              	htim10:
 1440 0000 00000000 		.space	72
 1440      00000000 
 1440      00000000 
 1440      00000000 
 1440      00000000 
 1441              		.global	htim5
 1442              		.section	.bss.htim5,"aw",%nobits
 1443              		.align	2
 1446              	htim5:
 1447 0000 00000000 		.space	72
 1447      00000000 
 1447      00000000 
 1447      00000000 
 1447      00000000 
 1448              		.global	htim3
 1449              		.section	.bss.htim3,"aw",%nobits
 1450              		.align	2
 1453              	htim3:
 1454 0000 00000000 		.space	72
 1454      00000000 
 1454      00000000 
 1454      00000000 
 1454      00000000 
 1455              		.global	htim1
 1456              		.section	.bss.htim1,"aw",%nobits
ARM GAS  /tmp/ccigZTgq.s 			page 40


 1457              		.align	2
 1460              	htim1:
 1461 0000 00000000 		.space	72
 1461      00000000 
 1461      00000000 
 1461      00000000 
 1461      00000000 
 1462              		.text
 1463              	.Letext0:
 1464              		.file 2 "/usr/lib/gcc/arm-none-eabi/13.2.1/include/stdint.h"
 1465              		.file 3 "Drivers/CMSIS/Device/ST/STM32F4xx/Include/stm32f407xx.h"
 1466              		.file 4 "Drivers/STM32F4xx_HAL_Driver/Inc/stm32f4xx_hal_def.h"
 1467              		.file 5 "Drivers/STM32F4xx_HAL_Driver/Inc/stm32f4xx_hal_gpio.h"
 1468              		.file 6 "Drivers/STM32F4xx_HAL_Driver/Inc/stm32f4xx_hal_dma.h"
 1469              		.file 7 "Drivers/STM32F4xx_HAL_Driver/Inc/stm32f4xx_hal_tim.h"
 1470              		.file 8 "Core/Inc/tim.h"
 1471              		.file 9 "Drivers/STM32F4xx_HAL_Driver/Inc/stm32f4xx_hal_tim_ex.h"
 1472              		.file 10 "Core/Inc/main.h"
 1473              		.file 11 "<built-in>"
ARM GAS  /tmp/ccigZTgq.s 			page 41


DEFINED SYMBOLS
                            *ABS*:00000000 tim.c
     /tmp/ccigZTgq.s:21     .text.MX_TIM3_Init:00000000 $t
     /tmp/ccigZTgq.s:27     .text.MX_TIM3_Init:00000000 MX_TIM3_Init
     /tmp/ccigZTgq.s:137    .text.MX_TIM3_Init:0000005c $d
     /tmp/ccigZTgq.s:1453   .bss.htim3:00000000 htim3
     /tmp/ccigZTgq.s:143    .text.MX_TIM5_Init:00000000 $t
     /tmp/ccigZTgq.s:149    .text.MX_TIM5_Init:00000000 MX_TIM5_Init
     /tmp/ccigZTgq.s:259    .text.MX_TIM5_Init:0000005c $d
     /tmp/ccigZTgq.s:1446   .bss.htim5:00000000 htim5
     /tmp/ccigZTgq.s:265    .text.HAL_TIM_PWM_MspInit:00000000 $t
     /tmp/ccigZTgq.s:271    .text.HAL_TIM_PWM_MspInit:00000000 HAL_TIM_PWM_MspInit
     /tmp/ccigZTgq.s:319    .text.HAL_TIM_PWM_MspInit:00000028 $d
     /tmp/ccigZTgq.s:325    .text.HAL_TIM_Encoder_MspInit:00000000 $t
     /tmp/ccigZTgq.s:331    .text.HAL_TIM_Encoder_MspInit:00000000 HAL_TIM_Encoder_MspInit
     /tmp/ccigZTgq.s:495    .text.HAL_TIM_Encoder_MspInit:000000a4 $d
     /tmp/ccigZTgq.s:504    .text.HAL_TIM_Base_MspInit:00000000 $t
     /tmp/ccigZTgq.s:510    .text.HAL_TIM_Base_MspInit:00000000 HAL_TIM_Base_MspInit
     /tmp/ccigZTgq.s:588    .text.HAL_TIM_Base_MspInit:00000048 $d
     /tmp/ccigZTgq.s:595    .text.HAL_TIM_MspPostInit:00000000 $t
     /tmp/ccigZTgq.s:601    .text.HAL_TIM_MspPostInit:00000000 HAL_TIM_MspPostInit
     /tmp/ccigZTgq.s:782    .text.HAL_TIM_MspPostInit:000000bc $d
     /tmp/ccigZTgq.s:792    .text.MX_TIM1_Init:00000000 $t
     /tmp/ccigZTgq.s:798    .text.MX_TIM1_Init:00000000 MX_TIM1_Init
     /tmp/ccigZTgq.s:999    .text.MX_TIM1_Init:000000c4 $d
     /tmp/ccigZTgq.s:1460   .bss.htim1:00000000 htim1
     /tmp/ccigZTgq.s:1005   .text.MX_TIM10_Init:00000000 $t
     /tmp/ccigZTgq.s:1011   .text.MX_TIM10_Init:00000000 MX_TIM10_Init
     /tmp/ccigZTgq.s:1125   .text.MX_TIM10_Init:0000006c $d
     /tmp/ccigZTgq.s:1439   .bss.htim10:00000000 htim10
     /tmp/ccigZTgq.s:1131   .text.MX_TIM11_Init:00000000 $t
     /tmp/ccigZTgq.s:1137   .text.MX_TIM11_Init:00000000 MX_TIM11_Init
     /tmp/ccigZTgq.s:1251   .text.MX_TIM11_Init:0000006c $d
     /tmp/ccigZTgq.s:1432   .bss.htim11:00000000 htim11
     /tmp/ccigZTgq.s:1257   .text.HAL_TIM_PWM_MspDeInit:00000000 $t
     /tmp/ccigZTgq.s:1263   .text.HAL_TIM_PWM_MspDeInit:00000000 HAL_TIM_PWM_MspDeInit
     /tmp/ccigZTgq.s:1292   .text.HAL_TIM_PWM_MspDeInit:00000018 $d
     /tmp/ccigZTgq.s:1298   .text.HAL_TIM_Encoder_MspDeInit:00000000 $t
     /tmp/ccigZTgq.s:1304   .text.HAL_TIM_Encoder_MspDeInit:00000000 HAL_TIM_Encoder_MspDeInit
     /tmp/ccigZTgq.s:1367   .text.HAL_TIM_Encoder_MspDeInit:00000040 $d
     /tmp/ccigZTgq.s:1375   .text.HAL_TIM_Base_MspDeInit:00000000 $t
     /tmp/ccigZTgq.s:1381   .text.HAL_TIM_Base_MspDeInit:00000000 HAL_TIM_Base_MspDeInit
     /tmp/ccigZTgq.s:1422   .text.HAL_TIM_Base_MspDeInit:0000002c $d
     /tmp/ccigZTgq.s:1429   .bss.htim11:00000000 $d
     /tmp/ccigZTgq.s:1436   .bss.htim10:00000000 $d
     /tmp/ccigZTgq.s:1443   .bss.htim5:00000000 $d
     /tmp/ccigZTgq.s:1450   .bss.htim3:00000000 $d
     /tmp/ccigZTgq.s:1457   .bss.htim1:00000000 $d

UNDEFINED SYMBOLS
memset
HAL_TIM_Encoder_Init
HAL_TIMEx_MasterConfigSynchronization
Error_Handler
HAL_GPIO_Init
HAL_TIM_PWM_Init
HAL_TIM_PWM_ConfigChannel
ARM GAS  /tmp/ccigZTgq.s 			page 42


HAL_TIMEx_ConfigBreakDeadTime
HAL_TIM_Base_Init
HAL_GPIO_DeInit
